// Font VLW tieng Viet cho man canh bao (auto-gen tu DejaVuSans).
// vietLon = Bold 22px (tieu de/hotline), vietVua = 16px (dong phu). loadFont()/unloadFont().
#pragma once
// Font VLW tieng Viet (auto-gen tu DejaVuSans-Bold.ttf @ 22px) - dung cho TFT_eSPI loadFont()
// 229 glyph, 64875 byte
const uint8_t vietLon[] PROGMEM = {
  0x00,0x00,0x00,0xE5,0x00,0x00,0x00,0x0B,0x00,0x00,0x00,0x16,0x00,0x00,0x00,0x00,0x00,0x00,0x00,0x19,
  0x00,0x00,0x00,0x05,0x00,0x00,0x00,0x20,0x00,0x00,0x00,0x00,0x00,0x00,0x00,0x00,0x00,0x00,0x00,0x08,
  0x00,0x00,0x00,0x00,0x00,0x00,0x00,0x00,0x00,0x00,0x00,0x00,0x00,0x00,0x00,0x21,0x00,0x00,0x00,0x10,
  0x00,0x00,0x00,0x04,0x00,0x00,0x00,0x0A,0x00,0x00,0x00,0x10,0x00,0x00,0x00,0x03,0x00,0x00,0x00,0x00,
  0x00,0x00,0x00,0x22,0x00,0x00,0x00,0x06,0x00,0x00,0x00,0x08,0x00,0x00,0x00,0x0B,0x00,0x00,0x00,0x10,
  0x00,0x00,0x00,0x02,0x00,0x00,0x00,0x00,0x00,0x00,0x00,0x23,0x00,0x00,0x00,0x10,0x00,0x00,0x00,0x10,
  0x00,0x00,0x00,0x12,0x00,0x00,0x00,0x10,0x00,0x00,0x00,0x01,0x00,0x00,0x00,0x00,0x00,0x00,0x00,0x24,
  0x00,0x00,0x00,0x13,0x00,0x00,0x00,0x0D,0x00,0x00,0x00,0x0F,0x00,0x00,0x00,0x10,0x00,0x00,0x00,0x01,
  0x00,0x00,0x00,0x00,0x00,0x00,0x00,0x25,0x00,0x00,0x00,0x10,0x00,0x00,0x00,0x16,0x00,0x00,0x00,0x16,
  0x00,0x00,0x00,0x10,0x00,0x00,0x00,0x00,0x00,0x00,0x00,0x00,0x00,0x00,0x00,0x26,0x00,0x00,0x00,0x10,
  0x00,0x00,0x00,0x12,0x00,0x00,0x00,0x13,0x00,0x00,0x00,0x10,0x00,0x00,0x00,0x01,0x00,0x00,0x00,0x00,
  0x00,0x00,0x00,0x27,0x00,0x00,0x00,0x06,0x00,0x00,0x00,0x03,0x00,0x00,0x00,0x07,0x00,0x00,0x00,0x10,
  0x00,0x00,0x00,0x02,0x00,0x00,0x00,0x00,0x00,0x00,0x00,0x28,0x00,0x00,0x00,0x14,0x00,0x00,0x00,0x08,
  0x00,0x00,0x00,0x0A,0x00,0x00,0x00,0x11,0x00,0x00,0x00,0x01,0x00,0x00,0x00,0x00,0x00,0x00,0x00,0x29,
  0x00,0x00,0x00,0x14,0x00,0x00,0x00,0x08,0x00,0x00,0x00,0x0A,0x00,0x00,0x00,0x11,0x00,0x00,0x00,0x01,
  0x00,0x00,0x00,0x00,0x00,0x00,0x00,0x2A,0x00,0x00,0x00,0x0A,0x00,0x00,0x00,0x0C,0x00,0x00,0x00,0x0C,
  0x00,0x00,0x00,0x10,0x00,0x00,0x00,0x00,0x00,0x00,0x00,0x00,0x00,0x00,0x00,0x2B,0x00,0x00,0x00,0x0D,
  0x00,0x00,0x00,0x0F,0x00,0x00,0x00,0x12,0x00,0x00,0x00,0x0D,0x00,0x00,0x00,0x02,0x00,0x00,0x00,0x00,
  0x00,0x00,0x00,0x2C,0x00,0x00,0x00,0x07,0x00,0x00,0x00,0x06,0x00,0x00,0x00,0x08,0x00,0x00,0x00,0x04,
  0x00,0x00,0x00,0x01,0x00,0x00,0x00,0x00,0x00,0x00,0x00,0x2D,0x00,0x00,0x00,0x03,0x00,0x00,0x00,0x07,
  0x00,0x00,0x00,0x09,0x00,0x00,0x00,0x08,0x00,0x00,0x00,0x01,0x00,0x00,0x00,0x00,0x00,0x00,0x00,0x2E,
  0x00,0x00,0x00,0x04,0x00,0x00,0x00,0x05,0x00,0x00,0x00,0x08,0x00,0x00,0x00,0x04,0x00,0x00,0x00,0x02,
  0x00,0x00,0x00,0x00,0x00,0x00,0x00,0x2F,0x00,0x00,0x00,0x12,0x00,0x00,0x00,0x09,0x00,0x00,0x00,0x08,
  0x00,0x00,0x00,0x10,0x00,0x00,0x00,0x00,0x00,0x00,0x00,0x00,0x00,0x00,0x00,0x30,0x00,0x00,0x00,0x10,
  0x00,0x00,0x00,0x0E,0x00,0x00,0x00,0x0F,0x00,0x00,0x00,0x10,0x00,0x00,0x00,0x01,0x00,0x00,0x00,0x00,
  0x00,0x00,0x00,0x31,0x00,0x00,0x00,0x10,0x00,0x00,0x00,0x0C,0x00,0x00,0x00,0x0F,0x00,0x00,0x00,0x10,
  0x00,0x00,0x00,0x02,0x00,0x00,0x00,0x00,0x00,0x00,0x00,0x32,0x00,0x00,0x00,0x10,0x00,0x00,0x00,0x0D,
  0x00,0x00,0x00,0x0F,0x00,0x00,0x00,0x10,0x00,0x00,0x00,0x01,0x00,0x00,0x00,0x00,0x00,0x00,0x00,0x33,
  0x00,0x00,0x00,0x10,0x00,0x00,0x00,0x0D,0x00,0x00,0x00,0x0F,0x00,0x00,0x00,0x10,0x00,0x00,0x00,0x01,
  0x00,0x00,0x00,0x00,0x00,0x00,0x00,0x34,0x00,0x00,0x00,0x10,0x00,0x00,0x00,0x0F,0x00,0x00,0x00,0x0F,
  0x00,0x00,0x00,0x10,0x00,0x00,0x00,0x00,0x00,0x00,0x00,0x00,0x00,0x00,0x00,0x35,0x00,0x00,0x00,0x10,
  0x00,0x00,0x00,0x0D,0x00,0x00,0x00,0x0F,0x00,0x00,0x00,0x10,0x00,0x00,0x00,0x01,0x00,0x00,0x00,0x00,
  0x00,0x00,0x00,0x36,0x00,0x00,0x00,0x10,0x00,0x00,0x00,0x0E,0x00,0x00,0x00,0x0F,0x00,0x00,0x00,0x10,
  0x00,0x00,0x00,0x01,0x00,0x00,0x00,0x00,0x00,0x00,0x00,0x37,0x00,0x00,0x00,0x10,0x00,0x00,0x00,0x0D,
  0x00,0x00,0x00,0x0F,0x00,0x00,0x00,0x10,0x00,0x00,0x00,0x01,0x00,0x00,0x00,0x00,0x00,0x00,0x00,0x38,
  0x00,0x00,0x00,0x10,0x00,0x00,0x00,0x0D,0x00,0x00,0x00,0x0F,0x00,0x00,0x00,0x10,0x00,0x00,0x00,0x01,
  0x00,0x00,0x00,0x00,0x00,0x00,0x00,0x39,0x00,0x00,0x00,0x10,0x00,0x00,0x00,0x0D,0x00,0x00,0x00,0x0F,
  0x00,0x00,0x00,0x10,0x00,0x00,0x00,0x01,0x00,0x00,0x00,0x00,0x00,0x00,0x00,0x3A,0x00,0x00,0x00,0x0C,
  0x00,0x00,0x00,0x05,0x00,0x00,0x00,0x09,0x00,0x00,0x00,0x0C,0x00,0x00,0x00,0x02,0x00,0x00,0x00,0x00,
  0x00,0x00,0x00,0x3B,0x00,0x00,0x00,0x0F,0x00,0x00,0x00,0x06,0x00,0x00,0x00,0x09,0x00,0x00,0x00,0x0C,
  0x00,0x00,0x00,0x01,0x00,0x00,0x00,0x00,0x00,0x00,0x00,0x3C,0x00,0x00,0x00,0x0C,0x00,0x00,0x00,0x0F,
  0x00,0x00,0x00,0x12,0x00,0x00,0x00,0x0D,0x00,0x00,0x00,0x02,0x00,0x00,0x00,0x00,0x00,0x00,0x00,0x3D,
  0x00,0x00,0x00,0x08,0x00,0x00,0x00,0x0F,0x00,0x00,0x00,0x12,0x00,0x00,0x00,0x0B,0x00,0x00,0x00,0x02,
  0x00,0x00,0x00,0x00,0x00,0x00,0x00,0x3E,0x00,0x00,0x00,0x0C,0x00,0x00,0x00,0x0F,0x00,0x00,0x00,0x12,
  0x00,0x00,0x00,0x0D,0x00,0x00,0x00,0x02,0x00,0x00,0x00,0x00,0x00,0x00,0x00,0x3F,0x00,0x00,0x00,0x10,
  0x00,0x00,0x00,0x0B,0x00,0x00,0x00,0x0D,0x00,0x00,0x00,0x10,0x00,0x00,0x00,0x01,0x00,0x00,0x00,0x00,
  0x00,0x00,0x00,0x40,0x00,0x00,0x00,0x13,0x00,0x00,0x00,0x14,0x00,0x00,0x00,0x16,0x00,0x00,0x00,0x10,
  0x00,0x00,0x00,0x01,0x00,0x00,0x00,0x00,0x00,0x00,0x00,0x41,0x00,0x00,0x00,0x10,0x00,0x00,0x00,0x11,
  0x00,0x00,0x00,0x11,0x00,0x00,0x00,0x10,0x00,0x00,0x00,0x00,0x00,0x00,0x00,0x00,0x00,0x00,0x00,0x42,
  0x00,0x00,0x00,0x10,0x00,0x00,0x00,0x0E,0x00,0x00,0x00,0x11,0x00,0x00,0x00,0x10,0x00,0x00,0x00,0x02,
  0x00,0x00,0x00,0x00,0x00,0x00,0x00,0x43,0x00,0x00,0x00,0x10,0x00,0x00,0x00,0x0E,0x00,0x00,0x00,0x10,
  0x00,0x00,0x00,0x10,0x00,0x00,0x00,0x01,0x00,0x00,0x00,0x00,0x00,0x00,0x00,0x44,0x00,0x00,0x00,0x10,
  0x00,0x00,0x00,0x10,0x00,0x00,0x00,0x12,0x00,0x00,0x00,0x10,0x00,0x00,0x00,0x02,0x00,0x00,0x00,0x00,
  0x00,0x00,0x00,0x45,0x00,0x00,0x00,0x10,0x00,0x00,0x00,0x0C,0x00,0x00,0x00,0x0F,0x00,0x00,0x00,0x10,
  0x00,0x00,0x00,0x02,0x00,0x00,0x00,0x00,0x00,0x00,0x00,0x46,0x00,0x00,0x00,0x10,0x00,0x00,0x00,0x0C,
  0x00,0x00,0x00,0x0F,0x00,0x00,0x00,0x10,0x00,0x00,0x00,0x02,0x00,0x00,0x00,0x00,0x00,0x00,0x00,0x47,
  0x00,0x00,0x00,0x10,0x00,0x00,0x00,0x10,0x00,0x00,0x00,0x12,0x00,0x00,0x00,0x10,0x00,0x00,0x00,0x01,
  0x00,0x00,0x00,0x00,0x00,0x00,0x00,0x48,0x00,0x00,0x00,0x10,0x00,0x00,0x00,0x0F,0x00,0x00,0x00,0x12,
  0x00,0x00,0x00,0x10,0x00,0x00,0x00,0x02,0x00,0x00,0x00,0x00,0x00,0x00,0x00,0x49,0x00,0x00,0x00,0x10,
  0x00,0x00,0x00,0x05,0x00,0x00,0x00,0x08,0x00,0x00,0x00,0x10,0x00,0x00,0x00,0x02,0x00,0x00,0x00,0x00,
  0x00,0x00,0x00,0x4A,0x00,0x00,0x00,0x14,0x00,0x00,0x00,0x09,0x00,0x00,0x00,0x08,0x00,0x00,0x00,0x10,
  0xFF,0xFF,0xFF,0xFE,0x00,0x00,0x00,0x00,0x00,0x00,0x00,0x4B,0x00,0x00,0x00,0x10,0x00,0x00,0x00,0x10,
  0x00,0x00,0x00,0x11,0x00,0x00,0x00,0x10,0x00,0x00,0x00,0x02,0x00,0x00,0x00,0x00,0x00,0x00,0x00,0x4C,
  0x00,0x00,0x00,0x10,0x00,0x00,0x00,0x0C,0x00,0x00,0x00,0x0E,0x00,0x00,0x00,0x10,0x00,0x00,0x00,0x02,
  0x00,0x00,0x00,0x00,0x00,0x00,0x00,0x4D,0x00,0x00,0x00,0x10,0x00,0x00,0x00,0x12,0x00,0x00,0x00,0x16,
  0x00,0x00,0x00,0x10,0x00,0x00,0x00,0x02,0x00,0x00,0x00,0x00,0x00,0x00,0x00,0x4E,0x00,0x00,0x00,0x10,
  0x00,0x00,0x00,0x0F,0x00,0x00,0x00,0x12,0x00,0x00,0x00,0x10,0x00,0x00,0x00,0x02,0x00,0x00,0x00,0x00,
  0x00,0x00,0x00,0x4F,0x00,0x00,0x00,0x10,0x00,0x00,0x00,0x11,0x00,0x00,0x00,0x13,0x00,0x00,0x00,0x10,
  0x00,0x00,0x00,0x01,0x00,0x00,0x00,0x00,0x00,0x00,0x00,0x50,0x00,0x00,0x00,0x10,0x00,0x00,0x00,0x0E,
  0x00,0x00,0x00,0x10,0x00,0x00,0x00,0x10,0x00,0x00,0x00,0x02,0x00,0x00,0x00,0x00,0x00,0x00,0x00,0x51,
  0x00,0x00,0x00,0x13,0x00,0x00,0x00,0x11,0x00,0x00,0x00,0x13,0x00,0x00,0x00,0x10,0x00,0x00,0x00,0x01,
  0x00,0x00,0x00,0x00,0x00,0x00,0x00,0x52,0x00,0x00,0x00,0x10,0x00,0x00,0x00,0x0F,0x00,0x00,0x00,0x11,
  0x00,0x00,0x00,0x10,0x00,0x00,0x00,0x02,0x00,0x00,0x00,0x00,0x00,0x00,0x00,0x53,0x00,0x00,0x00,0x10,
  0x00,0x00,0x00,0x0E,0x00,0x00,0x00,0x10,0x00,0x00,0x00,0x10,0x00,0x00,0x00,0x01,0x00,0x00,0x00,0x00,
  0x00,0x00,0x00,0x54,0x00,0x00,0x00,0x10,0x00,0x00,0x00,0x0F,0x00,0x00,0x00,0x0F,0x00,0x00,0x00,0x10,
  0x00,0x00,0x00,0x00,0x00,0x00,0x00,0x00,0x00,0x00,0x00,0x55,0x00,0x00,0x00,0x10,0x00,0x00,0x00,0x0E,
  0x00,0x00,0x00,0x12,0x00,0x00,0x00,0x10,0x00,0x00,0x00,0x02,0x00,0x00,0x00,0x00,0x00,0x00,0x00,0x56,
  0x00,0x00,0x00,0x10,0x00,0x00,0x00,0x11,0x00,0x00,0x00,0x11,0x00,0x00,0x00,0x10,0x00,0x00,0x00,0x00,
  0x00,0x00,0x00,0x00,0x00,0x00,0x00,0x57,0x00,0x00,0x00,0x10,0x00,0x00,0x00,0x18,0x00,0x00,0x00,0x18,
  0x00,0x00,0x00,0x10,0x00,0x00,0x00,0x00,0x00,0x00,0x00,0x00,0x00,0x00,0x00,0x58,0x00,0x00,0x00,0x10,
  0x00,0x00,0x00,0x11,0x00,0x00,0x00,0x11,0x00,0x00,0x00,0x10,0x00,0x00,0x00,0x00,0x00,0x00,0x00,0x00,
  0x00,0x00,0x00,0x59,0x00,0x00,0x00,0x10,0x00,0x00,0x00,0x12,0x00,0x00,0x00,0x10,0x00,0x00,0x00,0x10,
  0xFF,0xFF,0xFF,0xFF,0x00,0x00,0x00,0x00,0x00,0x00,0x00,0x5A,0x00,0x00,0x00,0x10,0x00,0x00,0x00,0x0F,
  0x00,0x00,0x00,0x10,0x00,0x00,0x00,0x10,0x00,0x00,0x00,0x00,0x00,0x00,0x00,0x00,0x00,0x00,0x00,0x5B,
  0x00,0x00,0x00,0x14,0x00,0x00,0x00,0x08,0x00,0x00,0x00,0x0A,0x00,0x00,0x00,0x11,0x00,0x00,0x00,0x01,
  0x00,0x00,0x00,0x00,0x00,0x00,0x00,0x5C,0x00,0x00,0x00,0x12,0x00,0x00,0x00,0x09,0x00,0x00,0x00,0x08,
  0x00,0x00,0x00,0x10,0x00,0x00,0x00,0x00,0x00,0x00,0x00,0x00,0x00,0x00,0x00,0x5D,0x00,0x00,0x00,0x14,
  0x00,0x00,0x00,0x08,0x00,0x00,0x00,0x0A,0x00,0x00,0x00,0x11,0x00,0x00,0x00,0x01,0x00,0x00,0x00,0x00,
  0x00,0x00,0x00,0x5E,0x00,0x00,0x00,0x06,0x00,0x00,0x00,0x0F,0x00,0x00,0x00,0x12,0x00,0x00,0x00,0x10,
  0x00,0x00,0x00,0x02,0x00,0x00,0x00,0x00,0x00,0x00,0x00,0x5F,0x00,0x00,0x00,0x02,0x00,0x00,0x00,0x0B,
  0x00,0x00,0x00,0x0B,0xFF,0xFF,0xFF,0xFD,0x00,0x00,0x00,0x00,0x00,0x00,0x00,0x00,0x00,0x00,0x00,0x60,
  0x00,0x00,0x00,0x04,0x00,0x00,0x00,0x07,0x00,0x00,0x00,0x0B,0x00,0x00,0x00,0x12,0x00,0x00,0x00,0x01,
  0x00,0x00,0x00,0x00,0x00,0x00,0x00,0x61,0x00,0x00,0x00,0x0C,0x00,0x00,0x00,0x0E,0x00,0x00,0x00,0x0F,
  0x00,0x00,0x00,0x0C,0x00,0x00,0x00,0x00,0x00,0x00,0x00,0x00,0x00,0x00,0x00,0x62,0x00,0x00,0x00,0x11,
  0x00,0x00,0x00,0x0E,0x00,0x00,0x00,0x10,0x00,0x00,0x00,0x11,0x00,0x00,0x00,0x01,0x00,0x00,0x00,0x00,
  0x00,0x00,0x00,0x63,0x00,0x00,0x00,0x0C,0x00,0x00,0x00,0x0C,0x00,0x00,0x00,0x0D,0x00,0x00,0x00,0x0C,
  0x00,0x00,0x00,0x00,0x00,0x00,0x00,0x00,0x00,0x00,0x00,0x64,0x00,0x00,0x00,0x11,0x00,0x00,0x00,0x0E,
  0x00,0x00,0x00,0x10,0x00,0x00,0x00,0x11,0x00,0x00,0x00,0x00,0x00,0x00,0x00,0x00,0x00,0x00,0x00,0x65,
  0x00,0x00,0x00,0x0C,0x00,0x00,0x00,0x0E,0x00,0x00,0x00,0x0F,0x00,0x00,0x00,0x0C,0x00,0x00,0x00,0x00,
  0x00,0x00,0x00,0x00,0x00,0x00,0x00,0x66,0x00,0x00,0x00,0x11,0x00,0x00,0x00,0x0A,0x00,0x00,0x00,0x0A,
  0x00,0x00,0x00,0x11,0x00,0x00,0x00,0x00,0x00,0x00,0x00,0x00,0x00,0x00,0x00,0x67,0x00,0x00,0x00,0x11,
  0x00,0x00,0x00,0x0E,0x00,0x00,0x00,0x10,0x00,0x00,0x00,0x0C,0x00,0x00,0x00,0x00,0x00,0x00,0x00,0x00,
  0x00,0x00,0x00,0x68,0x00,0x00,0x00,0x11,0x00,0x00,0x00,0x0D,0x00,0x00,0x00,0x10,0x00,0x00,0x00,0x11,
  0x00,0x00,0x00,0x01,0x00,0x00,0x00,0x00,0x00,0x00,0x00,0x69,0x00,0x00,0x00,0x11,0x00,0x00,0x00,0x05,
  0x00,0x00,0x00,0x08,0x00,0x00,0x00,0x11,0x00,0x00,0x00,0x01,0x00,0x00,0x00,0x00,0x00,0x00,0x00,0x6A,
  0x00,0x00,0x00,0x16,0x00,0x00,0x00,0x07,0x00,0x00,0x00,0x08,0x00,0x00,0x00,0x11,0xFF,0xFF,0xFF,0xFF,
  0x00,0x00,0x00,0x00,0x00,0x00,0x00,0x6B,0x00,0x00,0x00,0x11,0x00,0x00,0x00,0x0F,0x00,0x00,0x00,0x0F,
  0x00,0x00,0x00,0x11,0x00,0x00,0x00,0x01,0x00,0x00,0x00,0x00,0x00,0x00,0x00,0x6C,0x00,0x00,0x00,0x11,
  0x00,0x00,0x00,0x05,0x00,0x00,0x00,0x08,0x00,0x00,0x00,0x11,0x00,0x00,0x00,0x01,0x00,0x00,0x00,0x00,
  0x00,0x00,0x00,0x6D,0x00,0x00,0x00,0x0C,0x00,0x00,0x00,0x15,0x00,0x00,0x00,0x17,0x00,0x00,0x00,0x0C,
  0x00,0x00,0x00,0x01,0x00,0x00,0x00,0x00,0x00,0x00,0x00,0x6E,0x00,0x00,0x00,0x0C,0x00,0x00,0x00,0x0D,
  0x00,0x00,0x00,0x10,0x00,0x00,0x00,0x0C,0x00,0x00,0x00,0x01,0x00,0x00,0x00,0x00,0x00,0x00,0x00,0x6F,
  0x00,0x00,0x00,0x0C,0x00,0x00,0x00,0x0F,0x00,0x00,0x00,0x0F,0x00,0x00,0x00,0x0C,0x00,0x00,0x00,0x00,
  0x00,0x00,0x00,0x00,0x00,0x00,0x00,0x70,0x00,0x00,0x00,0x11,0x00,0x00,0x00,0x0E,0x00,0x00,0x00,0x10,
  0x00,0x00,0x00,0x0C,0x00,0x00,0x00,0x01,0x00,0x00,0x00,0x00,0x00,0x00,0x00,0x71,0x00,0x00,0x00,0x11,
  0x00,0x00,0x00,0x0E,0x00,0x00,0x00,0x10,0x00,0x00,0x00,0x0C,0x00,0x00,0x00,0x00,0x00,0x00,0x00,0x00,
  0x00,0x00,0x00,0x72,0x00,0x00,0x00,0x0C,0x00,0x00,0x00,0x0A,0x00,0x00,0x00,0x0B,0x00,0x00,0x00,0x0C,
  0x00,0x00,0x00,0x01,0x00,0x00,0x00,0x00,0x00,0x00,0x00,0x73,0x00,0x00,0x00,0x0C,0x00,0x00,0x00,0x0C,
  0x00,0x00,0x00,0x0D,0x00,0x00,0x00,0x0C,0x00,0x00,0x00,0x01,0x00,0x00,0x00,0x00,0x00,0x00,0x00,0x74,
  0x00,0x00,0x00,0x0F,0x00,0x00,0x00,0x0B,0x00,0x00,0x00,0x0B,0x00,0x00,0x00,0x0F,0x00,0x00,0x00,0x00,
  0x00,0x00,0x00,0x00,0x00,0x00,0x00,0x75,0x00,0x00,0x00,0x0C,0x00,0x00,0x00,0x0D,0x00,0x00,0x00,0x10,
  0x00,0x00,0x00,0x0C,0x00,0x00,0x00,0x01,0x00,0x00,0x00,0x00,0x00,0x00,0x00,0x76,0x00,0x00,0x00,0x0C,
  0x00,0x00,0x00,0x0F,0x00,0x00,0x00,0x0E,0x00,0x00,0x00,0x0C,0x00,0x00,0x00,0x00,0x00,0x00,0x00,0x00,
  0x00,0x00,0x00,0x77,0x00,0x00,0x00,0x0C,0x00,0x00,0x00,0x14,0x00,0x00,0x00,0x14,0x00,0x00,0x00,0x0C,
  0x00,0x00,0x00,0x00,0x00,0x00,0x00,0x00,0x00,0x00,0x00,0x78,0x00,0x00,0x00,0x0C,0x00,0x00,0x00,0x0E,
  0x00,0x00,0x00,0x0E,0x00,0x00,0x00,0x0C,0x00,0x00,0x00,0x00,0x00,0x00,0x00,0x00,0x00,0x00,0x00,0x79,
  0x00,0x00,0x00,0x11,0x00,0x00,0x00,0x0E,0x00,0x00,0x00,0x0E,0x00,0x00,0x00,0x0C,0x00,0x00,0x00,0x00,
  0x00,0x00,0x00,0x00,0x00,0x00,0x00,0x7A,0x00,0x00,0x00,0x0C,0x00,0x00,0x00,0x0C,0x00,0x00,0x00,0x0D,
  0x00,0x00,0x00,0x0C,0x00,0x00,0x00,0x00,0x00,0x00,0x00,0x00,0x00,0x00,0x00,0x7B,0x00,0x00,0x00,0x14,
  0x00,0x00,0x00,0x0B,0x00,0x00,0x00,0x10,0x00,0x00,0x00,0x11,0x00,0x00,0x00,0x02,0x00,0x00,0x00,0x00,
  0x00,0x00,0x00,0x7C,0x00,0x00,0x00,0x16,0x00,0x00,0x00,0x04,0x00,0x00,0x00,0x08,0x00,0x00,0x00,0x11,
  0x00,0x00,0x00,0x02,0x00,0x00,0x00,0x00,0x00,0x00,0x00,0x7D,0x00,0x00,0x00,0x14,0x00,0x00,0x00,0x0B,
  0x00,0x00,0x00,0x10,0x00,0x00,0x00,0x11,0x00,0x00,0x00,0x02,0x00,0x00,0x00,0x00,0x00,0x00,0x00,0x7E,
  0x00,0x00,0x00,0x06,0x00,0x00,0x00,0x0F,0x00,0x00,0x00,0x12,0x00,0x00,0x00,0x0A,0x00,0x00,0x00,0x02,
  0x00,0x00,0x00,0x00,0x00,0x00,0x00,0xC0,0x00,0x00,0x00,0x15,0x00,0x00,0x00,0x11,0x00,0x00,0x00,0x11,
  0x00,0x00,0x00,0x15,0x00,0x00,0x00,0x00,0x00,0x00,0x00,0x00,0x00,0x00,0x00,0xC1,0x00,0x00,0x00,0x15,
  0x00,0x00,0x00,0x11,0x00,0x00,0x00,0x11,0x00,0x00,0x00,0x15,0x00,0x00,0x00,0x00,0x00,0x00,0x00,0x00,
  0x00,0x00,0x00,0xC2,0x00,0x00,0x00,0x15,0x00,0x00,0x00,0x11,0x00,0x00,0x00,0x11,0x00,0x00,0x00,0x15,
  0x00,0x00,0x00,0x00,0x00,0x00,0x00,0x00,0x00,0x00,0x00,0xC3,0x00,0x00,0x00,0x15,0x00,0x00,0x00,0x11,
  0x00,0x00,0x00,0x11,0x00,0x00,0x00,0x15,0x00,0x00,0x00,0x00,0x00,0x00,0x00,0x00,0x00,0x00,0x00,0xC8,
  0x00,0x00,0x00,0x15,0x00,0x00,0x00,0x0C,0x00,0x00,0x00,0x0F,0x00,0x00,0x00,0x15,0x00,0x00,0x00,0x02,
  0x00,0x00,0x00,0x00,0x00,0x00,0x00,0xC9,0x00,0x00,0x00,0x15,0x00,0x00,0x00,0x0C,0x00,0x00,0x00,0x0F,
  0x00,0x00,0x00,0x15,0x00,0x00,0x00,0x02,0x00,0x00,0x00,0x00,0x00,0x00,0x00,0xCA,0x00,0x00,0x00,0x15,
  0x00,0x00,0x00,0x0C,0x00,0x00,0x00,0x0F,0x00,0x00,0x00,0x15,0x00,0x00,0x00,0x02,0x00,0x00,0x00,0x00,
  0x00,0x00,0x00,0xCC,0x00,0x00,0x00,0x15,0x00,0x00,0x00,0x07,0x00,0x00,0x00,0x08,0x00,0x00,0x00,0x15,
  0x00,0x00,0x00,0x00,0x00,0x00,0x00,0x00,0x00,0x00,0x00,0xCD,0x00,0x00,0x00,0x15,0x00,0x00,0x00,0x06,
  0x00,0x00,0x00,0x08,0x00,0x00,0x00,0x15,0x00,0x00,0x00,0x02,0x00,0x00,0x00,0x00,0x00,0x00,0x00,0xD2,
  0x00,0x00,0x00,0x15,0x00,0x00,0x00,0x11,0x00,0x00,0x00,0x13,0x00,0x00,0x00,0x15,0x00,0x00,0x00,0x01,
  0x00,0x00,0x00,0x00,0x00,0x00,0x00,0xD3,0x00,0x00,0x00,0x15,0x00,0x00,0x00,0x11,0x00,0x00,0x00,0x13,
  0x00,0x00,0x00,0x15,0x00,0x00,0x00,0x01,0x00,0x00,0x00,0x00,0x00,0x00,0x00,0xD4,0x00,0x00,0x00,0x15,
  0x00,0x00,0x00,0x11,0x00,0x00,0x00,0x13,0x00,0x00,0x00,0x15,0x00,0x00,0x00,0x01,0x00,0x00,0x00,0x00,
  0x00,0x00,0x00,0xD5,0x00,0x00,0x00,0x15,0x00,0x00,0x00,0x11,0x00,0x00,0x00,0x13,0x00,0x00,0x00,0x15,
  0x00,0x00,0x00,0x01,0x00,0x00,0x00,0x00,0x00,0x00,0x00,0xD9,0x00,0x00,0x00,0x15,0x00,0x00,0x00,0x0E,
  0x00,0x00,0x00,0x12,0x00,0x00,0x00,0x15,0x00,0x00,0x00,0x02,0x00,0x00,0x00,0x00,0x00,0x00,0x00,0xDA,
  0x00,0x00,0x00,0x15,0x00,0x00,0x00,0x0E,0x00,0x00,0x00,0x12,0x00,0x00,0x00,0x15,0x00,0x00,0x00,0x02,
  0x00,0x00,0x00,0x00,0x00,0x00,0x00,0xDD,0x00,0x00,0x00,0x15,0x00,0x00,0x00,0x12,0x00,0x00,0x00,0x10,
  0x00,0x00,0x00,0x15,0xFF,0xFF,0xFF,0xFF,0x00,0x00,0x00,0x00,0x00,0x00,0x00,0xE0,0x00,0x00,0x00,0x12,
  0x00,0x00,0x00,0x0E,0x00,0x00,0x00,0x0F,0x00,0x00,0x00,0x12,0x00,0x00,0x00,0x00,0x00,0x00,0x00,0x00,
  0x00,0x00,0x00,0xE1,0x00,0x00,0x00,0x12,0x00,0x00,0x00,0x0E,0x00,0x00,0x00,0x0F,0x00,0x00,0x00,0x12,
  0x00,0x00,0x00,0x00,0x00,0x00,0x00,0x00,0x00,0x00,0x00,0xE2,0x00,0x00,0x00,0x12,0x00,0x00,0x00,0x0E,
  0x00,0x00,0x00,0x0F,0x00,0x00,0x00,0x12,0x00,0x00,0x00,0x00,0x00,0x00,0x00,0x00,0x00,0x00,0x00,0xE3,
  0x00,0x00,0x00,0x12,0x00,0x00,0x00,0x0E,0x00,0x00,0x00,0x0F,0x00,0x00,0x00,0x12,0x00,0x00,0x00,0x00,
  0x00,0x00,0x00,0x00,0x00,0x00,0x00,0xE8,0x00,0x00,0x00,0x12,0x00,0x00,0x00,0x0E,0x00,0x00,0x00,0x0F,
  0x00,0x00,0x00,0x12,0x00,0x00,0x00,0x00,0x00,0x00,0x00,0x00,0x00,0x00,0x00,0xE9,0x00,0x00,0x00,0x12,
  0x00,0x00,0x00,0x0E,0x00,0x00,0x00,0x0F,0x00,0x00,0x00,0x12,0x00,0x00,0x00,0x00,0x00,0x00,0x00,0x00,
  0x00,0x00,0x00,0xEA,0x00,0x00,0x00,0x12,0x00,0x00,0x00,0x0E,0x00,0x00,0x00,0x0F,0x00,0x00,0x00,0x12,
  0x00,0x00,0x00,0x00,0x00,0x00,0x00,0x00,0x00,0x00,0x00,0xEC,0x00,0x00,0x00,0x12,0x00,0x00,0x00,0x07,
  0x00,0x00,0x00,0x08,0x00,0x00,0x00,0x12,0xFF,0xFF,0xFF,0xFF,0x00,0x00,0x00,0x00,0x00,0x00,0x00,0xED,
  0x00,0x00,0x00,0x12,0x00,0x00,0x00,0x08,0x00,0x00,0x00,0x08,0x00,0x00,0x00,0x12,0x00,0x00,0x00,0x01,
  0x00,0x00,0x00,0x00,0x00,0x00,0x00,0xF2,0x00,0x00,0x00,0x12,0x00,0x00,0x00,0x0F,0x00,0x00,0x00,0x0F,
  0x00,0x00,0x00,0x12,0x00,0x00,0x00,0x00,0x00,0x00,0x00,0x00,0x00,0x00,0x00,0xF3,0x00,0x00,0x00,0x12,
  0x00,0x00,0x00,0x0F,0x00,0x00,0x00,0x0F,0x00,0x00,0x00,0x12,0x00,0x00,0x00,0x00,0x00,0x00,0x00,0x00,
  0x00,0x00,0x00,0xF4,0x00,0x00,0x00,0x12,0x00,0x00,0x00,0x0F,0x00,0x00,0x00,0x0F,0x00,0x00,0x00,0x12,
  0x00,0x00,0x00,0x00,0x00,0x00,0x00,0x00,0x00,0x00,0x00,0xF5,0x00,0x00,0x00,0x12,0x00,0x00,0x00,0x0F,
  0x00,0x00,0x00,0x0F,0x00,0x00,0x00,0x12,0x00,0x00,0x00,0x00,0x00,0x00,0x00,0x00,0x00,0x00,0x00,0xF9,
  0x00,0x00,0x00,0x12,0x00,0x00,0x00,0x0D,0x00,0x00,0x00,0x10,0x00,0x00,0x00,0x12,0x00,0x00,0x00,0x01,
  0x00,0x00,0x00,0x00,0x00,0x00,0x00,0xFA,0x00,0x00,0x00,0x12,0x00,0x00,0x00,0x0D,0x00,0x00,0x00,0x10,
  0x00,0x00,0x00,0x12,0x00,0x00,0x00,0x01,0x00,0x00,0x00,0x00,0x00,0x00,0x00,0xFD,0x00,0x00,0x00,0x17,
  0x00,0x00,0x00,0x0E,0x00,0x00,0x00,0x0E,0x00,0x00,0x00,0x12,0x00,0x00,0x00,0x00,0x00,0x00,0x00,0x00,
  0x00,0x00,0x01,0x02,0x00,0x00,0x00,0x14,0x00,0x00,0x00,0x11,0x00,0x00,0x00,0x11,0x00,0x00,0x00,0x14,
  0x00,0x00,0x00,0x00,0x00,0x00,0x00,0x00,0x00,0x00,0x01,0x03,0x00,0x00,0x00,0x11,0x00,0x00,0x00,0x0E,
  0x00,0x00,0x00,0x0F,0x00,0x00,0x00,0x11,0x00,0x00,0x00,0x00,0x00,0x00,0x00,0x00,0x00,0x00,0x01,0x10,
  0x00,0x00,0x00,0x10,0x00,0x00,0x00,0x12,0x00,0x00,0x00,0x12,0x00,0x00,0x00,0x10,0x00,0x00,0x00,0x00,
  0x00,0x00,0x00,0x00,0x00,0x00,0x01,0x11,0x00,0x00,0x00,0x11,0x00,0x00,0x00,0x10,0x00,0x00,0x00,0x10,
  0x00,0x00,0x00,0x11,0x00,0x00,0x00,0x00,0x00,0x00,0x00,0x00,0x00,0x00,0x01,0x28,0x00,0x00,0x00,0x15,
  0x00,0x00,0x00,0x08,0x00,0x00,0x00,0x08,0x00,0x00,0x00,0x15,0x00,0x00,0x00,0x00,0x00,0x00,0x00,0x00,
  0x00,0x00,0x01,0x29,0x00,0x00,0x00,0x12,0x00,0x00,0x00,0x08,0x00,0x00,0x00,0x08,0x00,0x00,0x00,0x12,
  0x00,0x00,0x00,0x00,0x00,0x00,0x00,0x00,0x00,0x00,0x01,0x68,0x00,0x00,0x00,0x15,0x00,0x00,0x00,0x0E,
  0x00,0x00,0x00,0x12,0x00,0x00,0x00,0x15,0x00,0x00,0x00,0x02,0x00,0x00,0x00,0x00,0x00,0x00,0x01,0x69,
  0x00,0x00,0x00,0x12,0x00,0x00,0x00,0x0D,0x00,0x00,0x00,0x10,0x00,0x00,0x00,0x12,0x00,0x00,0x00,0x01,
  0x00,0x00,0x00,0x00,0x00,0x00,0x01,0xA0,0x00,0x00,0x00,0x11,0x00,0x00,0x00,0x12,0x00,0x00,0x00,0x13,
  0x00,0x00,0x00,0x11,0x00,0x00,0x00,0x01,0x00,0x00,0x00,0x00,0x00,0x00,0x01,0xA1,0x00,0x00,0x00,0x0E,
  0x00,0x00,0x00,0x0F,0x00,0x00,0x00,0x0F,0x00,0x00,0x00,0x0E,0x00,0x00,0x00,0x01,0x00,0x00,0x00,0x00,
  0x00,0x00,0x01,0xAF,0x00,0x00,0x00,0x11,0x00,0x00,0x00,0x11,0x00,0x00,0x00,0x12,0x00,0x00,0x00,0x11,
  0x00,0x00,0x00,0x02,0x00,0x00,0x00,0x00,0x00,0x00,0x01,0xB0,0x00,0x00,0x00,0x0E,0x00,0x00,0x00,0x10,
  0x00,0x00,0x00,0x10,0x00,0x00,0x00,0x0E,0x00,0x00,0x00,0x01,0x00,0x00,0x00,0x00,0x00,0x00,0x1E,0xA0,
  0x00,0x00,0x00,0x15,0x00,0x00,0x00,0x11,0x00,0x00,0x00,0x11,0x00,0x00,0x00,0x10,0x00,0x00,0x00,0x00,
  0x00,0x00,0x00,0x00,0x00,0x00,0x1E,0xA1,0x00,0x00,0x00,0x11,0x00,0x00,0x00,0x0E,0x00,0x00,0x00,0x0F,
  0x00,0x00,0x00,0x0C,0x00,0x00,0x00,0x00,0x00,0x00,0x00,0x00,0x00,0x00,0x1E,0xA2,0x00,0x00,0x00,0x17,
  0x00,0x00,0x00,0x11,0x00,0x00,0x00,0x11,0x00,0x00,0x00,0x17,0x00,0x00,0x00,0x00,0x00,0x00,0x00,0x00,
  0x00,0x00,0x1E,0xA3,0x00,0x00,0x00,0x13,0x00,0x00,0x00,0x0E,0x00,0x00,0x00,0x0F,0x00,0x00,0x00,0x13,
  0x00,0x00,0x00,0x00,0x00,0x00,0x00,0x00,0x00,0x00,0x1E,0xA4,0x00,0x00,0x00,0x18,0x00,0x00,0x00,0x11,
  0x00,0x00,0x00,0x11,0x00,0x00,0x00,0x18,0x00,0x00,0x00,0x00,0x00,0x00,0x00,0x00,0x00,0x00,0x1E,0xA5,
  0x00,0x00,0x00,0x14,0x00,0x00,0x00,0x0F,0x00,0x00,0x00,0x0F,0x00,0x00,0x00,0x14,0x00,0x00,0x00,0x00,
  0x00,0x00,0x00,0x00,0x00,0x00,0x1E,0xA6,0x00,0x00,0x00,0x18,0x00,0x00,0x00,0x11,0x00,0x00,0x00,0x11,
  0x00,0x00,0x00,0x18,0x00,0x00,0x00,0x00,0x00,0x00,0x00,0x00,0x00,0x00,0x1E,0xA7,0x00,0x00,0x00,0x14,
  0x00,0x00,0x00,0x0E,0x00,0x00,0x00,0x0F,0x00,0x00,0x00,0x14,0x00,0x00,0x00,0x00,0x00,0x00,0x00,0x00,
  0x00,0x00,0x1E,0xA8,0x00,0x00,0x00,0x19,0x00,0x00,0x00,0x11,0x00,0x00,0x00,0x11,0x00,0x00,0x00,0x19,
  0x00,0x00,0x00,0x00,0x00,0x00,0x00,0x00,0x00,0x00,0x1E,0xA9,0x00,0x00,0x00,0x15,0x00,0x00,0x00,0x0F,
  0x00,0x00,0x00,0x0F,0x00,0x00,0x00,0x15,0x00,0x00,0x00,0x00,0x00,0x00,0x00,0x00,0x00,0x00,0x1E,0xAA,
  0x00,0x00,0x00,0x18,0x00,0x00,0x00,0x11,0x00,0x00,0x00,0x11,0x00,0x00,0x00,0x18,0x00,0x00,0x00,0x00,
  0x00,0x00,0x00,0x00,0x00,0x00,0x1E,0xAB,0x00,0x00,0x00,0x14,0x00,0x00,0x00,0x0E,0x00,0x00,0x00,0x0F,
  0x00,0x00,0x00,0x14,0x00,0x00,0x00,0x00,0x00,0x00,0x00,0x00,0x00,0x00,0x1E,0xAC,0x00,0x00,0x00,0x1A,
  0x00,0x00,0x00,0x11,0x00,0x00,0x00,0x11,0x00,0x00,0x00,0x15,0x00,0x00,0x00,0x00,0x00,0x00,0x00,0x00,
  0x00,0x00,0x1E,0xAD,0x00,0x00,0x00,0x17,0x00,0x00,0x00,0x0E,0x00,0x00,0x00,0x0F,0x00,0x00,0x00,0x12,
  0x00,0x00,0x00,0x00,0x00,0x00,0x00,0x00,0x00,0x00,0x1E,0xAE,0x00,0x00,0x00,0x18,0x00,0x00,0x00,0x11,
  0x00,0x00,0x00,0x11,0x00,0x00,0x00,0x18,0x00,0x00,0x00,0x00,0x00,0x00,0x00,0x00,0x00,0x00,0x1E,0xAF,
  0x00,0x00,0x00,0x14,0x00,0x00,0x00,0x0E,0x00,0x00,0x00,0x0F,0x00,0x00,0x00,0x14,0x00,0x00,0x00,0x00,
  0x00,0x00,0x00,0x00,0x00,0x00,0x1E,0xB0,0x00,0x00,0x00,0x18,0x00,0x00,0x00,0x11,0x00,0x00,0x00,0x11,
  0x00,0x00,0x00,0x18,0x00,0x00,0x00,0x00,0x00,0x00,0x00,0x00,0x00,0x00,0x1E,0xB1,0x00,0x00,0x00,0x14,
  0x00,0x00,0x00,0x0E,0x00,0x00,0x00,0x0F,0x00,0x00,0x00,0x14,0x00,0x00,0x00,0x00,0x00,0x00,0x00,0x00,
  0x00,0x00,0x1E,0xB2,0x00,0x00,0x00,0x19,0x00,0x00,0x00,0x11,0x00,0x00,0x00,0x11,0x00,0x00,0x00,0x19,
  0x00,0x00,0x00,0x00,0x00,0x00,0x00,0x00,0x00,0x00,0x1E,0xB3,0x00,0x00,0x00,0x15,0x00,0x00,0x00,0x0E,
  0x00,0x00,0x00,0x0F,0x00,0x00,0x00,0x15,0x00,0x00,0x00,0x00,0x00,0x00,0x00,0x00,0x00,0x00,0x1E,0xB4,
  0x00,0x00,0x00,0x18,0x00,0x00,0x00,0x11,0x00,0x00,0x00,0x11,0x00,0x00,0x00,0x18,0x00,0x00,0x00,0x00,
  0x00,0x00,0x00,0x00,0x00,0x00,0x1E,0xB5,0x00,0x00,0x00,0x14,0x00,0x00,0x00,0x0E,0x00,0x00,0x00,0x0F,
  0x00,0x00,0x00,0x14,0x00,0x00,0x00,0x00,0x00,0x00,0x00,0x00,0x00,0x00,0x1E,0xB6,0x00,0x00,0x00,0x19,
  0x00,0x00,0x00,0x11,0x00,0x00,0x00,0x11,0x00,0x00,0x00,0x14,0x00,0x00,0x00,0x00,0x00,0x00,0x00,0x00,
  0x00,0x00,0x1E,0xB7,0x00,0x00,0x00,0x16,0x00,0x00,0x00,0x0E,0x00,0x00,0x00,0x0F,0x00,0x00,0x00,0x11,
  0x00,0x00,0x00,0x00,0x00,0x00,0x00,0x00,0x00,0x00,0x1E,0xB8,0x00,0x00,0x00,0x15,0x00,0x00,0x00,0x0C,
  0x00,0x00,0x00,0x0F,0x00,0x00,0x00,0x10,0x00,0x00,0x00,0x02,0x00,0x00,0x00,0x00,0x00,0x00,0x1E,0xB9,
  0x00,0x00,0x00,0x11,0x00,0x00,0x00,0x0E,0x00,0x00,0x00,0x0F,0x00,0x00,0x00,0x0C,0x00,0x00,0x00,0x00,
  0x00,0x00,0x00,0x00,0x00,0x00,0x1E,0xBA,0x00,0x00,0x00,0x17,0x00,0x00,0x00,0x0C,0x00,0x00,0x00,0x0F,
  0x00,0x00,0x00,0x17,0x00,0x00,0x00,0x02,0x00,0x00,0x00,0x00,0x00,0x00,0x1E,0xBB,0x00,0x00,0x00,0x13,
  0x00,0x00,0x00,0x0E,0x00,0x00,0x00,0x0F,0x00,0x00,0x00,0x13,0x00,0x00,0x00,0x00,0x00,0x00,0x00,0x00,
  0x00,0x00,0x1E,0xBC,0x00,0x00,0x00,0x15,0x00,0x00,0x00,0x0C,0x00,0x00,0x00,0x0F,0x00,0x00,0x00,0x15,
  0x00,0x00,0x00,0x02,0x00,0x00,0x00,0x00,0x00,0x00,0x1E,0xBD,0x00,0x00,0x00,0x12,0x00,0x00,0x00,0x0E,
  0x00,0x00,0x00,0x0F,0x00,0x00,0x00,0x12,0x00,0x00,0x00,0x00,0x00,0x00,0x00,0x00,0x00,0x00,0x1E,0xBE,
  0x00,0x00,0x00,0x18,0x00,0x00,0x00,0x0E,0x00,0x00,0x00,0x0F,0x00,0x00,0x00,0x18,0x00,0x00,0x00,0x02,
  0x00,0x00,0x00,0x00,0x00,0x00,0x1E,0xBF,0x00,0x00,0x00,0x14,0x00,0x00,0x00,0x10,0x00,0x00,0x00,0x0F,
  0x00,0x00,0x00,0x14,0x00,0x00,0x00,0x00,0x00,0x00,0x00,0x00,0x00,0x00,0x1E,0xC0,0x00,0x00,0x00,0x18,
  0x00,0x00,0x00,0x0C,0x00,0x00,0x00,0x0F,0x00,0x00,0x00,0x18,0x00,0x00,0x00,0x02,0x00,0x00,0x00,0x00,
  0x00,0x00,0x1E,0xC1,0x00,0x00,0x00,0x14,0x00,0x00,0x00,0x0E,0x00,0x00,0x00,0x0F,0x00,0x00,0x00,0x14,
  0x00,0x00,0x00,0x00,0x00,0x00,0x00,0x00,0x00,0x00,0x1E,0xC2,0x00,0x00,0x00,0x19,0x00,0x00,0x00,0x0E,
  0x00,0x00,0x00,0x0F,0x00,0x00,0x00,0x19,0x00,0x00,0x00,0x02,0x00,0x00,0x00,0x00,0x00,0x00,0x1E,0xC3,
  0x00,0x00,0x00,0x15,0x00,0x00,0x00,0x0F,0x00,0x00,0x00,0x0F,0x00,0x00,0x00,0x15,0x00,0x00,0x00,0x00,
  0x00,0x00,0x00,0x00,0x00,0x00,0x1E,0xC4,0x00,0x00,0x00,0x18,0x00,0x00,0x00,0x0C,0x00,0x00,0x00,0x0F,
  0x00,0x00,0x00,0x18,0x00,0x00,0x00,0x02,0x00,0x00,0x00,0x00,0x00,0x00,0x1E,0xC5,0x00,0x00,0x00,0x14,
  0x00,0x00,0x00,0x0E,0x00,0x00,0x00,0x0F,0x00,0x00,0x00,0x14,0x00,0x00,0x00,0x00,0x00,0x00,0x00,0x00,
  0x00,0x00,0x1E,0xC6,0x00,0x00,0x00,0x1A,0x00,0x00,0x00,0x0C,0x00,0x00,0x00,0x0F,0x00,0x00,0x00,0x15,
  0x00,0x00,0x00,0x02,0x00,0x00,0x00,0x00,0x00,0x00,0x1E,0xC7,0x00,0x00,0x00,0x17,0x00,0x00,0x00,0x0E,
  0x00,0x00,0x00,0x0F,0x00,0x00,0x00,0x12,0x00,0x00,0x00,0x00,0x00,0x00,0x00,0x00,0x00,0x00,0x1E,0xC8,
  0x00,0x00,0x00,0x17,0x00,0x00,0x00,0x06,0x00,0x00,0x00,0x08,0x00,0x00,0x00,0x17,0x00,0x00,0x00,0x01,
  0x00,0x00,0x00,0x00,0x00,0x00,0x1E,0xC9,0x00,0x00,0x00,0x13,0x00,0x00,0x00,0x06,0x00,0x00,0x00,0x08,
  0x00,0x00,0x00,0x13,0x00,0x00,0x00,0x01,0x00,0x00,0x00,0x00,0x00,0x00,0x1E,0xCA,0x00,0x00,0x00,0x15,
  0x00,0x00,0x00,0x05,0x00,0x00,0x00,0x08,0x00,0x00,0x00,0x10,0x00,0x00,0x00,0x02,0x00,0x00,0x00,0x00,
  0x00,0x00,0x1E,0xCB,0x00,0x00,0x00,0x16,0x00,0x00,0x00,0x05,0x00,0x00,0x00,0x08,0x00,0x00,0x00,0x11,
  0x00,0x00,0x00,0x01,0x00,0x00,0x00,0x00,0x00,0x00,0x1E,0xCC,0x00,0x00,0x00,0x15,0x00,0x00,0x00,0x11,
  0x00,0x00,0x00,0x13,0x00,0x00,0x00,0x10,0x00,0x00,0x00,0x01,0x00,0x00,0x00,0x00,0x00,0x00,0x1E,0xCD,
  0x00,0x00,0x00,0x11,0x00,0x00,0x00,0x0F,0x00,0x00,0x00,0x0F,0x00,0x00,0x00,0x0C,0x00,0x00,0x00,0x00,
  0x00,0x00,0x00,0x00,0x00,0x00,0x1E,0xCE,0x00,0x00,0x00,0x17,0x00,0x00,0x00,0x11,0x00,0x00,0x00,0x13,
  0x00,0x00,0x00,0x17,0x00,0x00,0x00,0x01,0x00,0x00,0x00,0x00,0x00,0x00,0x1E,0xCF,0x00,0x00,0x00,0x13,
  0x00,0x00,0x00,0x0F,0x00,0x00,0x00,0x0F,0x00,0x00,0x00,0x13,0x00,0x00,0x00,0x00,0x00,0x00,0x00,0x00,
  0x00,0x00,0x1E,0xD0,0x00,0x00,0x00,0x18,0x00,0x00,0x00,0x11,0x00,0x00,0x00,0x13,0x00,0x00,0x00,0x18,
  0x00,0x00,0x00,0x01,0x00,0x00,0x00,0x00,0x00,0x00,0x1E,0xD1,0x00,0x00,0x00,0x14,0x00,0x00,0x00,0x0F,
  0x00,0x00,0x00,0x0F,0x00,0x00,0x00,0x14,0x00,0x00,0x00,0x00,0x00,0x00,0x00,0x00,0x00,0x00,0x1E,0xD2,
  0x00,0x00,0x00,0x18,0x00,0x00,0x00,0x11,0x00,0x00,0x00,0x13,0x00,0x00,0x00,0x18,0x00,0x00,0x00,0x01,
  0x00,0x00,0x00,0x00,0x00,0x00,0x1E,0xD3,0x00,0x00,0x00,0x14,0x00,0x00,0x00,0x0F,0x00,0x00,0x00,0x0F,
  0x00,0x00,0x00,0x14,0x00,0x00,0x00,0x00,0x00,0x00,0x00,0x00,0x00,0x00,0x1E,0xD4,0x00,0x00,0x00,0x19,
  0x00,0x00,0x00,0x11,0x00,0x00,0x00,0x13,0x00,0x00,0x00,0x19,0x00,0x00,0x00,0x01,0x00,0x00,0x00,0x00,
  0x00,0x00,0x1E,0xD5,0x00,0x00,0x00,0x15,0x00,0x00,0x00,0x10,0x00,0x00,0x00,0x0F,0x00,0x00,0x00,0x15,
  0x00,0x00,0x00,0x00,0x00,0x00,0x00,0x00,0x00,0x00,0x1E,0xD6,0x00,0x00,0x00,0x18,0x00,0x00,0x00,0x11,
  0x00,0x00,0x00,0x13,0x00,0x00,0x00,0x18,0x00,0x00,0x00,0x01,0x00,0x00,0x00,0x00,0x00,0x00,0x1E,0xD7,
  0x00,0x00,0x00,0x14,0x00,0x00,0x00,0x0F,0x00,0x00,0x00,0x0F,0x00,0x00,0x00,0x14,0x00,0x00,0x00,0x00,
  0x00,0x00,0x00,0x00,0x00,0x00,0x1E,0xD8,0x00,0x00,0x00,0x1A,0x00,0x00,0x00,0x11,0x00,0x00,0x00,0x13,
  0x00,0x00,0x00,0x15,0x00,0x00,0x00,0x01,0x00,0x00,0x00,0x00,0x00,0x00,0x1E,0xD9,0x00,0x00,0x00,0x17,
  0x00,0x00,0x00,0x0F,0x00,0x00,0x00,0x0F,0x00,0x00,0x00,0x12,0x00,0x00,0x00,0x00,0x00,0x00,0x00,0x00,
  0x00,0x00,0x1E,0xDA,0x00,0x00,0x00,0x15,0x00,0x00,0x00,0x12,0x00,0x00,0x00,0x13,0x00,0x00,0x00,0x15,
  0x00,0x00,0x00,0x01,0x00,0x00,0x00,0x00,0x00,0x00,0x1E,0xDB,0x00,0x00,0x00,0x12,0x00,0x00,0x00,0x0F,
  0x00,0x00,0x00,0x0F,0x00,0x00,0x00,0x12,0x00,0x00,0x00,0x01,0x00,0x00,0x00,0x00,0x00,0x00,0x1E,0xDC,
  0x00,0x00,0x00,0x15,0x00,0x00,0x00,0x12,0x00,0x00,0x00,0x13,0x00,0x00,0x00,0x15,0x00,0x00,0x00,0x01,
  0x00,0x00,0x00,0x00,0x00,0x00,0x1E,0xDD,0x00,0x00,0x00,0x12,0x00,0x00,0x00,0x0F,0x00,0x00,0x00,0x0F,
  0x00,0x00,0x00,0x12,0x00,0x00,0x00,0x01,0x00,0x00,0x00,0x00,0x00,0x00,0x1E,0xDE,0x00,0x00,0x00,0x17,
  0x00,0x00,0x00,0x12,0x00,0x00,0x00,0x13,0x00,0x00,0x00,0x17,0x00,0x00,0x00,0x01,0x00,0x00,0x00,0x00,
  0x00,0x00,0x1E,0xDF,0x00,0x00,0x00,0x13,0x00,0x00,0x00,0x0F,0x00,0x00,0x00,0x0F,0x00,0x00,0x00,0x13,
  0x00,0x00,0x00,0x01,0x00,0x00,0x00,0x00,0x00,0x00,0x1E,0xE0,0x00,0x00,0x00,0x15,0x00,0x00,0x00,0x12,
  0x00,0x00,0x00,0x13,0x00,0x00,0x00,0x15,0x00,0x00,0x00,0x01,0x00,0x00,0x00,0x00,0x00,0x00,0x1E,0xE1,
  0x00,0x00,0x00,0x12,0x00,0x00,0x00,0x0F,0x00,0x00,0x00,0x0F,0x00,0x00,0x00,0x12,0x00,0x00,0x00,0x01,
  0x00,0x00,0x00,0x00,0x00,0x00,0x1E,0xE2,0x00,0x00,0x00,0x16,0x00,0x00,0x00,0x12,0x00,0x00,0x00,0x13,
  0x00,0x00,0x00,0x11,0x00,0x00,0x00,0x01,0x00,0x00,0x00,0x00,0x00,0x00,0x1E,0xE3,0x00,0x00,0x00,0x13,
  0x00,0x00,0x00,0x0F,0x00,0x00,0x00,0x0F,0x00,0x00,0x00,0x0E,0x00,0x00,0x00,0x01,0x00,0x00,0x00,0x00,
  0x00,0x00,0x1E,0xE4,0x00,0x00,0x00,0x15,0x00,0x00,0x00,0x0E,0x00,0x00,0x00,0x12,0x00,0x00,0x00,0x10,
  0x00,0x00,0x00,0x02,0x00,0x00,0x00,0x00,0x00,0x00,0x1E,0xE5,0x00,0x00,0x00,0x11,0x00,0x00,0x00,0x0D,
  0x00,0x00,0x00,0x10,0x00,0x00,0x00,0x0C,0x00,0x00,0x00,0x01,0x00,0x00,0x00,0x00,0x00,0x00,0x1E,0xE6,
  0x00,0x00,0x00,0x17,0x00,0x00,0x00,0x0E,0x00,0x00,0x00,0x12,0x00,0x00,0x00,0x17,0x00,0x00,0x00,0x02,
  0x00,0x00,0x00,0x00,0x00,0x00,0x1E,0xE7,0x00,0x00,0x00,0x13,0x00,0x00,0x00,0x0D,0x00,0x00,0x00,0x10,
  0x00,0x00,0x00,0x13,0x00,0x00,0x00,0x01,0x00,0x00,0x00,0x00,0x00,0x00,0x1E,0xE8,0x00,0x00,0x00,0x15,
  0x00,0x00,0x00,0x11,0x00,0x00,0x00,0x12,0x00,0x00,0x00,0x15,0x00,0x00,0x00,0x02,0x00,0x00,0x00,0x00,
  0x00,0x00,0x1E,0xE9,0x00,0x00,0x00,0x12,0x00,0x00,0x00,0x10,0x00,0x00,0x00,0x10,0x00,0x00,0x00,0x12,
  0x00,0x00,0x00,0x01,0x00,0x00,0x00,0x00,0x00,0x00,0x1E,0xEA,0x00,0x00,0x00,0x15,0x00,0x00,0x00,0x11,
  0x00,0x00,0x00,0x12,0x00,0x00,0x00,0x15,0x00,0x00,0x00,0x02,0x00,0x00,0x00,0x00,0x00,0x00,0x1E,0xEB,
  0x00,0x00,0x00,0x12,0x00,0x00,0x00,0x10,0x00,0x00,0x00,0x10,0x00,0x00,0x00,0x12,0x00,0x00,0x00,0x01,
  0x00,0x00,0x00,0x00,0x00,0x00,0x1E,0xEC,0x00,0x00,0x00,0x17,0x00,0x00,0x00,0x11,0x00,0x00,0x00,0x12,
  0x00,0x00,0x00,0x17,0x00,0x00,0x00,0x02,0x00,0x00,0x00,0x00,0x00,0x00,0x1E,0xED,0x00,0x00,0x00,0x13,
  0x00,0x00,0x00,0x10,0x00,0x00,0x00,0x10,0x00,0x00,0x00,0x13,0x00,0x00,0x00,0x01,0x00,0x00,0x00,0x00,
  0x00,0x00,0x1E,0xEE,0x00,0x00,0x00,0x15,0x00,0x00,0x00,0x11,0x00,0x00,0x00,0x12,0x00,0x00,0x00,0x15,
  0x00,0x00,0x00,0x02,0x00,0x00,0x00,0x00,0x00,0x00,0x1E,0xEF,0x00,0x00,0x00,0x12,0x00,0x00,0x00,0x10,
  0x00,0x00,0x00,0x10,0x00,0x00,0x00,0x12,0x00,0x00,0x00,0x01,0x00,0x00,0x00,0x00,0x00,0x00,0x1E,0xF0,
  0x00,0x00,0x00,0x16,0x00,0x00,0x00,0x11,0x00,0x00,0x00,0x12,0x00,0x00,0x00,0x11,0x00,0x00,0x00,0x02,
  0x00,0x00,0x00,0x00,0x00,0x00,0x1E,0xF1,0x00,0x00,0x00,0x13,0x00,0x00,0x00,0x10,0x00,0x00,0x00,0x10,
  0x00,0x00,0x00,0x0E,0x00,0x00,0x00,0x01,0x00,0x00,0x00,0x00,0x00,0x00,0x1E,0xF2,0x00,0x00,0x00,0x15,
  0x00,0x00,0x00,0x12,0x00,0x00,0x00,0x10,0x00,0x00,0x00,0x15,0xFF,0xFF,0xFF,0xFF,0x00,0x00,0x00,0x00,
  0x00,0x00,0x1E,0xF3,0x00,0x00,0x00,0x17,0x00,0x00,0x00,0x0E,0x00,0x00,0x00,0x0E,0x00,0x00,0x00,0x12,
  0x00,0x00,0x00,0x00,0x00,0x00,0x00,0x00,0x00,0x00,0x1E,0xF4,0x00,0x00,0x00,0x15,0x00,0x00,0x00,0x12,
  0x00,0x00,0x00,0x10,0x00,0x00,0x00,0x10,0xFF,0xFF,0xFF,0xFF,0x00,0x00,0x00,0x00,0x00,0x00,0x1E,0xF5,
  0x00,0x00,0x00,0x11,0x00,0x00,0x00,0x0E,0x00,0x00,0x00,0x0E,0x00,0x00,0x00,0x0C,0x00,0x00,0x00,0x00,
  0x00,0x00,0x00,0x00,0x00,0x00,0x1E,0xF6,0x00,0x00,0x00,0x17,0x00,0x00,0x00,0x12,0x00,0x00,0x00,0x10,
  0x00,0x00,0x00,0x17,0xFF,0xFF,0xFF,0xFF,0x00,0x00,0x00,0x00,0x00,0x00,0x1E,0xF7,0x00,0x00,0x00,0x18,
  0x00,0x00,0x00,0x0E,0x00,0x00,0x00,0x0E,0x00,0x00,0x00,0x13,0x00,0x00,0x00,0x00,0x00,0x00,0x00,0x00,
  0x00,0x00,0x1E,0xF8,0x00,0x00,0x00,0x15,0x00,0x00,0x00,0x12,0x00,0x00,0x00,0x10,0x00,0x00,0x00,0x15,
  0xFF,0xFF,0xFF,0xFF,0x00,0x00,0x00,0x00,0x00,0x00,0x1E,0xF9,0x00,0x00,0x00,0x17,0x00,0x00,0x00,0x0E,
  0x00,0x00,0x00,0x0E,0x00,0x00,0x00,0x12,0x00,0x00,0x00,0x00,0x00,0x00,0x00,0x00,0xEC,0xFF,0xFF,0xF4,
  0xEC,0xFF,0xFF,0xF4,0xEC,0xFF,0xFF,0xF4,0xEC,0xFF,0xFF,0xF4,0xEC,0xFF,0xFF,0xF4,0xEB,0xFF,0xFF,0xF3,
  0xD4,0xFF,0xFF,0xDB,0xB3,0xFF,0xFF,0xBA,0x92,0xFF,0xFF,0x99,0x71,0xFF,0xFF,0x78,0x00,0x00,0x00,0x00,
  0x00,0x00,0x00,0x00,0xEC,0xFF,0xFF,0xF4,0xEC,0xFF,0xFF,0xF4,0xEC,0xFF,0xFF,0xF4,0xEC,0xFF,0xFF,0xF4,
  0xE8,0xFF,0xA4,0x00,0x2C,0xFF,0xFF,0x60,0xE8,0xFF,0xA4,0x00,0x2C,0xFF,0xFF,0x60,0xE8,0xFF,0xA4,0x00,
  0x2C,0xFF,0xFF,0x60,0xE8,0xFF,0xA4,0x00,0x2C,0xFF,0xFF,0x60,0xE8,0xFF,0xA4,0x00,0x2C,0xFF,0xFF,0x60,
  0xE8,0xFF,0xA4,0x00,0x2C,0xFF,0xFF,0x60,0x00,0x00,0x00,0x00,0x00,0x00,0xB7,0xFF,0xAD,0x00,0x00,0x77,
  0xFF,0xE5,0x00,0x00,0x00,0x00,0x00,0x00,0x00,0x00,0xEA,0xFF,0x78,0x00,0x00,0xAD,0xFF,0xB0,0x00,0x00,
  0x00,0x00,0x00,0x00,0x00,0x20,0xFF,0xFF,0x43,0x00,0x00,0xE2,0xFF,0x7B,0x00,0x00,0x00,0x00,0x00,0x00,
  0x00,0x55,0xFF,0xFE,0x10,0x00,0x17,0xFF,0xFF,0x46,0x00,0x00,0x00,0x00,0x00,0x00,0x00,0x8A,0xFF,0xDA,
  0x00,0x00,0x4D,0xFF,0xFF,0x12,0x00,0x00,0x00,0x44,0xFF,0xFF,0xFF,0xFF,0xFF,0xFF,0xFF,0xFF,0xFF,0xFF,
  0xFF,0xFF,0xFF,0xF0,0x00,0x44,0xFF,0xFF,0xFF,0xFF,0xFF,0xFF,0xFF,0xFF,0xFF,0xFF,0xFF,0xFF,0xFF,0xF0,
  0x00,0x00,0x00,0x00,0x5D,0xFF,0xFC,0x0E,0x00,0x20,0xFF,0xFF,0x44,0x00,0x00,0x00,0x00,0x00,0x00,0x00,
  0x9D,0xFF,0xC9,0x00,0x00,0x61,0xFF,0xFA,0x0B,0x00,0x00,0x00,0x00,0x00,0x00,0x00,0xDC,0xFF,0x88,0x00,
  0x00,0xA0,0xFF,0xC7,0x00,0x00,0x00,0x00,0x80,0xFF,0xFF,0xFF,0xFF,0xFF,0xFF,0xFF,0xFF,0xFF,0xFF,0xFF,
  0xFF,0xFF,0xB4,0x00,0x80,0xFF,0xFF,0xFF,0xFF,0xFF,0xFF,0xFF,0xFF,0xFF,0xFF,0xFF,0xFF,0xFF,0xB4,0x00,
  0x00,0x00,0x00,0xA6,0xFF,0xC2,0x00,0x00,0x6A,0xFF,0xF2,0x04,0x00,0x00,0x00,0x00,0x00,0x00,0x00,0xE6,
  0xFF,0x80,0x00,0x00,0xAC,0xFF,0xB4,0x00,0x00,0x00,0x00,0x00,0x00,0x00,0x2A,0xFF,0xFF,0x3E,0x00,0x01,
  0xEB,0xFF,0x72,0x00,0x00,0x00,0x00,0x00,0x00,0x00,0x6B,0xFF,0xF6,0x06,0x00,0x2F,0xFF,0xFF,0x30,0x00,
  0x00,0x00,0x00,0x00,0x00,0x00,0x00,0x00,0x00,0x34,0xFF,0x8C,0x00,0x00,0x00,0x00,0x00,0x00,0x00,0x00,
  0x00,0x00,0x34,0xFF,0x8C,0x00,0x00,0x00,0x00,0x00,0x00,0x00,0x1A,0x84,0xC7,0xEA,0xFF,0xFB,0xD6,0xAA,
  0x66,0x1B,0x00,0x00,0x3A,0xF0,0xFF,0xFF,0xFF,0xFF,0xFF,0xFF,0xFF,0xFF,0xD8,0x00,0x02,0xDE,0xFF,0xFF,
  0xA1,0x4B,0xFF,0x8F,0x22,0x47,0x90,0xBA,0x00,0x30,0xFF,0xFF,0xFF,0x2B,0x34,0xFF,0x8C,0x00,0x00,0x00,
  0x00,0x00,0x42,0xFF,0xFF,0xFF,0x90,0x3B,0xFF,0x8C,0x00,0x00,0x00,0x00,0x00,0x23,0xFF,0xFF,0xFF,0xFF,
  0xFC,0xFF,0xCF,0x70,0x34,0x01,0x00,0x00,0x00,0xBB,0xFF,0xFF,0xFF,0xFF,0xFF,0xFF,0xFF,0xFF,0xD9,0x48,
  0x00,0x00,0x12,0xAD,0xFF,0xFF,0xFF,0xFF,0xFF,0xFF,0xFF,0xFF,0xFB,0x37,0x00,0x00,0x00,0x24,0x71,0xB7,
  0xFF,0xFF,0xFF,0xFF,0xFF,0xFF,0xA3,0x00,0x00,0x00,0x00,0x00,0x34,0xFF,0x9A,0x54,0xEF,0xFF,0xFF,0xC9,
  0x00,0x00,0x00,0x00,0x00,0x34,0xFF,0x8C,0x00,0xA4,0xFF,0xFF,0xBD,0x41,0xC4,0x77,0x39,0x1C,0x37,0xFF,
  0x8E,0x2B,0xE1,0xFF,0xFF,0x75,0x44,0xFF,0xFF,0xFF,0xFF,0xFE,0xFF,0xFF,0xFF,0xFF,0xFF,0xBD,0x08,0x02,
  0x39,0x83,0xBC,0xDA,0xF6,0xFF,0xFB,0xE1,0xB0,0x5B,0x02,0x00,0x00,0x00,0x00,0x00,0x00,0x34,0xFF,0x8C,
  0x00,0x00,0x00,0x00,0x00,0x00,0x00,0x00,0x00,0x00,0x34,0xFF,0x8C,0x00,0x00,0x00,0x00,0x00,0x00,0x00,
  0x00,0x00,0x00,0x34,0xFF,0x8C,0x00,0x00,0x00,0x00,0x00,0x00,0x00,0x4D,0xC4,0xF4,0xF5,0xC3,0x49,0x00,
  0x00,0x00,0x00,0x00,0x00,0x79,0xFF,0xE0,0x0B,0x00,0x00,0x00,0x00,0x00,0x5F,0xFF,0xFF,0xFF,0xFF,0xFF,
  0xFE,0x58,0x00,0x00,0x00,0x00,0x22,0xF6,0xFF,0x4B,0x00,0x00,0x00,0x00,0x00,0x05,0xEA,0xFF,0xE3,0x27,
  0x29,0xE7,0xFF,0xE6,0x03,0x00,0x00,0x00,0xB8,0xFF,0xAA,0x00,0x00,0x00,0x00,0x00,0x00,0x34,0xFF,0xFF,
  0x83,0x00,0x00,0x89,0xFF,0xFF,0x2F,0x00,0x00,0x59,0xFF,0xF0,0x19,0x00,0x00,0x00,0x00,0x00,0x00,0x47,
  0xFF,0xFF,0x69,0x00,0x00,0x6E,0xFF,0xFF,0x43,0x00,0x10,0xE8,0xFF,0x69,0x00,0x00,0x00,0x00,0x00,0x00,
  0x00,0x34,0xFF,0xFF,0x84,0x00,0x00,0x89,0xFF,0xFF,0x2F,0x00,0x9A,0xFF,0xC6,0x02,0x00,0x00,0x00,0x00,
  0x00,0x00,0x00,0x05,0xEA,0xFF,0xE3,0x27,0x29,0xE7,0xFF,0xE6,0x03,0x3B,0xFE,0xFB,0x2D,0x00,0x00,0x00,
  0x00,0x00,0x00,0x00,0x00,0x00,0x5F,0xFF,0xFF,0xFF,0xFF,0xFF,0xFE,0x58,0x05,0xD4,0xFF,0x87,0x00,0x46,
  0xC1,0xF4,0xF6,0xC8,0x52,0x00,0x00,0x00,0x00,0x4E,0xC5,0xF5,0xF5,0xC4,0x4A,0x00,0x7B,0xFF,0xDD,0x09,
  0x55,0xFE,0xFF,0xFF,0xFF,0xFF,0xFF,0x67,0x00,0x00,0x00,0x00,0x00,0x00,0x00,0x00,0x00,0x23,0xF7,0xFF,
  0x47,0x02,0xE4,0xFF,0xEC,0x2F,0x23,0xE0,0xFF,0xF0,0x0A,0x00,0x00,0x00,0x00,0x00,0x00,0x00,0x00,0xBA,
  0xFF,0xA6,0x00,0x2C,0xFF,0xFF,0x94,0x00,0x00,0x7D,0xFF,0xFF,0x3F,0x00,0x00,0x00,0x00,0x00,0x00,0x00,
  0x5B,0xFF,0xEE,0x17,0x00,0x3F,0xFF,0xFF,0x7A,0x00,0x00,0x62,0xFF,0xFF,0x53,0x00,0x00,0x00,0x00,0x00,
  0x00,0x11,0xE9,0xFF,0x65,0x00,0x00,0x2B,0xFF,0xFF,0x93,0x00,0x00,0x7B,0xFF,0xFF,0x3E,0x00,0x00,0x00,
  0x00,0x00,0x00,0x9C,0xFF,0xC3,0x01,0x00,0x00,0x02,0xE3,0xFF,0xEA,0x2C,0x21,0xDD,0xFF,0xEF,0x09,0x00,
  0x00,0x00,0x00,0x00,0x3C,0xFE,0xFA,0x2A,0x00,0x00,0x00,0x00,0x55,0xFE,0xFF,0xFF,0xFF,0xFF,0xFF,0x67,
  0x00,0x00,0x00,0x00,0x00,0x06,0xD5,0xFF,0x84,0x00,0x00,0x00,0x00,0x00,0x00,0x47,0xC2,0xF5,0xF6,0xC9,
  0x53,0x00,0x00,0x00,0x00,0x00,0x00,0x3E,0xAB,0xDB,0xF6,0xE7,0xC5,0x7D,0x27,0x00,0x00,0x00,0x00,0x00,
  0x00,0x00,0x00,0x00,0x84,0xFF,0xFF,0xFF,0xFF,0xFF,0xFF,0xFF,0xF4,0x00,0x00,0x00,0x00,0x00,0x00,0x00,
  0x00,0x1E,0xFE,0xFF,0xFF,0xD1,0x21,0x0A,0x2D,0x67,0xC0,0x00,0x00,0x00,0x00,0x00,0x00,0x00,0x00,0x3D,
  0xFF,0xFF,0xFF,0xA6,0x00,0x00,0x00,0x00,0x00,0x00,0x00,0x00,0x00,0x00,0x00,0x00,0x00,0x10,0xF2,0xFF,
  0xFF,0xF9,0x36,0x00,0x00,0x00,0x00,0x00,0x00,0x00,0x00,0x00,0x00,0x00,0x00,0x00,0xA7,0xFF,0xFF,0xFF,
  0xE4,0x1A,0x00,0x00,0x00,0x00,0x00,0x00,0x00,0x00,0x00,0x00,0x05,0xA9,0xFF,0xFF,0xFF,0xFF,0xFF,0xCB,
  0x09,0x00,0x00,0x00,0xDC,0xFF,0xFF,0x76,0x00,0x00,0x9D,0xFF,0xFF,0xFF,0xF9,0xFF,0xFF,0xFF,0xAB,0x01,
  0x00,0x03,0xF6,0xFF,0xFF,0x55,0x00,0x31,0xFF,0xFF,0xFF,0xC9,0x24,0xE6,0xFF,0xFF,0xFF,0x83,0x00,0x37,
  0xFF,0xFF,0xFF,0x24,0x00,0x85,0xFF,0xFF,0xFF,0x41,0x00,0x39,0xF9,0xFF,0xFF,0xFF,0x5B,0x9C,0xFF,0xFF,
  0xDF,0x00,0x00,0xA3,0xFF,0xFF,0xFF,0x10,0x00,0x00,0x64,0xFF,0xFF,0xFF,0xF8,0xFC,0xFF,0xFF,0x80,0x00,
  0x00,0x96,0xFF,0xFF,0xFF,0x2D,0x00,0x00,0x00,0x95,0xFF,0xFF,0xFF,0xFF,0xFF,0xF0,0x15,0x00,0x00,0x53,
  0xFF,0xFF,0xFF,0x99,0x00,0x00,0x00,0x05,0xC1,0xFF,0xFF,0xFF,0xFF,0x62,0x00,0x00,0x00,0x02,0xCA,0xFF,
  0xFF,0xFF,0x90,0x21,0x11,0x4F,0xDB,0xFF,0xFF,0xFF,0xFF,0xB3,0x06,0x00,0x00,0x00,0x17,0xC9,0xFF,0xFF,
  0xFF,0xFF,0xFF,0xFF,0xFF,0xFF,0xFF,0xFF,0xFF,0xFF,0xB6,0x07,0x00,0x00,0x00,0x04,0x5F,0xB8,0xEA,0xFB,
  0xED,0xD6,0xB1,0x66,0x2A,0xC6,0xFF,0xFF,0xFF,0xB8,0x08,0xE8,0xFF,0xA4,0xE8,0xFF,0xA4,0xE8,0xFF,0xA4,
  0xE8,0xFF,0xA4,0xE8,0xFF,0xA4,0xE8,0xFF,0xA4,0x00,0x00,0x00,0x2C,0xFD,0xFF,0xF7,0x17,0x00,0x00,0x00,
  0xB5,0xFF,0xFF,0x97,0x00,0x00,0x00,0x3D,0xFF,0xFF,0xFE,0x23,0x00,0x00,0x00,0xAB,0xFF,0xFF,0xC6,0x00,
  0x00,0x00,0x16,0xFA,0xFF,0xFF,0x6E,0x00,0x00,0x00,0x68,0xFF,0xFF,0xFF,0x25,0x00,0x00,0x00,0xA7,0xFF,
  0xFF,0xEE,0x01,0x00,0x00,0x00,0xE1,0xFF,0xFF,0xBD,0x00,0x00,0x00,0x01,0xFB,0xFF,0xFF,0xA6,0x00,0x00,
  0x00,0x11,0xFF,0xFF,0xFF,0x94,0x00,0x00,0x00,0x12,0xFF,0xFF,0xFF,0x94,0x00,0x00,0x00,0x01,0xFB,0xFF,
  0xFF,0xA6,0x00,0x00,0x00,0x00,0xE1,0xFF,0xFF,0xBD,0x00,0x00,0x00,0x00,0xA8,0xFF,0xFF,0xED,0x00,0x00,
  0x00,0x00,0x69,0xFF,0xFF,0xFF,0x22,0x00,0x00,0x00,0x17,0xFA,0xFF,0xFF,0x6C,0x00,0x00,0x00,0x00,0xAB,
  0xFF,0xFF,0xC3,0x00,0x00,0x00,0x00,0x3D,0xFF,0xFF,0xFE,0x22,0x00,0x00,0x00,0x00,0xB4,0xFF,0xFF,0x96,
  0x00,0x00,0x00,0x00,0x2C,0xFD,0xFF,0xF7,0x17,0x0F,0xF1,0xFF,0xFF,0x39,0x00,0x00,0x00,0x00,0x88,0xFF,
  0xFF,0xC3,0x00,0x00,0x00,0x00,0x18,0xFB,0xFF,0xFF,0x4B,0x00,0x00,0x00,0x00,0xB7,0xFF,0xFF,0xB8,0x00,
  0x00,0x00,0x00,0x5F,0xFF,0xFF,0xFD,0x1F,0x00,0x00,0x00,0x15,0xFF,0xFF,0xFF,0x74,0x00,0x00,0x00,0x00,
  0xE0,0xFF,0xFF,0xB3,0x00,0x00,0x00,0x00,0xAE,0xFF,0xFF,0xEF,0x00,0x00,0x00,0x00,0x97,0xFF,0xFF,0xFF,
  0x0B,0x00,0x00,0x00,0x84,0xFF,0xFF,0xFF,0x20,0x00,0x00,0x00,0x86,0xFF,0xFF,0xFF,0x21,0x00,0x00,0x00,
  0x98,0xFF,0xFF,0xFF,0x0C,0x00,0x00,0x00,0xAF,0xFF,0xFF,0xF0,0x00,0x00,0x00,0x00,0xE1,0xFF,0xFF,0xB4,
  0x00,0x00,0x00,0x16,0xFF,0xFF,0xFF,0x75,0x00,0x00,0x00,0x60,0xFF,0xFF,0xFD,0x20,0x00,0x00,0x00,0xB8,
  0xFF,0xFF,0xB8,0x00,0x00,0x00,0x19,0xFB,0xFF,0xFF,0x4B,0x00,0x00,0x00,0x89,0xFF,0xFF,0xC3,0x00,0x00,
  0x00,0x0F,0xF1,0xFF,0xFF,0x39,0x00,0x00,0x00,0x00,0x00,0x00,0x00,0x28,0xFF,0xAC,0x00,0x00,0x00,0x00,
  0x00,0x00,0x00,0x00,0x00,0x28,0xFF,0xAC,0x00,0x00,0x00,0x00,0x00,0x1A,0xCF,0x65,0x06,0x28,0xFF,0xAC,
  0x00,0x28,0xA2,0x88,0x00,0x3B,0xD4,0xFF,0xE3,0x8D,0xFF,0xC8,0xAA,0xFD,0xF9,0x97,0x01,0x00,0x01,0x4C,
  0xC2,0xFF,0xFF,0xFF,0xF2,0x8B,0x19,0x00,0x00,0x00,0x01,0x4B,0xC1,0xFF,0xFF,0xFF,0xF1,0x8A,0x19,0x00,
  0x00,0x3A,0xD4,0xFF,0xE1,0x8A,0xFF,0xC7,0xA8,0xFD,0xF8,0x96,0x01,0x1A,0xD0,0x64,0x05,0x28,0xFF,0xAC,
  0x00,0x27,0xA2,0x89,0x00,0x00,0x00,0x00,0x00,0x28,0xFF,0xAC,0x00,0x00,0x00,0x00,0x00,0x00,0x00,0x00,
  0x00,0x28,0xFF,0xAC,0x00,0x00,0x00,0x00,0x00,0x00,0x00,0x00,0x00,0x00,0x10,0xFF,0xFF,0x80,0x00,0x00,
  0x00,0x00,0x00,0x00,0x00,0x00,0x00,0x00,0x00,0x10,0xFF,0xFF,0x80,0x00,0x00,0x00,0x00,0x00,0x00,0x00,
  0x00,0x00,0x00,0x00,0x10,0xFF,0xFF,0x80,0x00,0x00,0x00,0x00,0x00,0x00,0x00,0x00,0x00,0x00,0x00,0x10,
  0xFF,0xFF,0x80,0x00,0x00,0x00,0x00,0x00,0x00,0x00,0x00,0x00,0x00,0x00,0x10,0xFF,0xFF,0x80,0x00,0x00,
  0x00,0x00,0x00,0x00,0xAC,0xFF,0xFF,0xFF,0xFF,0xFF,0xFF,0xFF,0xFF,0xFF,0xFF,0xFF,0xFF,0xFF,0x1C,0xAC,
  0xFF,0xFF,0xFF,0xFF,0xFF,0xFF,0xFF,0xFF,0xFF,0xFF,0xFF,0xFF,0xFF,0x1C,0xAC,0xFF,0xFF,0xFF,0xFF,0xFF,
  0xFF,0xFF,0xFF,0xFF,0xFF,0xFF,0xFF,0xFF,0x1C,0x00,0x00,0x00,0x00,0x00,0x10,0xFF,0xFF,0x80,0x00,0x00,
  0x00,0x00,0x00,0x00,0x00,0x00,0x00,0x00,0x00,0x10,0xFF,0xFF,0x80,0x00,0x00,0x00,0x00,0x00,0x00,0x00,
  0x00,0x00,0x00,0x00,0x10,0xFF,0xFF,0x80,0x00,0x00,0x00,0x00,0x00,0x00,0x00,0x00,0x00,0x00,0x00,0x10,
  0xFF,0xFF,0x80,0x00,0x00,0x00,0x00,0x00,0x00,0x00,0x00,0x00,0x00,0x00,0x10,0xFF,0xFF,0x80,0x00,0x00,
  0x00,0x00,0x00,0x00,0x00,0xC0,0xFF,0xFF,0xFF,0x1C,0x00,0xC0,0xFF,0xFF,0xFF,0x1C,0x00,0xC0,0xFF,0xFF,
  0xFF,0x1C,0x00,0xD9,0xFF,0xFF,0xD6,0x06,0x20,0xFF,0xFF,0xFA,0x33,0x00,0x69,0xFF,0xFF,0x7C,0x00,0x00,
  0xB0,0xFF,0xC8,0x03,0x00,0x00,0xD0,0xFF,0xFF,0xFF,0xFF,0xFF,0xF0,0xD0,0xFF,0xFF,0xFF,0xFF,0xFF,0xF0,
  0xD0,0xFF,0xFF,0xFF,0xFF,0xFF,0xF0,0xC0,0xFF,0xFF,0xFF,0x1C,0xC0,0xFF,0xFF,0xFF,0x1C,0xC0,0xFF,0xFF,
  0xFF,0x1C,0xC0,0xFF,0xFF,0xFF,0x1C,0x00,0x00,0x00,0x00,0x00,0x81,0xFF,0xDF,0x00,0x00,0x00,0x00,0x00,
  0x00,0xD1,0xFF,0x8F,0x00,0x00,0x00,0x00,0x00,0x21,0xFF,0xFF,0x3E,0x00,0x00,0x00,0x00,0x00,0x72,0xFF,
  0xEB,0x03,0x00,0x00,0x00,0x00,0x00,0xC2,0xFF,0x9D,0x00,0x00,0x00,0x00,0x00,0x15,0xFD,0xFF,0x4D,0x00,
  0x00,0x00,0x00,0x00,0x63,0xFF,0xF4,0x08,0x00,0x00,0x00,0x00,0x00,0xB4,0xFF,0xAC,0x00,0x00,0x00,0x00,
  0x00,0x0C,0xF7,0xFF,0x5B,0x00,0x00,0x00,0x00,0x00,0x55,0xFF,0xFA,0x10,0x00,0x00,0x00,0x00,0x00,0xA5,
  0xFF,0xBB,0x00,0x00,0x00,0x00,0x00,0x05,0xEF,0xFF,0x6A,0x00,0x00,0x00,0x00,0x00,0x46,0xFF,0xFE,0x1B,
  0x00,0x00,0x00,0x00,0x00,0x96,0xFF,0xC9,0x00,0x00,0x00,0x00,0x00,0x01,0xE5,0xFF,0x79,0x00,0x00,0x00,
  0x00,0x00,0x37,0xFF,0xFF,0x28,0x00,0x00,0x00,0x00,0x00,0x88,0xFF,0xD8,0x00,0x00,0x00,0x00,0x00,0x00,
  0xD8,0xFF,0x88,0x00,0x00,0x00,0x00,0x00,0x00,0x00,0x00,0x00,0x46,0xAB,0xE4,0xF9,0xEC,0xC2,0x6C,0x05,
  0x00,0x00,0x00,0x00,0x02,0x9B,0xFF,0xFF,0xFF,0xFF,0xFF,0xFF,0xFF,0xD1,0x18,0x00,0x00,0x00,0x82,0xFF,
  0xFF,0xFF,0x69,0x09,0x37,0xE6,0xFF,0xFF,0xCA,0x03,0x00,0x1B,0xFA,0xFF,0xFF,0xB7,0x00,0x00,0x00,0x67,
  0xFF,0xFF,0xFF,0x61,0x00,0x78,0xFF,0xFF,0xFF,0x71,0x00,0x00,0x00,0x21,0xFF,0xFF,0xFF,0xC3,0x00,0xB5,
  0xFF,0xFF,0xFF,0x4D,0x00,0x00,0x00,0x01,0xFB,0xFF,0xFF,0xF9,0x06,0xDD,0xFF,0xFF,0xFF,0x39,0x00,0x00,
  0x00,0x00,0xEA,0xFF,0xFF,0xFF,0x27,0xED,0xFF,0xFF,0xFF,0x32,0x00,0x00,0x00,0x00,0xE2,0xFF,0xFF,0xFF,
  0x38,0xED,0xFF,0xFF,0xFF,0x33,0x00,0x00,0x00,0x00,0xE4,0xFF,0xFF,0xFF,0x37,0xDD,0xFF,0xFF,0xFF,0x3A,
  0x00,0x00,0x00,0x00,0xEB,0xFF,0xFF,0xFF,0x27,0xB6,0xFF,0xFF,0xFF,0x4E,0x00,0x00,0x00,0x02,0xFC,0xFF,
  0xFF,0xF9,0x06,0x78,0xFF,0xFF,0xFF,0x72,0x00,0x00,0x00,0x25,0xFF,0xFF,0xFF,0xC3,0x00,0x1B,0xFA,0xFF,
  0xFF,0xB8,0x00,0x00,0x00,0x6D,0xFF,0xFF,0xFF,0x61,0x00,0x00,0x82,0xFF,0xFF,0xFF,0x6A,0x09,0x37,0xE8,
  0xFF,0xFF,0xCA,0x03,0x00,0x00,0x02,0x9C,0xFF,0xFF,0xFF,0xFF,0xFF,0xFF,0xFF,0xD2,0x18,0x00,0x00,0x00,
  0x00,0x00,0x47,0xAD,0xE6,0xFA,0xEE,0xC3,0x6D,0x06,0x00,0x00,0x00,0x09,0x45,0x8A,0xCF,0xFE,0xFF,0xFF,
  0xFF,0x24,0x00,0x00,0x00,0x84,0xFF,0xFF,0xFF,0xFF,0xFF,0xFF,0xFF,0x24,0x00,0x00,0x00,0x7A,0xBB,0x77,
  0x33,0xC5,0xFF,0xFF,0xFF,0x24,0x00,0x00,0x00,0x00,0x00,0x00,0x00,0xC4,0xFF,0xFF,0xFF,0x24,0x00,0x00,
  0x00,0x00,0x00,0x00,0x00,0xC4,0xFF,0xFF,0xFF,0x24,0x00,0x00,0x00,0x00,0x00,0x00,0x00,0xC4,0xFF,0xFF,
  0xFF,0x24,0x00,0x00,0x00,0x00,0x00,0x00,0x00,0xC4,0xFF,0xFF,0xFF,0x24,0x00,0x00,0x00,0x00,0x00,0x00,
  0x00,0xC4,0xFF,0xFF,0xFF,0x24,0x00,0x00,0x00,0x00,0x00,0x00,0x00,0xC4,0xFF,0xFF,0xFF,0x24,0x00,0x00,
  0x00,0x00,0x00,0x00,0x00,0xC4,0xFF,0xFF,0xFF,0x24,0x00,0x00,0x00,0x00,0x00,0x00,0x00,0xC4,0xFF,0xFF,
  0xFF,0x24,0x00,0x00,0x00,0x00,0x00,0x00,0x00,0xC4,0xFF,0xFF,0xFF,0x24,0x00,0x00,0x00,0x00,0x00,0x00,
  0x00,0xC4,0xFF,0xFF,0xFF,0x24,0x00,0x00,0x00,0x00,0x00,0x00,0x00,0xC4,0xFF,0xFF,0xFF,0x24,0x00,0x00,
  0x00,0x6C,0xFF,0xFF,0xFF,0xFF,0xFF,0xFF,0xFF,0xFF,0xFF,0xFF,0xCC,0x6C,0xFF,0xFF,0xFF,0xFF,0xFF,0xFF,
  0xFF,0xFF,0xFF,0xFF,0xCC,0x01,0x30,0x75,0xB6,0xDF,0xF6,0xFA,0xE7,0xB6,0x5B,0x01,0x00,0x00,0x38,0xFF,
  0xFF,0xFF,0xFF,0xFF,0xFF,0xFF,0xFF,0xFF,0xBD,0x0B,0x00,0x38,0xFF,0xFF,0xA2,0x2E,0x0D,0x4B,0xE7,0xFF,
  0xFF,0xFF,0x9C,0x00,0x38,0xF8,0x58,0x00,0x00,0x00,0x00,0x4A,0xFF,0xFF,0xFF,0xFA,0x0F,0x31,0x4B,0x00,
  0x00,0x00,0x00,0x00,0x02,0xF8,0xFF,0xFF,0xFF,0x39,0x00,0x00,0x00,0x00,0x00,0x00,0x00,0x00,0xE9,0xFF,
  0xFF,0xFF,0x3A,0x00,0x00,0x00,0x00,0x00,0x00,0x00,0x1A,0xFE,0xFF,0xFF,0xFC,0x14,0x00,0x00,0x00,0x00,
  0x00,0x00,0x00,0x8B,0xFF,0xFF,0xFF,0xAF,0x00,0x00,0x00,0x00,0x00,0x00,0x00,0x41,0xFC,0xFF,0xFF,0xEE,
  0x21,0x00,0x00,0x00,0x00,0x00,0x00,0x4C,0xF5,0xFF,0xFF,0xF6,0x3E,0x00,0x00,0x00,0x00,0x00,0x00,0x63,
  0xFC,0xFF,0xFF,0xF5,0x43,0x00,0x00,0x00,0x00,0x00,0x00,0x7C,0xFF,0xFF,0xFF,0xEB,0x37,0x00,0x00,0x00,
  0x00,0x00,0x02,0x96,0xFF,0xFF,0xFF,0xDE,0x26,0x00,0x00,0x00,0x00,0x00,0x08,0xAD,0xFF,0xFF,0xFF,0xCE,
  0x18,0x00,0x00,0x00,0x00,0x00,0x00,0x44,0xFF,0xFF,0xFF,0xFF,0xFF,0xFF,0xFF,0xFF,0xFF,0xFF,0xFF,0x64,
  0x44,0xFF,0xFF,0xFF,0xFF,0xFF,0xFF,0xFF,0xFF,0xFF,0xFF,0xFF,0x64,0x00,0x1B,0x6A,0xB5,0xD8,0xF3,0xF9,
  0xE9,0xC2,0x7C,0x14,0x00,0x00,0x00,0xD8,0xFF,0xFF,0xFF,0xFF,0xFF,0xFF,0xFF,0xFF,0xED,0x36,0x00,0x00,
  0xB6,0x81,0x37,0x17,0x0B,0x40,0xD4,0xFF,0xFF,0xFF,0xD6,0x00,0x00,0x00,0x00,0x00,0x00,0x00,0x00,0x2D,
  0xFF,0xFF,0xFF,0xFF,0x1E,0x00,0x00,0x00,0x00,0x00,0x00,0x00,0x02,0xFC,0xFF,0xFF,0xFF,0x21,0x00,0x00,
  0x00,0x00,0x00,0x00,0x00,0x2D,0xFF,0xFF,0xFF,0xE7,0x03,0x00,0x00,0x00,0x00,0x00,0x0F,0x42,0xD3,0xFF,
  0xFF,0xFA,0x53,0x00,0x00,0x00,0x00,0xC8,0xFF,0xFF,0xFF,0xFF,0xFF,0xC9,0x30,0x00,0x00,0x00,0x00,0x00,
  0xC8,0xFF,0xFF,0xFF,0xFF,0xFF,0xFF,0xCE,0x29,0x00,0x00,0x00,0x00,0x00,0x00,0x11,0x3A,0xB3,0xFF,0xFF,
  0xFF,0xE9,0x0F,0x00,0x00,0x00,0x00,0x00,0x00,0x00,0x04,0xD5,0xFF,0xFF,0xFF,0x66,0x00,0x00,0x00,0x00,
  0x00,0x00,0x00,0x00,0xA1,0xFF,0xFF,0xFF,0x87,0x00,0x00,0x00,0x00,0x00,0x00,0x00,0x03,0xD2,0xFF,0xFF,
  0xFF,0x6B,0x7B,0xA9,0x57,0x2B,0x0E,0x0D,0x34,0xAE,0xFF,0xFF,0xFF,0xEF,0x17,0x88,0xFF,0xFF,0xFF,0xFF,
  0xFF,0xFF,0xFF,0xFF,0xFF,0xEA,0x3F,0x00,0x0B,0x51,0x9E,0xCF,0xE9,0xFC,0xF4,0xDC,0xB2,0x6A,0x0C,0x00,
  0x00,0x00,0x00,0x00,0x00,0x00,0x00,0x12,0xE3,0xFF,0xFF,0xFF,0xFF,0x04,0x00,0x00,0x00,0x00,0x00,0x00,
  0x00,0x00,0xB1,0xFF,0xFF,0xFF,0xFF,0xFF,0x04,0x00,0x00,0x00,0x00,0x00,0x00,0x00,0x6E,0xFF,0xFF,0xFF,
  0xFF,0xFF,0xFF,0x04,0x00,0x00,0x00,0x00,0x00,0x00,0x30,0xF8,0xFF,0xEA,0xF2,0xFF,0xFF,0xFF,0x04,0x00,
  0x00,0x00,0x00,0x00,0x0C,0xD9,0xFF,0xFF,0x51,0xE8,0xFF,0xFF,0xFF,0x04,0x00,0x00,0x00,0x00,0x00,0xA2,
  0xFF,0xFF,0xA1,0x00,0xE8,0xFF,0xFF,0xFF,0x04,0x00,0x00,0x00,0x00,0x5D,0xFF,0xFF,0xE3,0x0F,0x00,0xE8,
  0xFF,0xFF,0xFF,0x04,0x00,0x00,0x00,0x25,0xF3,0xFF,0xFE,0x45,0x00,0x00,0xE8,0xFF,0xFF,0xFF,0x04,0x00,
  0x00,0x01,0xCE,0xFF,0xFF,0x95,0x00,0x00,0x00,0xE8,0xFF,0xFF,0xFF,0x04,0x00,0x00,0x04,0xFF,0xFF,0xDC,
  0x0B,0x00,0x00,0x00,0xE8,0xFF,0xFF,0xFF,0x04,0x00,0x00,0x04,0xFF,0xFF,0xFF,0xFF,0xFF,0xFF,0xFF,0xFF,
  0xFF,0xFF,0xFF,0xFF,0xFF,0x4C,0x04,0xFF,0xFF,0xFF,0xFF,0xFF,0xFF,0xFF,0xFF,0xFF,0xFF,0xFF,0xFF,0xFF,
  0x4C,0x00,0x00,0x00,0x00,0x00,0x00,0x00,0x00,0xE8,0xFF,0xFF,0xFF,0x04,0x00,0x00,0x00,0x00,0x00,0x00,
  0x00,0x00,0x00,0x00,0xE8,0xFF,0xFF,0xFF,0x04,0x00,0x00,0x00,0x00,0x00,0x00,0x00,0x00,0x00,0x00,0xE8,
  0xFF,0xFF,0xFF,0x04,0x00,0x00,0x00,0x00,0x00,0x00,0x00,0x00,0x00,0x00,0xE8,0xFF,0xFF,0xFF,0x04,0x00,
  0x00,0x00,0xAC,0xFF,0xFF,0xFF,0xFF,0xFF,0xFF,0xFF,0xFF,0xFF,0x9C,0x00,0x00,0xAC,0xFF,0xFF,0xFF,0xFF,
  0xFF,0xFF,0xFF,0xFF,0xFF,0x9C,0x00,0x00,0xAC,0xFF,0xFF,0xA0,0x00,0x00,0x00,0x00,0x00,0x00,0x00,0x00,
  0x00,0xAC,0xFF,0xFF,0xA0,0x00,0x00,0x00,0x00,0x00,0x00,0x00,0x00,0x00,0xAC,0xFF,0xFF,0xA0,0x00,0x00,
  0x00,0x00,0x00,0x00,0x00,0x00,0x00,0xAC,0xFF,0xFF,0xA0,0x00,0x00,0x00,0x00,0x00,0x00,0x00,0x00,0x00,
  0xAC,0xFF,0xFF,0xF0,0xEE,0xFC,0xF1,0xCD,0x88,0x1D,0x00,0x00,0x00,0xAC,0xFF,0xFF,0xFF,0xFF,0xFF,0xFF,
  0xFF,0xFF,0xF3,0x4F,0x00,0x00,0x95,0x8D,0x45,0x1F,0x09,0x2E,0xAB,0xFF,0xFF,0xFF,0xF8,0x23,0x00,0x00,
  0x00,0x00,0x00,0x00,0x00,0x02,0xC3,0xFF,0xFF,0xFF,0x89,0x00,0x00,0x00,0x00,0x00,0x00,0x00,0x00,0x73,
  0xFF,0xFF,0xFF,0xB7,0x00,0x00,0x00,0x00,0x00,0x00,0x00,0x00,0x73,0xFF,0xFF,0xFF,0xB6,0x00,0x00,0x00,
  0x00,0x00,0x00,0x00,0x02,0xC4,0xFF,0xFF,0xFF,0x84,0x48,0xC2,0x74,0x37,0x19,0x09,0x2E,0xAA,0xFF,0xFF,
  0xFF,0xF1,0x1B,0x4C,0xFF,0xFF,0xFF,0xFF,0xFF,0xFF,0xFF,0xFF,0xFF,0xE7,0x3B,0x00,0x03,0x3A,0x82,0xC0,
  0xDB,0xF3,0xF9,0xE8,0xBD,0x71,0x0E,0x00,0x00,0x00,0x00,0x00,0x00,0x50,0xAA,0xE1,0xF7,0xEC,0xCF,0x92,
  0x35,0x00,0x00,0x00,0x00,0x14,0xC0,0xFF,0xFF,0xFF,0xFF,0xFF,0xFF,0xFF,0xFF,0x14,0x00,0x00,0x09,0xD2,
  0xFF,0xFF,0xE8,0x65,0x21,0x09,0x29,0x5D,0xBD,0x13,0x00,0x00,0x8B,0xFF,0xFF,0xF8,0x2B,0x00,0x00,0x00,
  0x00,0x00,0x00,0x00,0x00,0x0E,0xF3,0xFF,0xFF,0x9E,0x00,0x00,0x00,0x00,0x00,0x00,0x00,0x00,0x00,0x4F,
  0xFF,0xFF,0xFF,0x9D,0xA8,0xDE,0xF8,0xED,0xBA,0x51,0x00,0x00,0x00,0x82,0xFF,0xFF,0xFF,0xFF,0xFF,0xFF,
  0xFF,0xFF,0xFF,0xFF,0x99,0x00,0x00,0x98,0xFF,0xFF,0xFF,0xFF,0xB2,0x1B,0x1F,0xC0,0xFF,0xFF,0xFF,0x66,
  0x00,0x9E,0xFF,0xFF,0xFF,0xFD,0x1B,0x00,0x00,0x2C,0xFF,0xFF,0xFF,0xD8,0x00,0x90,0xFF,0xFF,0xFF,0xE2,
  0x00,0x00,0x00,0x00,0xF3,0xFF,0xFF,0xFF,0x0E,0x6D,0xFF,0xFF,0xFF,0xD1,0x00,0x00,0x00,0x00,0xE2,0xFF,
  0xFF,0xFF,0x18,0x32,0xFF,0xFF,0xFF,0xE2,0x00,0x00,0x00,0x00,0xF3,0xFF,0xFF,0xF9,0x05,0x00,0xD1,0xFF,
  0xFF,0xFD,0x1B,0x00,0x00,0x2C,0xFF,0xFF,0xFF,0xB6,0x00,0x00,0x41,0xFE,0xFF,0xFF,0xB1,0x1B,0x1F,0xC0,
  0xFF,0xFF,0xFB,0x36,0x00,0x00,0x00,0x63,0xFB,0xFF,0xFF,0xFF,0xFF,0xFF,0xFF,0xF6,0x58,0x00,0x00,0x00,
  0x00,0x00,0x27,0x99,0xDC,0xF7,0xF5,0xD6,0x91,0x22,0x00,0x00,0x00,0x88,0xFF,0xFF,0xFF,0xFF,0xFF,0xFF,
  0xFF,0xFF,0xFF,0xFF,0xFF,0x90,0x88,0xFF,0xFF,0xFF,0xFF,0xFF,0xFF,0xFF,0xFF,0xFF,0xFF,0xFF,0x90,0x00,
  0x00,0x00,0x00,0x00,0x00,0x00,0x0E,0xF3,0xFF,0xFF,0xFF,0x75,0x00,0x00,0x00,0x00,0x00,0x00,0x00,0x6F,
  0xFF,0xFF,0xFF,0xF4,0x12,0x00,0x00,0x00,0x00,0x00,0x00,0x01,0xD9,0xFF,0xFF,0xFF,0x91,0x00,0x00,0x00,
  0x00,0x00,0x00,0x00,0x47,0xFF,0xFF,0xFF,0xFC,0x20,0x00,0x00,0x00,0x00,0x00,0x00,0x00,0xB4,0xFF,0xFF,
  0xFF,0xA7,0x00,0x00,0x00,0x00,0x00,0x00,0x00,0x21,0xFD,0xFF,0xFF,0xFF,0x33,0x00,0x00,0x00,0x00,0x00,
  0x00,0x00,0x8C,0xFF,0xFF,0xFF,0xBD,0x00,0x00,0x00,0x00,0x00,0x00,0x00,0x0A,0xEE,0xFF,0xFF,0xFF,0x48,
  0x00,0x00,0x00,0x00,0x00,0x00,0x00,0x65,0xFF,0xFF,0xFF,0xD2,0x00,0x00,0x00,0x00,0x00,0x00,0x00,0x00,
  0xD0,0xFF,0xFF,0xFF,0x5E,0x00,0x00,0x00,0x00,0x00,0x00,0x00,0x3D,0xFF,0xFF,0xFF,0xE4,0x05,0x00,0x00,
  0x00,0x00,0x00,0x00,0x00,0xAA,0xFF,0xFF,0xFF,0x74,0x00,0x00,0x00,0x00,0x00,0x00,0x00,0x1A,0xFB,0xFF,
  0xFF,0xF1,0x0E,0x00,0x00,0x00,0x00,0x00,0x00,0x00,0x82,0xFF,0xFF,0xFF,0x8A,0x00,0x00,0x00,0x00,0x00,
  0x00,0x00,0x00,0x1B,0x87,0xCB,0xEF,0xFC,0xF4,0xD9,0xA1,0x3C,0x00,0x00,0x00,0x41,0xF3,0xFF,0xFF,0xFF,
  0xFF,0xFF,0xFF,0xFF,0xFF,0x83,0x00,0x04,0xE5,0xFF,0xFF,0xFF,0x68,0x0D,0x3A,0xE8,0xFF,0xFF,0xFF,0x37,
  0x37,0xFF,0xFF,0xFF,0xC5,0x00,0x00,0x00,0x7C,0xFF,0xFF,0xFF,0x82,0x41,0xFF,0xFF,0xFF,0xA3,0x00,0x00,
  0x00,0x5C,0xFF,0xFF,0xFF,0x8C,0x17,0xFB,0xFF,0xFF,0xC4,0x00,0x00,0x00,0x7D,0xFF,0xFF,0xFF,0x5D,0x00,
  0x8C,0xFF,0xFF,0xFF,0x65,0x0C,0x39,0xE8,0xFF,0xFF,0xCE,0x05,0x00,0x00,0x6A,0xE1,0xFF,0xFF,0xFF,0xFF,
  0xFF,0xF5,0x91,0x0E,0x00,0x00,0x14,0x9C,0xF3,0xFF,0xFF,0xFF,0xFF,0xFF,0xFD,0xB9,0x34,0x00,0x0E,0xE0,
  0xFF,0xFF,0xEA,0x48,0x0B,0x28,0xC1,0xFF,0xFF,0xF8,0x39,0x74,0xFF,0xFF,0xFF,0x70,0x00,0x00,0x00,0x26,
  0xFF,0xFF,0xFF,0xBB,0x9E,0xFF,0xFF,0xFF,0x49,0x00,0x00,0x00,0x03,0xFE,0xFF,0xFF,0xE6,0x8E,0xFF,0xFF,
  0xFF,0x6F,0x00,0x00,0x00,0x26,0xFF,0xFF,0xFF,0xD5,0x3A,0xFF,0xFF,0xFF,0xE9,0x46,0x0A,0x28,0xC0,0xFF,
  0xFF,0xFF,0x81,0x00,0x7C,0xFE,0xFF,0xFF,0xFF,0xFF,0xFF,0xFF,0xFF,0xFF,0xB9,0x08,0x00,0x00,0x33,0x97,
  0xD2,0xF2,0xFD,0xF6,0xDE,0xAC,0x55,0x01,0x00,0x00,0x00,0x0E,0x77,0xC7,0xEF,0xF9,0xE4,0xAA,0x44,0x00,
  0x00,0x00,0x00,0x2B,0xDF,0xFF,0xFF,0xFF,0xFF,0xFF,0xFF,0xFF,0x96,0x02,0x00,0x0C,0xE1,0xFF,0xFF,0xE8,
  0x3C,0x11,0x7D,0xFF,0xFF,0xFF,0x7D,0x00,0x73,0xFF,0xFF,0xFF,0x71,0x00,0x00,0x00,0xD5,0xFF,0xFF,0xF9,
  0x17,0xBB,0xFF,0xFF,0xFF,0x36,0x00,0x00,0x00,0x9B,0xFF,0xFF,0xFF,0x73,0xD5,0xFF,0xFF,0xFF,0x25,0x00,
  0x00,0x00,0x8A,0xFF,0xFF,0xFF,0xAE,0xCB,0xFF,0xFF,0xFF,0x36,0x00,0x00,0x00,0x9B,0xFF,0xFF,0xFF,0xD3,
  0x97,0xFF,0xFF,0xFF,0x6F,0x00,0x00,0x00,0xD3,0xFF,0xFF,0xFF,0xE2,0x2C,0xFB,0xFF,0xFF,0xE7,0x3B,0x10,
  0x7A,0xFF,0xFF,0xFF,0xFF,0xDB,0x00,0x62,0xFB,0xFF,0xFF,0xFF,0xFF,0xFF,0xFF,0xFF,0xFF,0xFF,0xC5,0x00,
  0x00,0x32,0xA6,0xE5,0xFA,0xE8,0xC0,0x7D,0xFF,0xFF,0xFF,0x91,0x00,0x00,0x00,0x00,0x00,0x00,0x00,0x00,
  0x59,0xFF,0xFF,0xFF,0x44,0x00,0x00,0x00,0x00,0x00,0x00,0x00,0x08,0xD6,0xFF,0xFF,0xCC,0x00,0x00,0xAB,
  0x7C,0x31,0x0D,0x16,0x49,0xCC,0xFF,0xFF,0xF3,0x29,0x00,0x00,0xCC,0xFF,0xFF,0xFF,0xFF,0xFF,0xFF,0xFF,
  0xE2,0x33,0x00,0x00,0x00,0x1E,0x7C,0xC7,0xE6,0xFA,0xE9,0xBC,0x6D,0x09,0x00,0x00,0x00,0x8C,0xFF,0xFF,
  0xFF,0x58,0x8C,0xFF,0xFF,0xFF,0x58,0x8C,0xFF,0xFF,0xFF,0x58,0x8C,0xFF,0xFF,0xFF,0x58,0x00,0x00,0x00,
  0x00,0x00,0x00,0x00,0x00,0x00,0x00,0x00,0x00,0x00,0x00,0x00,0x00,0x00,0x00,0x00,0x00,0x8C,0xFF,0xFF,
  0xFF,0x58,0x8C,0xFF,0xFF,0xFF,0x58,0x8C,0xFF,0xFF,0xFF,0x58,0x8C,0xFF,0xFF,0xFF,0x58,0x00,0x8C,0xFF,
  0xFF,0xFF,0x58,0x00,0x8C,0xFF,0xFF,0xFF,0x58,0x00,0x8C,0xFF,0xFF,0xFF,0x58,0x00,0x8C,0xFF,0xFF,0xFF,
  0x58,0x00,0x00,0x00,0x00,0x00,0x00,0x00,0x00,0x00,0x00,0x00,0x00,0x00,0x00,0x00,0x00,0x00,0x00,0x00,
  0x00,0x00,0x00,0x00,0x00,0x00,0x8C,0xFF,0xFF,0xFF,0x58,0x00,0x8C,0xFF,0xFF,0xFF,0x58,0x00,0x8C,0xFF,
  0xFF,0xFF,0x58,0x00,0xA5,0xFF,0xFF,0xF5,0x23,0x01,0xE9,0xFF,0xFF,0x68,0x00,0x32,0xFF,0xFF,0xB5,0x00,
  0x00,0x79,0xFF,0xEC,0x18,0x00,0x00,0x00,0x00,0x00,0x00,0x00,0x00,0x00,0x00,0x00,0x00,0x00,0x1A,0x70,
  0xC9,0x1B,0x00,0x00,0x00,0x00,0x00,0x00,0x00,0x00,0x13,0x66,0xBF,0xFD,0xFF,0xFF,0x1C,0x00,0x00,0x00,
  0x00,0x00,0x0C,0x5B,0xB4,0xFA,0xFF,0xFF,0xFF,0xFE,0xC8,0x10,0x00,0x00,0x07,0x51,0xAA,0xF6,0xFF,0xFF,
  0xFF,0xFE,0xC7,0x72,0x1E,0x00,0x00,0x39,0x9F,0xF0,0xFF,0xFF,0xFF,0xFE,0xC5,0x71,0x1D,0x00,0x00,0x00,
  0x00,0x00,0xAC,0xFF,0xFF,0xFE,0xC4,0x6F,0x1B,0x00,0x00,0x00,0x00,0x00,0x00,0x00,0x00,0xAC,0xFF,0xFF,
  0xFC,0xBC,0x68,0x17,0x00,0x00,0x00,0x00,0x00,0x00,0x00,0x00,0x39,0xA0,0xF1,0xFF,0xFF,0xFF,0xFD,0xC0,
  0x6C,0x19,0x00,0x00,0x00,0x00,0x00,0x00,0x00,0x08,0x52,0xAB,0xF6,0xFF,0xFF,0xFF,0xFD,0xC3,0x6F,0x1C,
  0x00,0x00,0x00,0x00,0x00,0x00,0x00,0x0C,0x5C,0xB5,0xFA,0xFF,0xFF,0xFF,0xFE,0xC7,0x10,0x00,0x00,0x00,
  0x00,0x00,0x00,0x00,0x00,0x13,0x67,0xC0,0xFD,0xFF,0xFF,0x1C,0x00,0x00,0x00,0x00,0x00,0x00,0x00,0x00,
  0x00,0x00,0x00,0x1A,0x71,0xCA,0x1B,0xAC,0xFF,0xFF,0xFF,0xFF,0xFF,0xFF,0xFF,0xFF,0xFF,0xFF,0xFF,0xFF,
  0xFF,0x1C,0xAC,0xFF,0xFF,0xFF,0xFF,0xFF,0xFF,0xFF,0xFF,0xFF,0xFF,0xFF,0xFF,0xFF,0x1C,0xAC,0xFF,0xFF,
  0xFF,0xFF,0xFF,0xFF,0xFF,0xFF,0xFF,0xFF,0xFF,0xFF,0xFF,0x1C,0x00,0x00,0x00,0x00,0x00,0x00,0x00,0x00,
  0x00,0x00,0x00,0x00,0x00,0x00,0x00,0x00,0x00,0x00,0x00,0x00,0x00,0x00,0x00,0x00,0x00,0x00,0x00,0x00,
  0x00,0x00,0xAC,0xFF,0xFF,0xFF,0xFF,0xFF,0xFF,0xFF,0xFF,0xFF,0xFF,0xFF,0xFF,0xFF,0x1C,0xAC,0xFF,0xFF,
  0xFF,0xFF,0xFF,0xFF,0xFF,0xFF,0xFF,0xFF,0xFF,0xFF,0xFF,0x1C,0xAC,0xFF,0xFF,0xFF,0xFF,0xFF,0xFF,0xFF,
  0xFF,0xFF,0xFF,0xFF,0xFF,0xFF,0x1C,0x97,0x97,0x3E,0x01,0x00,0x00,0x00,0x00,0x00,0x00,0x00,0x00,0x00,
  0x00,0x00,0xAC,0xFF,0xFF,0xE3,0x8D,0x34,0x00,0x00,0x00,0x00,0x00,0x00,0x00,0x00,0x00,0x76,0xF0,0xFF,
  0xFF,0xFF,0xFF,0xDB,0x82,0x29,0x00,0x00,0x00,0x00,0x00,0x00,0x00,0x06,0x4C,0xA1,0xEF,0xFF,0xFF,0xFF,
  0xFF,0xD0,0x78,0x20,0x00,0x00,0x00,0x00,0x00,0x00,0x00,0x06,0x4B,0xA0,0xEE,0xFF,0xFF,0xFF,0xFF,0xC6,
  0x6D,0x06,0x00,0x00,0x00,0x00,0x00,0x00,0x00,0x05,0x49,0x9E,0xEE,0xFF,0xFF,0xFF,0x1C,0x00,0x00,0x00,
  0x00,0x00,0x00,0x00,0x03,0x42,0x96,0xE8,0xFF,0xFF,0xFF,0x1C,0x00,0x00,0x00,0x00,0x04,0x46,0x9A,0xEA,
  0xFF,0xFF,0xFF,0xFF,0xC7,0x6E,0x06,0x00,0x06,0x4A,0x9E,0xED,0xFF,0xFF,0xFF,0xFF,0xD1,0x79,0x20,0x00,
  0x00,0x00,0x76,0xF0,0xFF,0xFF,0xFF,0xFF,0xDB,0x83,0x2A,0x00,0x00,0x00,0x00,0x00,0x00,0xAC,0xFF,0xFF,
  0xE4,0x8E,0x35,0x00,0x00,0x00,0x00,0x00,0x00,0x00,0x00,0x00,0x98,0x98,0x3F,0x01,0x00,0x00,0x00,0x00,
  0x00,0x00,0x00,0x00,0x00,0x00,0x00,0x0A,0x59,0xA4,0xD2,0xF1,0xF9,0xE3,0xB0,0x4F,0x00,0x00,0x7C,0xFF,
  0xFF,0xFF,0xFF,0xFF,0xFF,0xFF,0xFF,0x8D,0x00,0x71,0xA6,0x4E,0x22,0x08,0x34,0xE3,0xFF,0xFF,0xFF,0x22,
  0x00,0x00,0x00,0x00,0x00,0x00,0x97,0xFF,0xFF,0xFF,0x4C,0x00,0x00,0x00,0x00,0x00,0x11,0xE2,0xFF,0xFF,
  0xFF,0x2E,0x00,0x00,0x00,0x00,0x15,0xD0,0xFF,0xFF,0xFF,0xB4,0x00,0x00,0x00,0x00,0x11,0xD2,0xFF,0xFF,
  0xFF,0xBF,0x0D,0x00,0x00,0x00,0x00,0xB0,0xFF,0xFF,0xFF,0xB6,0x08,0x00,0x00,0x00,0x00,0x20,0xFF,0xFF,
  0xFF,0xE1,0x0A,0x00,0x00,0x00,0x00,0x00,0x41,0xFF,0xFF,0xFF,0xA3,0x00,0x00,0x00,0x00,0x00,0x00,0x00,
  0x00,0x00,0x00,0x00,0x00,0x00,0x00,0x00,0x00,0x00,0x00,0x00,0x00,0x00,0x00,0x00,0x00,0x00,0x00,0x00,
  0x00,0x44,0xFF,0xFF,0xFF,0x9C,0x00,0x00,0x00,0x00,0x00,0x00,0x44,0xFF,0xFF,0xFF,0x9C,0x00,0x00,0x00,
  0x00,0x00,0x00,0x44,0xFF,0xFF,0xFF,0x9C,0x00,0x00,0x00,0x00,0x00,0x00,0x44,0xFF,0xFF,0xFF,0x9C,0x00,
  0x00,0x00,0x00,0x00,0x00,0x00,0x00,0x00,0x01,0x48,0x98,0xD6,0xF0,0xF6,0xDE,0xBC,0x6F,0x1B,0x00,0x00,
  0x00,0x00,0x00,0x00,0x00,0x00,0x00,0x3C,0xCD,0xFF,0xFF,0xFF,0xFF,0xFF,0xFF,0xFF,0xFF,0xF9,0x86,0x0B,
  0x00,0x00,0x00,0x00,0x00,0x00,0x6C,0xFB,0xFF,0xDF,0x7A,0x35,0x0E,0x07,0x1E,0x51,0xA6,0xFD,0xFF,0xCB,
  0x11,0x00,0x00,0x00,0x00,0x5D,0xFF,0xFF,0x89,0x06,0x00,0x00,0x00,0x00,0x00,0x00,0x00,0x31,0xD8,0xFF,
  0xCB,0x06,0x00,0x00,0x22,0xF8,0xFF,0x6A,0x00,0x00,0x00,0x00,0x00,0x00,0x00,0x00,0x00,0x00,0x17,0xD9,
  0xFF,0x7C,0x00,0x00,0xA6,0xFF,0xA8,0x00,0x00,0x00,0x6D,0xD7,0xF9,0xDC,0x62,0xAC,0xFF,0x94,0x00,0x3A,
  0xFF,0xEB,0x05,0x0E,0xFA,0xFE,0x21,0x00,0x00,0x8D,0xFF,0xFF,0xFF,0xFF,0xFF,0xE4,0xFF,0x94,0x00,0x00,
  0xD0,0xFF,0x3C,0x51,0xFF,0xBF,0x00,0x00,0x26,0xFE,0xFF,0xB3,0x1A,0x1A,0xB1,0xFF,0xFF,0x94,0x00,0x00,
  0x9E,0xFF,0x62,0x74,0xFF,0x92,0x00,0x00,0x6E,0xFF,0xFF,0x19,0x00,0x00,0x14,0xFE,0xFF,0x94,0x00,0x00,
  0x9C,0xFF,0x67,0x86,0xFF,0x7A,0x00,0x00,0x83,0xFF,0xF4,0x00,0x00,0x00,0x00,0xED,0xFF,0x94,0x00,0x00,
  0xC4,0xFF,0x4B,0x74,0xFF,0x8C,0x00,0x00,0x6E,0xFF,0xFF,0x19,0x00,0x00,0x15,0xFE,0xFF,0x94,0x00,0x35,
  0xFF,0xF6,0x0D,0x53,0xFF,0xBD,0x00,0x00,0x26,0xFE,0xFF,0xB3,0x1A,0x19,0xB0,0xFF,0xFF,0x9B,0x53,0xEA,
  0xFF,0x81,0x00,0x10,0xFB,0xFB,0x19,0x00,0x00,0x8D,0xFF,0xFF,0xFF,0xFF,0xFF,0xE2,0xFF,0xFF,0xFF,0xFF,
  0x9C,0x02,0x00,0x00,0xAD,0xFF,0x9C,0x00,0x00,0x00,0x6D,0xD7,0xF9,0xDC,0x61,0xAC,0xFE,0xE4,0xA9,0x43,
  0x00,0x00,0x00,0x00,0x29,0xFB,0xFF,0x60,0x00,0x00,0x00,0x00,0x00,0x00,0x00,0x07,0x02,0x00,0x00,0x00,
  0x00,0x00,0x00,0x00,0x00,0x69,0xFF,0xFD,0x7D,0x04,0x00,0x00,0x00,0x00,0x00,0x00,0x04,0x7F,0x71,0x00,
  0x00,0x00,0x00,0x00,0x00,0x00,0x78,0xFD,0xFF,0xDC,0x73,0x2D,0x0D,0x09,0x29,0x6F,0xDB,0xFF,0xF4,0x18,
  0x00,0x00,0x00,0x00,0x00,0x00,0x00,0x45,0xD6,0xFF,0xFF,0xFF,0xFF,0xFF,0xFF,0xFF,0xFF,0xE9,0x61,0x00,
  0x00,0x00,0x00,0x00,0x00,0x00,0x00,0x00,0x02,0x52,0xA0,0xD9,0xF1,0xF8,0xE1,0xAD,0x61,0x08,0x00,0x00,
  0x00,0x00,0x00,0x00,0x00,0x00,0x00,0x00,0x24,0xFF,0xFF,0xFF,0xFF,0xFF,0x2B,0x00,0x00,0x00,0x00,0x00,
  0x00,0x00,0x00,0x00,0x00,0x83,0xFF,0xFF,0xFF,0xFF,0xFF,0x89,0x00,0x00,0x00,0x00,0x00,0x00,0x00,0x00,
  0x00,0x01,0xE0,0xFF,0xFF,0xFF,0xFF,0xFF,0xE5,0x03,0x00,0x00,0x00,0x00,0x00,0x00,0x00,0x00,0x41,0xFF,
  0xFF,0xFF,0xF8,0xFF,0xFF,0xFF,0x47,0x00,0x00,0x00,0x00,0x00,0x00,0x00,0x00,0xA0,0xFF,0xFF,0xFF,0x71,
  0xFF,0xFF,0xFF,0xA6,0x00,0x00,0x00,0x00,0x00,0x00,0x00,0x0B,0xF3,0xFF,0xFF,0xE1,0x01,0xDB,0xFF,0xFF,
  0xF6,0x0F,0x00,0x00,0x00,0x00,0x00,0x00,0x5E,0xFF,0xFF,0xFF,0x89,0x00,0x83,0xFF,0xFF,0xFF,0x64,0x00,
  0x00,0x00,0x00,0x00,0x00,0xBD,0xFF,0xFF,0xFF,0x2F,0x00,0x2A,0xFF,0xFF,0xFF,0xC3,0x00,0x00,0x00,0x00,
  0x00,0x1D,0xFD,0xFF,0xFF,0xD6,0x00,0x00,0x00,0xD1,0xFF,0xFF,0xFF,0x23,0x00,0x00,0x00,0x00,0x7B,0xFF,
  0xFF,0xFF,0x7C,0x00,0x00,0x00,0x78,0xFF,0xFF,0xFF,0x81,0x00,0x00,0x00,0x00,0xD9,0xFF,0xFF,0xFF,0xFF,
  0xFF,0xFF,0xFF,0xFF,0xFF,0xFF,0xFF,0xDF,0x01,0x00,0x00,0x39,0xFF,0xFF,0xFF,0xFF,0xFF,0xFF,0xFF,0xFF,
  0xFF,0xFF,0xFF,0xFF,0xFF,0x3F,0x00,0x00,0x98,0xFF,0xFF,0xFF,0x26,0x00,0x00,0x00,0x00,0x00,0x20,0xFF,
  0xFF,0xFF,0x9E,0x00,0x07,0xEF,0xFF,0xFF,0xE5,0x00,0x00,0x00,0x00,0x00,0x00,0x00,0xDF,0xFF,0xFF,0xF3,
  0x0A,0x56,0xFF,0xFF,0xFF,0xA4,0x00,0x00,0x00,0x00,0x00,0x00,0x00,0x9E,0xFF,0xFF,0xFF,0x5C,0xB5,0xFF,
  0xFF,0xFF,0x64,0x00,0x00,0x00,0x00,0x00,0x00,0x00,0x5D,0xFF,0xFF,0xFF,0xBC,0xFC,0xFF,0xFF,0xFF,0xFF,
  0xFF,0xFC,0xF0,0xD2,0x9B,0x38,0x00,0x00,0x00,0xFC,0xFF,0xFF,0xFF,0xFF,0xFF,0xFF,0xFF,0xFF,0xFF,0xFF,
  0x7D,0x00,0x00,0xFC,0xFF,0xFF,0xFF,0x28,0x00,0x07,0x58,0xFD,0xFF,0xFF,0xFE,0x2C,0x00,0xFC,0xFF,0xFF,
  0xFF,0x28,0x00,0x00,0x00,0xB7,0xFF,0xFF,0xFF,0x75,0x00,0xFC,0xFF,0xFF,0xFF,0x28,0x00,0x00,0x00,0x98,
  0xFF,0xFF,0xFF,0x89,0x00,0xFC,0xFF,0xFF,0xFF,0x28,0x00,0x00,0x00,0xB6,0xFF,0xFF,0xFF,0x6C,0x00,0xFC,
  0xFF,0xFF,0xFF,0x28,0x00,0x07,0x56,0xFD,0xFF,0xFF,0xF0,0x16,0x00,0xFC,0xFF,0xFF,0xFF,0xFF,0xFF,0xFF,
  0xFF,0xFF,0xFF,0xDA,0x37,0x00,0x00,0xFC,0xFF,0xFF,0xFF,0xFF,0xFF,0xFF,0xFF,0xFF,0xFF,0xF9,0x99,0x06,
  0x00,0xFC,0xFF,0xFF,0xFF,0x28,0x00,0x03,0x27,0xB7,0xFF,0xFF,0xFF,0x9A,0x00,0xFC,0xFF,0xFF,0xFF,0x28,
  0x00,0x00,0x00,0x16,0xFF,0xFF,0xFF,0xFB,0x0D,0xFC,0xFF,0xFF,0xFF,0x28,0x00,0x00,0x00,0x00,0xF1,0xFF,
  0xFF,0xFF,0x2E,0xFC,0xFF,0xFF,0xFF,0x28,0x00,0x00,0x00,0x18,0xFF,0xFF,0xFF,0xFF,0x20,0xFC,0xFF,0xFF,
  0xFF,0x28,0x00,0x03,0x27,0xB9,0xFF,0xFF,0xFF,0xD1,0x00,0xFC,0xFF,0xFF,0xFF,0xFF,0xFF,0xFF,0xFF,0xFF,
  0xFF,0xFF,0xEA,0x31,0x00,0xFC,0xFF,0xFF,0xFF,0xFF,0xFF,0xFF,0xF9,0xE8,0xC0,0x78,0x11,0x00,0x00,0x00,
  0x00,0x00,0x00,0x26,0x87,0xC5,0xE8,0xF9,0xF1,0xDD,0xBF,0x82,0x37,0x00,0x00,0x0B,0x9D,0xFE,0xFF,0xFF,
  0xFF,0xFF,0xFF,0xFF,0xFF,0xFF,0xBC,0x00,0x0D,0xCE,0xFF,0xFF,0xFF,0xCB,0x4A,0x10,0x0A,0x30,0x87,0xF4,
  0xBC,0x00,0xA9,0xFF,0xFF,0xFF,0xBE,0x07,0x00,0x00,0x00,0x00,0x00,0x1E,0x86,0x34,0xFF,0xFF,0xFF,0xFB,
  0x1F,0x00,0x00,0x00,0x00,0x00,0x00,0x00,0x00,0x8D,0xFF,0xFF,0xFF,0xB6,0x00,0x00,0x00,0x00,0x00,0x00,
  0x00,0x00,0x00,0xC6,0xFF,0xFF,0xFF,0x7F,0x00,0x00,0x00,0x00,0x00,0x00,0x00,0x00,0x00,0xDD,0xFF,0xFF,
  0xFF,0x67,0x00,0x00,0x00,0x00,0x00,0x00,0x00,0x00,0x00,0xDE,0xFF,0xFF,0xFF,0x67,0x00,0x00,0x00,0x00,
  0x00,0x00,0x00,0x00,0x00,0xC6,0xFF,0xFF,0xFF,0x7F,0x00,0x00,0x00,0x00,0x00,0x00,0x00,0x00,0x00,0x8D,
  0xFF,0xFF,0xFF,0xB6,0x00,0x00,0x00,0x00,0x00,0x00,0x00,0x00,0x00,0x35,0xFF,0xFF,0xFF,0xFB,0x1E,0x00,
  0x00,0x00,0x00,0x00,0x00,0x00,0x00,0x00,0xA9,0xFF,0xFF,0xFF,0xBC,0x06,0x00,0x00,0x00,0x00,0x00,0x1E,
  0x86,0x00,0x0D,0xCE,0xFF,0xFF,0xFF,0xC9,0x49,0x0E,0x09,0x2F,0x86,0xF4,0xBC,0x00,0x00,0x0B,0x9E,0xFE,
  0xFF,0xFF,0xFF,0xFF,0xFF,0xFF,0xFF,0xFF,0xBC,0x00,0x00,0x00,0x00,0x27,0x87,0xC6,0xEA,0xFA,0xF2,0xDE,
  0xC0,0x84,0x37,0xFC,0xFF,0xFF,0xFF,0xFE,0xF9,0xEF,0xDD,0xBC,0x89,0x2E,0x00,0x00,0x00,0x00,0x00,0xFC,
  0xFF,0xFF,0xFF,0xFF,0xFF,0xFF,0xFF,0xFF,0xFF,0xFF,0xB8,0x19,0x00,0x00,0x00,0xFC,0xFF,0xFF,0xFF,0x28,
  0x01,0x12,0x48,0xB9,0xFF,0xFF,0xFF,0xE8,0x24,0x00,0x00,0xFC,0xFF,0xFF,0xFF,0x28,0x00,0x00,0x00,0x00,
  0x90,0xFF,0xFF,0xFF,0xD7,0x06,0x00,0xFC,0xFF,0xFF,0xFF,0x28,0x00,0x00,0x00,0x00,0x05,0xDC,0xFF,0xFF,
  0xFF,0x69,0x00,0xFC,0xFF,0xFF,0xFF,0x28,0x00,0x00,0x00,0x00,0x00,0x7C,0xFF,0xFF,0xFF,0xC2,0x00,0xFC,
  0xFF,0xFF,0xFF,0x28,0x00,0x00,0x00,0x00,0x00,0x46,0xFF,0xFF,0xFF,0xF9,0x01,0xFC,0xFF,0xFF,0xFF,0x28,
  0x00,0x00,0x00,0x00,0x00,0x2F,0xFF,0xFF,0xFF,0xFF,0x11,0xFC,0xFF,0xFF,0xFF,0x28,0x00,0x00,0x00,0x00,
  0x00,0x31,0xFF,0xFF,0xFF,0xFF,0x11,0xFC,0xFF,0xFF,0xFF,0x28,0x00,0x00,0x00,0x00,0x00,0x47,0xFF,0xFF,
  0xFF,0xF9,0x01,0xFC,0xFF,0xFF,0xFF,0x28,0x00,0x00,0x00,0x00,0x00,0x7E,0xFF,0xFF,0xFF,0xC1,0x00,0xFC,
  0xFF,0xFF,0xFF,0x28,0x00,0x00,0x00,0x00,0x06,0xDD,0xFF,0xFF,0xFF,0x69,0x00,0xFC,0xFF,0xFF,0xFF,0x28,
  0x00,0x00,0x00,0x00,0x94,0xFF,0xFF,0xFF,0xD7,0x06,0x00,0xFC,0xFF,0xFF,0xFF,0x28,0x01,0x11,0x48,0xBA,
  0xFF,0xFF,0xFF,0xE8,0x25,0x00,0x00,0xFC,0xFF,0xFF,0xFF,0xFF,0xFF,0xFF,0xFF,0xFF,0xFF,0xFF,0xB7,0x19,
  0x00,0x00,0x00,0xFC,0xFF,0xFF,0xFF,0xFF,0xFB,0xF1,0xDE,0xBE,0x8B,0x2F,0x00,0x00,0x00,0x00,0x00,0xFC,
  0xFF,0xFF,0xFF,0xFF,0xFF,0xFF,0xFF,0xFF,0xFF,0xFF,0x30,0xFC,0xFF,0xFF,0xFF,0xFF,0xFF,0xFF,0xFF,0xFF,
  0xFF,0xFF,0x30,0xFC,0xFF,0xFF,0xFF,0x28,0x00,0x00,0x00,0x00,0x00,0x00,0x00,0xFC,0xFF,0xFF,0xFF,0x28,
  0x00,0x00,0x00,0x00,0x00,0x00,0x00,0xFC,0xFF,0xFF,0xFF,0x28,0x00,0x00,0x00,0x00,0x00,0x00,0x00,0xFC,
  0xFF,0xFF,0xFF,0x28,0x00,0x00,0x00,0x00,0x00,0x00,0x00,0xFC,0xFF,0xFF,0xFF,0x28,0x00,0x00,0x00,0x00,
  0x00,0x00,0x00,0xFC,0xFF,0xFF,0xFF,0xFF,0xFF,0xFF,0xFF,0xFF,0xFF,0xC4,0x00,0xFC,0xFF,0xFF,0xFF,0xFF,
  0xFF,0xFF,0xFF,0xFF,0xFF,0xC4,0x00,0xFC,0xFF,0xFF,0xFF,0x28,0x00,0x00,0x00,0x00,0x00,0x00,0x00,0xFC,
  0xFF,0xFF,0xFF,0x28,0x00,0x00,0x00,0x00,0x00,0x00,0x00,0xFC,0xFF,0xFF,0xFF,0x28,0x00,0x00,0x00,0x00,
  0x00,0x00,0x00,0xFC,0xFF,0xFF,0xFF,0x28,0x00,0x00,0x00,0x00,0x00,0x00,0x00,0xFC,0xFF,0xFF,0xFF,0x28,
  0x00,0x00,0x00,0x00,0x00,0x00,0x00,0xFC,0xFF,0xFF,0xFF,0xFF,0xFF,0xFF,0xFF,0xFF,0xFF,0xFF,0x6C,0xFC,
  0xFF,0xFF,0xFF,0xFF,0xFF,0xFF,0xFF,0xFF,0xFF,0xFF,0x6C,0xFC,0xFF,0xFF,0xFF,0xFF,0xFF,0xFF,0xFF,0xFF,
  0xFF,0xFF,0x30,0xFC,0xFF,0xFF,0xFF,0xFF,0xFF,0xFF,0xFF,0xFF,0xFF,0xFF,0x30,0xFC,0xFF,0xFF,0xFF,0x28,
  0x00,0x00,0x00,0x00,0x00,0x00,0x00,0xFC,0xFF,0xFF,0xFF,0x28,0x00,0x00,0x00,0x00,0x00,0x00,0x00,0xFC,
  0xFF,0xFF,0xFF,0x28,0x00,0x00,0x00,0x00,0x00,0x00,0x00,0xFC,0xFF,0xFF,0xFF,0x28,0x00,0x00,0x00,0x00,
  0x00,0x00,0x00,0xFC,0xFF,0xFF,0xFF,0x28,0x00,0x00,0x00,0x00,0x00,0x00,0x00,0xFC,0xFF,0xFF,0xFF,0xFF,
  0xFF,0xFF,0xFF,0xFF,0xFF,0xC4,0x00,0xFC,0xFF,0xFF,0xFF,0xFF,0xFF,0xFF,0xFF,0xFF,0xFF,0xC4,0x00,0xFC,
  0xFF,0xFF,0xFF,0x28,0x00,0x00,0x00,0x00,0x00,0x00,0x00,0xFC,0xFF,0xFF,0xFF,0x28,0x00,0x00,0x00,0x00,
  0x00,0x00,0x00,0xFC,0xFF,0xFF,0xFF,0x28,0x00,0x00,0x00,0x00,0x00,0x00,0x00,0xFC,0xFF,0xFF,0xFF,0x28,
  0x00,0x00,0x00,0x00,0x00,0x00,0x00,0xFC,0xFF,0xFF,0xFF,0x28,0x00,0x00,0x00,0x00,0x00,0x00,0x00,0xFC,
  0xFF,0xFF,0xFF,0x28,0x00,0x00,0x00,0x00,0x00,0x00,0x00,0xFC,0xFF,0xFF,0xFF,0x28,0x00,0x00,0x00,0x00,
  0x00,0x00,0x00,0x00,0x00,0x00,0x00,0x20,0x7F,0xBC,0xE4,0xF6,0xF7,0xE6,0xD5,0xB4,0x7D,0x3F,0x00,0x00,
  0x00,0x0A,0x96,0xFC,0xFF,0xFF,0xFF,0xFF,0xFF,0xFF,0xFF,0xFF,0xFF,0xD8,0x00,0x00,0x0C,0xCB,0xFF,0xFF,
  0xFF,0xD7,0x5B,0x19,0x06,0x18,0x50,0xA8,0xFC,0xD8,0x00,0x00,0xA8,0xFF,0xFF,0xFF,0xC3,0x0B,0x00,0x00,
  0x00,0x00,0x00,0x00,0x28,0x9C,0x00,0x34,0xFF,0xFF,0xFF,0xFB,0x21,0x00,0x00,0x00,0x00,0x00,0x00,0x00,
  0x00,0x00,0x00,0x8C,0xFF,0xFF,0xFF,0xB6,0x00,0x00,0x00,0x00,0x00,0x00,0x00,0x00,0x00,0x00,0x00,0xC6,
  0xFF,0xFF,0xFF,0x7E,0x00,0x00,0x00,0x00,0x00,0x00,0x00,0x00,0x00,0x00,0x00,0xDD,0xFF,0xFF,0xFF,0x67,
  0x00,0x00,0x00,0x04,0xFF,0xFF,0xFF,0xFF,0xFF,0xFF,0x70,0xDE,0xFF,0xFF,0xFF,0x66,0x00,0x00,0x00,0x04,
  0xFF,0xFF,0xFF,0xFF,0xFF,0xFF,0x70,0xC6,0xFF,0xFF,0xFF,0x7D,0x00,0x00,0x00,0x00,0x00,0x00,0x7C,0xFF,
  0xFF,0xFF,0x70,0x8D,0xFF,0xFF,0xFF,0xB4,0x00,0x00,0x00,0x00,0x00,0x00,0x7C,0xFF,0xFF,0xFF,0x70,0x35,
  0xFF,0xFF,0xFF,0xFA,0x1C,0x00,0x00,0x00,0x00,0x00,0x7C,0xFF,0xFF,0xFF,0x70,0x00,0xA9,0xFF,0xFF,0xFF,
  0xBA,0x07,0x00,0x00,0x00,0x00,0x7C,0xFF,0xFF,0xFF,0x70,0x00,0x0D,0xCE,0xFF,0xFF,0xFF,0xCD,0x50,0x13,
  0x06,0x23,0xAF,0xFF,0xFF,0xFF,0x70,0x00,0x00,0x0B,0x9E,0xFE,0xFF,0xFF,0xFF,0xFF,0xFF,0xFF,0xFF,0xFF,
  0xFF,0xFF,0x70,0x00,0x00,0x00,0x00,0x27,0x87,0xC6,0xEA,0xFA,0xF3,0xE0,0xCE,0xAE,0x74,0x38,0x05,0xFC,
  0xFF,0xFF,0xFF,0x28,0x00,0x00,0x00,0x00,0x00,0xC0,0xFF,0xFF,0xFF,0x64,0xFC,0xFF,0xFF,0xFF,0x28,0x00,
  0x00,0x00,0x00,0x00,0xC0,0xFF,0xFF,0xFF,0x64,0xFC,0xFF,0xFF,0xFF,0x28,0x00,0x00,0x00,0x00,0x00,0xC0,
  0xFF,0xFF,0xFF,0x64,0xFC,0xFF,0xFF,0xFF,0x28,0x00,0x00,0x00,0x00,0x00,0xC0,0xFF,0xFF,0xFF,0x64,0xFC,
  0xFF,0xFF,0xFF,0x28,0x00,0x00,0x00,0x00,0x00,0xC0,0xFF,0xFF,0xFF,0x64,0xFC,0xFF,0xFF,0xFF,0x28,0x00,
  0x00,0x00,0x00,0x00,0xC0,0xFF,0xFF,0xFF,0x64,0xFC,0xFF,0xFF,0xFF,0x28,0x00,0x00,0x00,0x00,0x00,0xC0,
  0xFF,0xFF,0xFF,0x64,0xFC,0xFF,0xFF,0xFF,0xFF,0xFF,0xFF,0xFF,0xFF,0xFF,0xFF,0xFF,0xFF,0xFF,0x64,0xFC,
  0xFF,0xFF,0xFF,0xFF,0xFF,0xFF,0xFF,0xFF,0xFF,0xFF,0xFF,0xFF,0xFF,0x64,0xFC,0xFF,0xFF,0xFF,0x28,0x00,
  0x00,0x00,0x00,0x00,0xC0,0xFF,0xFF,0xFF,0x64,0xFC,0xFF,0xFF,0xFF,0x28,0x00,0x00,0x00,0x00,0x00,0xC0,
  0xFF,0xFF,0xFF,0x64,0xFC,0xFF,0xFF,0xFF,0x28,0x00,0x00,0x00,0x00,0x00,0xC0,0xFF,0xFF,0xFF,0x64,0xFC,
  0xFF,0xFF,0xFF,0x28,0x00,0x00,0x00,0x00,0x00,0xC0,0xFF,0xFF,0xFF,0x64,0xFC,0xFF,0xFF,0xFF,0x28,0x00,
  0x00,0x00,0x00,0x00,0xC0,0xFF,0xFF,0xFF,0x64,0xFC,0xFF,0xFF,0xFF,0x28,0x00,0x00,0x00,0x00,0x00,0xC0,
  0xFF,0xFF,0xFF,0x64,0xFC,0xFF,0xFF,0xFF,0x28,0x00,0x00,0x00,0x00,0x00,0xC0,0xFF,0xFF,0xFF,0x64,0xFC,
  0xFF,0xFF,0xFF,0x28,0xFC,0xFF,0xFF,0xFF,0x28,0xFC,0xFF,0xFF,0xFF,0x28,0xFC,0xFF,0xFF,0xFF,0x28,0xFC,
  0xFF,0xFF,0xFF,0x28,0xFC,0xFF,0xFF,0xFF,0x28,0xFC,0xFF,0xFF,0xFF,0x28,0xFC,0xFF,0xFF,0xFF,0x28,0xFC,
  0xFF,0xFF,0xFF,0x28,0xFC,0xFF,0xFF,0xFF,0x28,0xFC,0xFF,0xFF,0xFF,0x28,0xFC,0xFF,0xFF,0xFF,0x28,0xFC,
  0xFF,0xFF,0xFF,0x28,0xFC,0xFF,0xFF,0xFF,0x28,0xFC,0xFF,0xFF,0xFF,0x28,0xFC,0xFF,0xFF,0xFF,0x28,0x00,
  0x00,0x00,0x00,0xFC,0xFF,0xFF,0xFF,0x28,0x00,0x00,0x00,0x00,0xFC,0xFF,0xFF,0xFF,0x28,0x00,0x00,0x00,
  0x00,0xFC,0xFF,0xFF,0xFF,0x28,0x00,0x00,0x00,0x00,0xFC,0xFF,0xFF,0xFF,0x28,0x00,0x00,0x00,0x00,0xFC,
  0xFF,0xFF,0xFF,0x28,0x00,0x00,0x00,0x00,0xFC,0xFF,0xFF,0xFF,0x28,0x00,0x00,0x00,0x00,0xFC,0xFF,0xFF,
  0xFF,0x28,0x00,0x00,0x00,0x00,0xFC,0xFF,0xFF,0xFF,0x28,0x00,0x00,0x00,0x00,0xFC,0xFF,0xFF,0xFF,0x28,
  0x00,0x00,0x00,0x00,0xFC,0xFF,0xFF,0xFF,0x28,0x00,0x00,0x00,0x00,0xFC,0xFF,0xFF,0xFF,0x28,0x00,0x00,
  0x00,0x00,0xFC,0xFF,0xFF,0xFF,0x28,0x00,0x00,0x00,0x00,0xFC,0xFF,0xFF,0xFF,0x28,0x00,0x00,0x00,0x00,
  0xFC,0xFF,0xFF,0xFF,0x28,0x00,0x00,0x00,0x00,0xFC,0xFF,0xFF,0xFF,0x28,0x00,0x00,0x00,0x0C,0xFF,0xFF,
  0xFF,0xFF,0x1D,0x00,0x00,0x00,0x45,0xFF,0xFF,0xFF,0xF1,0x04,0x00,0x07,0x3D,0xDB,0xFF,0xFF,0xFF,0x92,
  0x00,0x3C,0xFF,0xFF,0xFF,0xFF,0xFF,0xBC,0x0C,0x00,0x3C,0xFF,0xF5,0xDD,0xAB,0x54,0x01,0x00,0x00,0xFC,
  0xFF,0xFF,0xFF,0x28,0x00,0x00,0x00,0x00,0x64,0xFE,0xFF,0xFF,0xFE,0x6A,0x00,0xFC,0xFF,0xFF,0xFF,0x28,
  0x00,0x00,0x00,0x69,0xFE,0xFF,0xFF,0xFE,0x66,0x00,0x00,0xFC,0xFF,0xFF,0xFF,0x28,0x00,0x00,0x6E,0xFF,
  0xFF,0xFF,0xFD,0x62,0x00,0x00,0x00,0xFC,0xFF,0xFF,0xFF,0x28,0x00,0x73,0xFF,0xFF,0xFF,0xFD,0x5E,0x00,
  0x00,0x00,0x00,0xFC,0xFF,0xFF,0xFF,0x28,0x79,0xFF,0xFF,0xFF,0xFC,0x5A,0x00,0x00,0x00,0x00,0x00,0xFC,
  0xFF,0xFF,0xFF,0xA2,0xFF,0xFF,0xFF,0xFB,0x56,0x00,0x00,0x00,0x00,0x00,0x00,0xFC,0xFF,0xFF,0xFF,0xFF,
  0xFF,0xFF,0xFA,0x52,0x00,0x00,0x00,0x00,0x00,0x00,0x00,0xFC,0xFF,0xFF,0xFF,0xFF,0xFF,0xFF,0x76,0x00,
  0x00,0x00,0x00,0x00,0x00,0x00,0x00,0xFC,0xFF,0xFF,0xFF,0xFF,0xFF,0xFF,0xEE,0x33,0x00,0x00,0x00,0x00,
  0x00,0x00,0x00,0xFC,0xFF,0xFF,0xFF,0xF4,0xFF,0xFF,0xFF,0xEF,0x35,0x00,0x00,0x00,0x00,0x00,0x00,0xFC,
  0xFF,0xFF,0xFF,0x4D,0xE4,0xFF,0xFF,0xFF,0xF0,0x37,0x00,0x00,0x00,0x00,0x00,0xFC,0xFF,0xFF,0xFF,0x28,
  0x23,0xE2,0xFF,0xFF,0xFF,0xF1,0x39,0x00,0x00,0x00,0x00,0xFC,0xFF,0xFF,0xFF,0x28,0x00,0x21,0xE0,0xFF,
  0xFF,0xFF,0xF2,0x3B,0x00,0x00,0x00,0xFC,0xFF,0xFF,0xFF,0x28,0x00,0x00,0x1F,0xDE,0xFF,0xFF,0xFF,0xF3,
  0x3D,0x00,0x00,0xFC,0xFF,0xFF,0xFF,0x28,0x00,0x00,0x00,0x1D,0xDC,0xFF,0xFF,0xFF,0xF4,0x3F,0x00,0xFC,
  0xFF,0xFF,0xFF,0x28,0x00,0x00,0x00,0x00,0x1B,0xDA,0xFF,0xFF,0xFF,0xF5,0x41,0xFC,0xFF,0xFF,0xFF,0x28,
  0x00,0x00,0x00,0x00,0x00,0x00,0x00,0xFC,0xFF,0xFF,0xFF,0x28,0x00,0x00,0x00,0x00,0x00,0x00,0x00,0xFC,
  0xFF,0xFF,0xFF,0x28,0x00,0x00,0x00,0x00,0x00,0x00,0x00,0xFC,0xFF,0xFF,0xFF,0x28,0x00,0x00,0x00,0x00,
  0x00,0x00,0x00,0xFC,0xFF,0xFF,0xFF,0x28,0x00,0x00,0x00,0x00,0x00,0x00,0x00,0xFC,0xFF,0xFF,0xFF,0x28,
  0x00,0x00,0x00,0x00,0x00,0x00,0x00,0xFC,0xFF,0xFF,0xFF,0x28,0x00,0x00,0x00,0x00,0x00,0x00,0x00,0xFC,
  0xFF,0xFF,0xFF,0x28,0x00,0x00,0x00,0x00,0x00,0x00,0x00,0xFC,0xFF,0xFF,0xFF,0x28,0x00,0x00,0x00,0x00,
  0x00,0x00,0x00,0xFC,0xFF,0xFF,0xFF,0x28,0x00,0x00,0x00,0x00,0x00,0x00,0x00,0xFC,0xFF,0xFF,0xFF,0x28,
  0x00,0x00,0x00,0x00,0x00,0x00,0x00,0xFC,0xFF,0xFF,0xFF,0x28,0x00,0x00,0x00,0x00,0x00,0x00,0x00,0xFC,
  0xFF,0xFF,0xFF,0x28,0x00,0x00,0x00,0x00,0x00,0x00,0x00,0xFC,0xFF,0xFF,0xFF,0x28,0x00,0x00,0x00,0x00,
  0x00,0x00,0x00,0xFC,0xFF,0xFF,0xFF,0xFF,0xFF,0xFF,0xFF,0xFF,0xFF,0xFF,0x6C,0xFC,0xFF,0xFF,0xFF,0xFF,
  0xFF,0xFF,0xFF,0xFF,0xFF,0xFF,0x6C,0xFC,0xFF,0xFF,0xFF,0xFF,0x7D,0x00,0x00,0x00,0x00,0x00,0x00,0x9B,
  0xFF,0xFF,0xFF,0xFF,0xDC,0xFC,0xFF,0xFF,0xFF,0xFF,0xE5,0x05,0x00,0x00,0x00,0x00,0x11,0xF6,0xFF,0xFF,
  0xFF,0xFF,0xDC,0xFC,0xFF,0xFF,0xFF,0xFF,0xFF,0x57,0x00,0x00,0x00,0x00,0x75,0xFF,0xFF,0xFF,0xFF,0xFF,
  0xDC,0xFC,0xFF,0xFF,0xFF,0xFF,0xFF,0xC4,0x00,0x00,0x00,0x02,0xDF,0xFF,0xFF,0xFF,0xFF,0xFF,0xDC,0xFC,
  0xFF,0xFF,0xF6,0xF1,0xFF,0xFF,0x30,0x00,0x00,0x4F,0xFF,0xFF,0xE7,0xFF,0xFF,0xFF,0xDC,0xFC,0xFF,0xFF,
  0xF0,0x90,0xFF,0xFF,0x9D,0x00,0x00,0xBD,0xFF,0xFF,0x7F,0xFF,0xFF,0xFF,0xDC,0xFC,0xFF,0xFF,0xF0,0x24,
  0xFE,0xFF,0xF7,0x13,0x2A,0xFF,0xFF,0xF5,0x1D,0xFF,0xFF,0xFF,0xDC,0xFC,0xFF,0xFF,0xF0,0x00,0xB5,0xFF,
  0xFF,0x77,0x97,0xFF,0xFF,0x98,0x0C,0xFF,0xFF,0xFF,0xDC,0xFC,0xFF,0xFF,0xF0,0x00,0x48,0xFF,0xFF,0xE2,
  0xF4,0xFF,0xFF,0x2C,0x0C,0xFF,0xFF,0xFF,0xDC,0xFC,0xFF,0xFF,0xF0,0x00,0x01,0xD9,0xFF,0xFF,0xFF,0xFF,
  0xBE,0x00,0x0C,0xFF,0xFF,0xFF,0xDC,0xFC,0xFF,0xFF,0xF0,0x00,0x00,0x6D,0xFF,0xFF,0xFF,0xFF,0x50,0x00,
  0x0C,0xFF,0xFF,0xFF,0xDC,0xFC,0xFF,0xFF,0xF0,0x00,0x00,0x0D,0xF2,0xFF,0xFF,0xE0,0x03,0x00,0x0C,0xFF,
  0xFF,0xFF,0xDC,0xFC,0xFF,0xFF,0xF0,0x00,0x00,0x00,0x93,0xFF,0xFF,0x76,0x00,0x00,0x0C,0xFF,0xFF,0xFF,
  0xDC,0xFC,0xFF,0xFF,0xF0,0x00,0x00,0x00,0x00,0x00,0x00,0x00,0x00,0x00,0x0C,0xFF,0xFF,0xFF,0xDC,0xFC,
  0xFF,0xFF,0xF0,0x00,0x00,0x00,0x00,0x00,0x00,0x00,0x00,0x00,0x0C,0xFF,0xFF,0xFF,0xDC,0xFC,0xFF,0xFF,
  0xF0,0x00,0x00,0x00,0x00,0x00,0x00,0x00,0x00,0x00,0x0C,0xFF,0xFF,0xFF,0xDC,0xFC,0xFF,0xFF,0xFF,0xE0,
  0x07,0x00,0x00,0x00,0x00,0x88,0xFF,0xFF,0xFF,0x64,0xFC,0xFF,0xFF,0xFF,0xFF,0x70,0x00,0x00,0x00,0x00,
  0x88,0xFF,0xFF,0xFF,0x64,0xFC,0xFF,0xFF,0xFF,0xFF,0xEA,0x0D,0x00,0x00,0x00,0x88,0xFF,0xFF,0xFF,0x64,
  0xFC,0xFF,0xFF,0xFF,0xFF,0xFF,0x80,0x00,0x00,0x00,0x88,0xFF,0xFF,0xFF,0x64,0xFC,0xFF,0xFF,0xFF,0xFF,
  0xFF,0xF2,0x15,0x00,0x00,0x88,0xFF,0xFF,0xFF,0x64,0xFC,0xFF,0xFF,0xF1,0xCE,0xFF,0xFF,0x90,0x00,0x00,
  0x88,0xFF,0xFF,0xFF,0x64,0xFC,0xFF,0xFF,0xF0,0x48,0xFF,0xFF,0xF8,0x1F,0x00,0x88,0xFF,0xFF,0xFF,0x64,
  0xFC,0xFF,0xFF,0xF0,0x00,0xBF,0xFF,0xFF,0xA0,0x00,0x88,0xFF,0xFF,0xFF,0x64,0xFC,0xFF,0xFF,0xF0,0x00,
  0x38,0xFF,0xFF,0xFD,0x2A,0x88,0xFF,0xFF,0xFF,0x64,0xFC,0xFF,0xFF,0xF0,0x00,0x00,0xAF,0xFF,0xFF,0xB0,
  0x88,0xFF,0xFF,0xFF,0x64,0xFC,0xFF,0xFF,0xF0,0x00,0x00,0x29,0xFC,0xFF,0xFF,0xC0,0xFF,0xFF,0xFF,0x64,
  0xFC,0xFF,0xFF,0xF0,0x00,0x00,0x00,0x9E,0xFF,0xFF,0xFF,0xFF,0xFF,0xFF,0x64,0xFC,0xFF,0xFF,0xF0,0x00,
  0x00,0x00,0x1D,0xF8,0xFF,0xFF,0xFF,0xFF,0xFF,0x64,0xFC,0xFF,0xFF,0xF0,0x00,0x00,0x00,0x00,0x8D,0xFF,
  0xFF,0xFF,0xFF,0xFF,0x64,0xFC,0xFF,0xFF,0xF0,0x00,0x00,0x00,0x00,0x13,0xF1,0xFF,0xFF,0xFF,0xFF,0x64,
  0xFC,0xFF,0xFF,0xF0,0x00,0x00,0x00,0x00,0x00,0x7C,0xFF,0xFF,0xFF,0xFF,0x64,0x00,0x00,0x00,0x00,0x47,
  0x9D,0xD7,0xF0,0xFA,0xEA,0xC8,0x89,0x25,0x00,0x00,0x00,0x00,0x00,0x00,0x1E,0xC6,0xFF,0xFF,0xFF,0xFF,
  0xFF,0xFF,0xFF,0xFF,0xFD,0x91,0x05,0x00,0x00,0x00,0x1E,0xE8,0xFF,0xFF,0xFE,0x88,0x1F,0x07,0x34,0xBB,
  0xFF,0xFF,0xFF,0xB3,0x02,0x00,0x00,0xC4,0xFF,0xFF,0xFF,0x7F,0x00,0x00,0x00,0x00,0x06,0xC9,0xFF,0xFF,
  0xFF,0x74,0x00,0x44,0xFF,0xFF,0xFF,0xEC,0x08,0x00,0x00,0x00,0x00,0x00,0x43,0xFF,0xFF,0xFF,0xEB,0x08,
  0x94,0xFF,0xFF,0xFF,0xA4,0x00,0x00,0x00,0x00,0x00,0x00,0x02,0xEF,0xFF,0xFF,0xFF,0x43,0xC9,0xFF,0xFF,
  0xFF,0x77,0x00,0x00,0x00,0x00,0x00,0x00,0x00,0xC5,0xFF,0xFF,0xFF,0x78,0xDE,0xFF,0xFF,0xFF,0x65,0x00,
  0x00,0x00,0x00,0x00,0x00,0x00,0xB2,0xFF,0xFF,0xFF,0x8E,0xDF,0xFF,0xFF,0xFF,0x65,0x00,0x00,0x00,0x00,
  0x00,0x00,0x00,0xB3,0xFF,0xFF,0xFF,0x8D,0xC9,0xFF,0xFF,0xFF,0x77,0x00,0x00,0x00,0x00,0x00,0x00,0x00,
  0xC5,0xFF,0xFF,0xFF,0x78,0x94,0xFF,0xFF,0xFF,0xA4,0x00,0x00,0x00,0x00,0x00,0x00,0x02,0xEF,0xFF,0xFF,
  0xFF,0x43,0x44,0xFF,0xFF,0xFF,0xEB,0x07,0x00,0x00,0x00,0x00,0x00,0x42,0xFF,0xFF,0xFF,0xEB,0x08,0x00,
  0xC4,0xFF,0xFF,0xFF,0x7C,0x00,0x00,0x00,0x00,0x05,0xC7,0xFF,0xFF,0xFF,0x74,0x00,0x00,0x1E,0xE8,0xFF,
  0xFF,0xFD,0x86,0x1E,0x07,0x33,0xBA,0xFF,0xFF,0xFF,0xB3,0x02,0x00,0x00,0x00,0x1F,0xC6,0xFF,0xFF,0xFF,
  0xFF,0xFF,0xFF,0xFF,0xFF,0xFD,0x92,0x05,0x00,0x00,0x00,0x00,0x00,0x00,0x47,0x9E,0xD8,0xF1,0xFB,0xEB,
  0xC9,0x89,0x25,0x00,0x00,0x00,0x00,0xFC,0xFF,0xFF,0xFF,0xFF,0xFF,0xFF,0xF6,0xE0,0xAD,0x52,0x00,0x00,
  0x00,0xFC,0xFF,0xFF,0xFF,0xFF,0xFF,0xFF,0xFF,0xFF,0xFF,0xFF,0xB6,0x09,0x00,0xFC,0xFF,0xFF,0xFF,0x28,
  0x00,0x07,0x43,0xE3,0xFF,0xFF,0xFF,0x95,0x00,0xFC,0xFF,0xFF,0xFF,0x28,0x00,0x00,0x00,0x57,0xFF,0xFF,
  0xFF,0xF6,0x09,0xFC,0xFF,0xFF,0xFF,0x28,0x00,0x00,0x00,0x1C,0xFF,0xFF,0xFF,0xFF,0x2C,0xFC,0xFF,0xFF,
  0xFF,0x28,0x00,0x00,0x00,0x1D,0xFF,0xFF,0xFF,0xFF,0x2B,0xFC,0xFF,0xFF,0xFF,0x28,0x00,0x00,0x00,0x58,
  0xFF,0xFF,0xFF,0xF6,0x09,0xFC,0xFF,0xFF,0xFF,0x28,0x00,0x07,0x43,0xE3,0xFF,0xFF,0xFF,0x95,0x00,0xFC,
  0xFF,0xFF,0xFF,0xFF,0xFF,0xFF,0xFF,0xFF,0xFF,0xFF,0xB7,0x0A,0x00,0xFC,0xFF,0xFF,0xFF,0xFF,0xFF,0xFF,
  0xF8,0xE1,0xAE,0x53,0x00,0x00,0x00,0xFC,0xFF,0xFF,0xFF,0x28,0x00,0x00,0x00,0x00,0x00,0x00,0x00,0x00,
  0x00,0xFC,0xFF,0xFF,0xFF,0x28,0x00,0x00,0x00,0x00,0x00,0x00,0x00,0x00,0x00,0xFC,0xFF,0xFF,0xFF,0x28,
  0x00,0x00,0x00,0x00,0x00,0x00,0x00,0x00,0x00,0xFC,0xFF,0xFF,0xFF,0x28,0x00,0x00,0x00,0x00,0x00,0x00,
  0x00,0x00,0x00,0xFC,0xFF,0xFF,0xFF,0x28,0x00,0x00,0x00,0x00,0x00,0x00,0x00,0x00,0x00,0xFC,0xFF,0xFF,
  0xFF,0x28,0x00,0x00,0x00,0x00,0x00,0x00,0x00,0x00,0x00,0x00,0x00,0x00,0x00,0x45,0x9C,0xD6,0xEF,0xFA,
  0xE9,0xC8,0x89,0x25,0x00,0x00,0x00,0x00,0x00,0x00,0x1C,0xC3,0xFF,0xFF,0xFF,0xFF,0xFF,0xFF,0xFF,0xFF,
  0xFD,0x92,0x05,0x00,0x00,0x00,0x1C,0xE6,0xFF,0xFF,0xFE,0x88,0x1F,0x07,0x34,0xBB,0xFF,0xFF,0xFF,0xB2,
  0x02,0x00,0x00,0xC1,0xFF,0xFF,0xFF,0x7F,0x00,0x00,0x00,0x00,0x06,0xC9,0xFF,0xFF,0xFF,0x72,0x00,0x43,
  0xFF,0xFF,0xFF,0xEC,0x08,0x00,0x00,0x00,0x00,0x00,0x43,0xFF,0xFF,0xFF,0xE9,0x07,0x93,0xFF,0xFF,0xFF,
  0xA4,0x00,0x00,0x00,0x00,0x00,0x00,0x02,0xEF,0xFF,0xFF,0xFF,0x40,0xC8,0xFF,0xFF,0xFF,0x77,0x00,0x00,
  0x00,0x00,0x00,0x00,0x00,0xC5,0xFF,0xFF,0xFF,0x76,0xDE,0xFF,0xFF,0xFF,0x65,0x00,0x00,0x00,0x00,0x00,
  0x00,0x00,0xB2,0xFF,0xFF,0xFF,0x8B,0xDE,0xFF,0xFF,0xFF,0x65,0x00,0x00,0x00,0x00,0x00,0x00,0x00,0xB3,
  0xFF,0xFF,0xFF,0x91,0xCA,0xFF,0xFF,0xFF,0x76,0x00,0x00,0x00,0x00,0x00,0x00,0x00,0xC5,0xFF,0xFF,0xFF,
  0x7D,0x96,0xFF,0xFF,0xFF,0xA1,0x00,0x00,0x00,0x00,0x00,0x00,0x02,0xEF,0xFF,0xFF,0xFF,0x4D,0x45,0xFF,
  0xFF,0xFF,0xE8,0x05,0x00,0x00,0x00,0x00,0x00,0x42,0xFF,0xFF,0xFF,0xF1,0x09,0x00,0xC5,0xFF,0xFF,0xFF,
  0x76,0x00,0x00,0x00,0x00,0x05,0xC7,0xFF,0xFF,0xFF,0x80,0x00,0x00,0x1E,0xE8,0xFF,0xFF,0xFC,0x82,0x1C,
  0x07,0x33,0xBA,0xFF,0xFF,0xFF,0xC7,0x06,0x00,0x00,0x00,0x1E,0xC5,0xFF,0xFF,0xFF,0xFF,0xFF,0xFF,0xFF,
  0xFF,0xFF,0xB6,0x0F,0x00,0x00,0x00,0x00,0x00,0x00,0x45,0x9C,0xD5,0xEF,0xFE,0xFF,0xFF,0xFF,0x79,0x00,
  0x00,0x00,0x00,0x00,0x00,0x00,0x00,0x00,0x00,0x00,0x00,0x06,0xBE,0xFF,0xFF,0xE3,0x1F,0x00,0x00,0x00,
  0x00,0x00,0x00,0x00,0x00,0x00,0x00,0x00,0x00,0x10,0xD5,0xFF,0xFF,0xDA,0x16,0x00,0x00,0x00,0x00,0x00,
  0x00,0x00,0x00,0x00,0x00,0x00,0x00,0x1F,0xE7,0xFF,0xFF,0xD0,0x10,0x00,0xFC,0xFF,0xFF,0xFF,0xFF,0xFF,
  0xFD,0xF0,0xD0,0x93,0x2A,0x00,0x00,0x00,0x00,0xFC,0xFF,0xFF,0xFF,0xFF,0xFF,0xFF,0xFF,0xFF,0xFF,0xFB,
  0x59,0x00,0x00,0x00,0xFC,0xFF,0xFF,0xFF,0x28,0x00,0x18,0x89,0xFF,0xFF,0xFF,0xF2,0x11,0x00,0x00,0xFC,
  0xFF,0xFF,0xFF,0x28,0x00,0x00,0x02,0xE1,0xFF,0xFF,0xFF,0x53,0x00,0x00,0xFC,0xFF,0xFF,0xFF,0x28,0x00,
  0x00,0x00,0xB8,0xFF,0xFF,0xFF,0x6D,0x00,0x00,0xFC,0xFF,0xFF,0xFF,0x28,0x00,0x00,0x00,0xBA,0xFF,0xFF,
  0xFF,0x59,0x00,0x00,0xFC,0xFF,0xFF,0xFF,0x28,0x00,0x00,0x02,0xE2,0xFF,0xFF,0xFC,0x20,0x00,0x00,0xFC,
  0xFF,0xFF,0xFF,0x28,0x00,0x18,0x8C,0xFF,0xFF,0xFF,0x8E,0x00,0x00,0x00,0xFC,0xFF,0xFF,0xFF,0xFF,0xFF,
  0xFF,0xFF,0xFF,0xE7,0x70,0x00,0x00,0x00,0x00,0xFC,0xFF,0xFF,0xFF,0xFF,0xFF,0xFF,0xFF,0xFF,0xEE,0x80,
  0x01,0x00,0x00,0x00,0xFC,0xFF,0xFF,0xFF,0x28,0x07,0x3E,0xE1,0xFF,0xFF,0xFF,0x8D,0x00,0x00,0x00,0xFC,
  0xFF,0xFF,0xFF,0x28,0x00,0x00,0x34,0xFD,0xFF,0xFF,0xFE,0x3B,0x00,0x00,0xFC,0xFF,0xFF,0xFF,0x28,0x00,
  0x00,0x00,0xA4,0xFF,0xFF,0xFF,0xBF,0x00,0x00,0xFC,0xFF,0xFF,0xFF,0x28,0x00,0x00,0x00,0x28,0xFD,0xFF,
  0xFF,0xFF,0x3F,0x00,0xFC,0xFF,0xFF,0xFF,0x28,0x00,0x00,0x00,0x00,0xA6,0xFF,0xFF,0xFF,0xBF,0x00,0xFC,
  0xFF,0xFF,0xFF,0x28,0x00,0x00,0x00,0x00,0x29,0xFD,0xFF,0xFF,0xFF,0x40,0x00,0x00,0x10,0x7A,0xC6,0xEE,
  0xFC,0xF3,0xE6,0xD3,0xB1,0x8F,0x17,0x00,0x00,0x2A,0xE5,0xFF,0xFF,0xFF,0xFF,0xFF,0xFF,0xFF,0xFF,0xFF,
  0x30,0x00,0x02,0xD4,0xFF,0xFF,0xEB,0x51,0x13,0x09,0x2E,0x80,0xEA,0xFF,0x30,0x00,0x3A,0xFF,0xFF,0xFF,
  0x73,0x00,0x00,0x00,0x00,0x00,0x0A,0x8D,0x2D,0x00,0x62,0xFF,0xFF,0xFF,0x66,0x00,0x00,0x00,0x00,0x00,
  0x00,0x00,0x00,0x00,0x60,0xFF,0xFF,0xFF,0xDD,0x3A,0x00,0x00,0x00,0x00,0x00,0x00,0x00,0x00,0x2B,0xFF,
  0xFF,0xFF,0xFF,0xFF,0xDF,0xA5,0x6F,0x30,0x00,0x00,0x00,0x00,0x00,0xAA,0xFF,0xFF,0xFF,0xFF,0xFF,0xFF,
  0xFF,0xFF,0xD8,0x56,0x00,0x00,0x00,0x08,0x92,0xFB,0xFF,0xFF,0xFF,0xFF,0xFF,0xFF,0xFF,0xFF,0x70,0x00,
  0x00,0x00,0x00,0x18,0x69,0xA9,0xE5,0xFF,0xFF,0xFF,0xFF,0xFF,0xF3,0x07,0x00,0x00,0x00,0x00,0x00,0x00,
  0x00,0x30,0xA7,0xFF,0xFF,0xFF,0xFF,0x30,0x00,0x00,0x00,0x00,0x00,0x00,0x00,0x00,0x01,0xDD,0xFF,0xFF,
  0xFF,0x31,0x42,0x8B,0x0F,0x00,0x00,0x00,0x00,0x00,0x00,0xD9,0xFF,0xFF,0xFB,0x0F,0x48,0xFF,0xF3,0x96,
  0x48,0x16,0x06,0x20,0x90,0xFF,0xFF,0xFF,0xAC,0x00,0x48,0xFF,0xFF,0xFF,0xFF,0xFF,0xFF,0xFF,0xFF,0xFF,
  0xFF,0xD3,0x17,0x00,0x12,0x62,0x92,0xC1,0xDC,0xEB,0xFA,0xF8,0xE5,0xB7,0x67,0x06,0x00,0x00,0xE4,0xFF,
  0xFF,0xFF,0xFF,0xFF,0xFF,0xFF,0xFF,0xFF,0xFF,0xFF,0xFF,0xFF,0xE4,0xE4,0xFF,0xFF,0xFF,0xFF,0xFF,0xFF,
  0xFF,0xFF,0xFF,0xFF,0xFF,0xFF,0xFF,0xE4,0x00,0x00,0x00,0x00,0x00,0x90,0xFF,0xFF,0xFF,0x94,0x00,0x00,
  0x00,0x00,0x00,0x00,0x00,0x00,0x00,0x00,0x90,0xFF,0xFF,0xFF,0x94,0x00,0x00,0x00,0x00,0x00,0x00,0x00,
  0x00,0x00,0x00,0x90,0xFF,0xFF,0xFF,0x94,0x00,0x00,0x00,0x00,0x00,0x00,0x00,0x00,0x00,0x00,0x90,0xFF,
  0xFF,0xFF,0x94,0x00,0x00,0x00,0x00,0x00,0x00,0x00,0x00,0x00,0x00,0x90,0xFF,0xFF,0xFF,0x94,0x00,0x00,
  0x00,0x00,0x00,0x00,0x00,0x00,0x00,0x00,0x90,0xFF,0xFF,0xFF,0x94,0x00,0x00,0x00,0x00,0x00,0x00,0x00,
  0x00,0x00,0x00,0x90,0xFF,0xFF,0xFF,0x94,0x00,0x00,0x00,0x00,0x00,0x00,0x00,0x00,0x00,0x00,0x90,0xFF,
  0xFF,0xFF,0x94,0x00,0x00,0x00,0x00,0x00,0x00,0x00,0x00,0x00,0x00,0x90,0xFF,0xFF,0xFF,0x94,0x00,0x00,
  0x00,0x00,0x00,0x00,0x00,0x00,0x00,0x00,0x90,0xFF,0xFF,0xFF,0x94,0x00,0x00,0x00,0x00,0x00,0x00,0x00,
  0x00,0x00,0x00,0x90,0xFF,0xFF,0xFF,0x94,0x00,0x00,0x00,0x00,0x00,0x00,0x00,0x00,0x00,0x00,0x90,0xFF,
  0xFF,0xFF,0x94,0x00,0x00,0x00,0x00,0x00,0x00,0x00,0x00,0x00,0x00,0x90,0xFF,0xFF,0xFF,0x94,0x00,0x00,
  0x00,0x00,0x00,0x00,0x00,0x00,0x00,0x00,0x90,0xFF,0xFF,0xFF,0x94,0x00,0x00,0x00,0x00,0x00,0xFC,0xFF,
  0xFF,0xFF,0x28,0x00,0x00,0x00,0x00,0x4C,0xFF,0xFF,0xFF,0xD8,0xFC,0xFF,0xFF,0xFF,0x28,0x00,0x00,0x00,
  0x00,0x4C,0xFF,0xFF,0xFF,0xD8,0xFC,0xFF,0xFF,0xFF,0x28,0x00,0x00,0x00,0x00,0x4C,0xFF,0xFF,0xFF,0xD8,
  0xFC,0xFF,0xFF,0xFF,0x28,0x00,0x00,0x00,0x00,0x4C,0xFF,0xFF,0xFF,0xD8,0xFC,0xFF,0xFF,0xFF,0x28,0x00,
  0x00,0x00,0x00,0x4C,0xFF,0xFF,0xFF,0xD8,0xFC,0xFF,0xFF,0xFF,0x28,0x00,0x00,0x00,0x00,0x4C,0xFF,0xFF,
  0xFF,0xD8,0xFC,0xFF,0xFF,0xFF,0x28,0x00,0x00,0x00,0x00,0x4C,0xFF,0xFF,0xFF,0xD8,0xFC,0xFF,0xFF,0xFF,
  0x28,0x00,0x00,0x00,0x00,0x4C,0xFF,0xFF,0xFF,0xD8,0xFC,0xFF,0xFF,0xFF,0x28,0x00,0x00,0x00,0x00,0x4C,
  0xFF,0xFF,0xFF,0xD8,0xFC,0xFF,0xFF,0xFF,0x28,0x00,0x00,0x00,0x00,0x4C,0xFF,0xFF,0xFF,0xD8,0xF4,0xFF,
  0xFF,0xFF,0x2C,0x00,0x00,0x00,0x00,0x50,0xFF,0xFF,0xFF,0xCF,0xDB,0xFF,0xFF,0xFF,0x41,0x00,0x00,0x00,
  0x00,0x67,0xFF,0xFF,0xFF,0xB6,0x9A,0xFF,0xFF,0xFF,0x83,0x00,0x00,0x00,0x00,0xAA,0xFF,0xFF,0xFF,0x75,
  0x28,0xF9,0xFF,0xFF,0xF5,0x60,0x13,0x19,0x78,0xFD,0xFF,0xFF,0xEA,0x10,0x00,0x51,0xF2,0xFF,0xFF,0xFF,
  0xFF,0xFF,0xFF,0xFF,0xFF,0xE5,0x35,0x00,0x00,0x00,0x1A,0x7E,0xC2,0xEA,0xFA,0xF8,0xE6,0xBA,0x70,0x0F,
  0x00,0x00,0xB5,0xFF,0xFF,0xFF,0x71,0x00,0x00,0x00,0x00,0x00,0x00,0x00,0x6B,0xFF,0xFF,0xFF,0xBB,0x56,
  0xFF,0xFF,0xFF,0xCE,0x00,0x00,0x00,0x00,0x00,0x00,0x00,0xC7,0xFF,0xFF,0xFF,0x5C,0x07,0xEF,0xFF,0xFF,
  0xFF,0x2A,0x00,0x00,0x00,0x00,0x00,0x23,0xFF,0xFF,0xFF,0xF3,0x0A,0x00,0x98,0xFF,0xFF,0xFF,0x86,0x00,
  0x00,0x00,0x00,0x00,0x7F,0xFF,0xFF,0xFF,0x9E,0x00,0x00,0x39,0xFF,0xFF,0xFF,0xE0,0x01,0x00,0x00,0x00,
  0x00,0xDA,0xFF,0xFF,0xFF,0x3F,0x00,0x00,0x00,0xD9,0xFF,0xFF,0xFF,0x3E,0x00,0x00,0x00,0x37,0xFF,0xFF,
  0xFF,0xDF,0x01,0x00,0x00,0x00,0x7B,0xFF,0xFF,0xFF,0x9A,0x00,0x00,0x00,0x93,0xFF,0xFF,0xFF,0x81,0x00,
  0x00,0x00,0x00,0x1E,0xFE,0xFF,0xFF,0xEF,0x07,0x00,0x04,0xEA,0xFF,0xFF,0xFF,0x23,0x00,0x00,0x00,0x00,
  0x00,0xBD,0xFF,0xFF,0xFF,0x52,0x00,0x4B,0xFF,0xFF,0xFF,0xC3,0x00,0x00,0x00,0x00,0x00,0x00,0x5E,0xFF,
  0xFF,0xFF,0xAE,0x00,0xA7,0xFF,0xFF,0xFF,0x64,0x00,0x00,0x00,0x00,0x00,0x00,0x0B,0xF3,0xFF,0xFF,0xF9,
  0x1E,0xF6,0xFF,0xFF,0xF6,0x0F,0x00,0x00,0x00,0x00,0x00,0x00,0x00,0xA0,0xFF,0xFF,0xFF,0xC3,0xFF,0xFF,
  0xFF,0xA6,0x00,0x00,0x00,0x00,0x00,0x00,0x00,0x00,0x41,0xFF,0xFF,0xFF,0xFF,0xFF,0xFF,0xFF,0x47,0x00,
  0x00,0x00,0x00,0x00,0x00,0x00,0x00,0x01,0xE0,0xFF,0xFF,0xFF,0xFF,0xFF,0xE5,0x03,0x00,0x00,0x00,0x00,
  0x00,0x00,0x00,0x00,0x00,0x83,0xFF,0xFF,0xFF,0xFF,0xFF,0x89,0x00,0x00,0x00,0x00,0x00,0x00,0x00,0x00,
  0x00,0x00,0x24,0xFF,0xFF,0xFF,0xFF,0xFF,0x2B,0x00,0x00,0x00,0x00,0x00,0x3A,0xFF,0xFF,0xFF,0xBD,0x00,
  0x00,0x00,0x00,0x05,0xF5,0xFF,0xFF,0xFF,0x3D,0x00,0x00,0x00,0x00,0x7B,0xFF,0xFF,0xFF,0x75,0x06,0xF6,
  0xFF,0xFF,0xF5,0x05,0x00,0x00,0x00,0x37,0xFF,0xFF,0xFF,0xFF,0x7A,0x00,0x00,0x00,0x00,0xB7,0xFF,0xFF,
  0xFF,0x38,0x00,0xC0,0xFF,0xFF,0xFF,0x37,0x00,0x00,0x00,0x74,0xFF,0xFF,0xFF,0xFF,0xB7,0x00,0x00,0x00,
  0x02,0xF1,0xFF,0xFF,0xF6,0x05,0x00,0x83,0xFF,0xFF,0xFF,0x74,0x00,0x00,0x00,0xB0,0xFF,0xFF,0xFE,0xFF,
  0xF0,0x02,0x00,0x00,0x31,0xFF,0xFF,0xFF,0xBF,0x00,0x00,0x46,0xFF,0xFF,0xFF,0xB1,0x00,0x00,0x00,0xEB,
  0xFF,0xF3,0xBC,0xFF,0xFF,0x30,0x00,0x00,0x6E,0xFF,0xFF,0xFF,0x83,0x00,0x00,0x0C,0xFC,0xFF,0xFF,0xED,
  0x01,0x00,0x29,0xFF,0xFF,0xBA,0x7B,0xFF,0xFF,0x6C,0x00,0x00,0xAB,0xFF,0xFF,0xFF,0x46,0x00,0x00,0x00,
  0xCC,0xFF,0xFF,0xFF,0x2B,0x00,0x66,0xFF,0xFF,0x7D,0x3E,0xFF,0xFF,0xA9,0x00,0x00,0xE7,0xFF,0xFF,0xFC,
  0x0D,0x00,0x00,0x00,0x8F,0xFF,0xFF,0xFF,0x68,0x00,0xA2,0xFF,0xFF,0x40,0x07,0xF8,0xFF,0xE5,0x00,0x25,
  0xFF,0xFF,0xFF,0xCD,0x00,0x00,0x00,0x00,0x52,0xFF,0xFF,0xFF,0xA5,0x00,0xDF,0xFF,0xFA,0x09,0x00,0xC3,
  0xFF,0xFF,0x22,0x62,0xFF,0xFF,0xFF,0x91,0x00,0x00,0x00,0x00,0x15,0xFF,0xFF,0xFF,0xE2,0x1B,0xFF,0xFF,
  0xC7,0x00,0x00,0x86,0xFF,0xFF,0x5F,0x9F,0xFF,0xFF,0xFF,0x54,0x00,0x00,0x00,0x00,0x00,0xD8,0xFF,0xFF,
  0xFF,0x77,0xFF,0xFF,0x8A,0x00,0x00,0x49,0xFF,0xFF,0x9B,0xDC,0xFF,0xFF,0xFF,0x18,0x00,0x00,0x00,0x00,
  0x00,0x9B,0xFF,0xFF,0xFF,0xE8,0xFF,0xFF,0x4D,0x00,0x00,0x0E,0xFD,0xFF,0xE8,0xFF,0xFF,0xFF,0xDB,0x00,
  0x00,0x00,0x00,0x00,0x00,0x5E,0xFF,0xFF,0xFF,0xFF,0xFF,0xFE,0x12,0x00,0x00,0x00,0xCE,0xFF,0xFF,0xFF,
  0xFF,0xFF,0x9F,0x00,0x00,0x00,0x00,0x00,0x00,0x21,0xFF,0xFF,0xFF,0xFF,0xFF,0xD3,0x00,0x00,0x00,0x00,
  0x91,0xFF,0xFF,0xFF,0xFF,0xFF,0x62,0x00,0x00,0x00,0x00,0x00,0x00,0x00,0xE4,0xFF,0xFF,0xFF,0xFF,0x96,
  0x00,0x00,0x00,0x00,0x54,0xFF,0xFF,0xFF,0xFF,0xFF,0x26,0x00,0x00,0x00,0x00,0x00,0x00,0x00,0xA7,0xFF,
  0xFF,0xFF,0xFF,0x5A,0x00,0x00,0x00,0x00,0x17,0xFF,0xFF,0xFF,0xFF,0xE9,0x00,0x00,0x00,0x00,0x18,0xEC,
  0xFF,0xFF,0xFF,0x4B,0x00,0x00,0x00,0x00,0x00,0x5F,0xFF,0xFF,0xFF,0xE5,0x12,0x00,0x56,0xFF,0xFF,0xFF,
  0xE6,0x12,0x00,0x00,0x00,0x1C,0xF0,0xFF,0xFF,0xFF,0x49,0x00,0x00,0x00,0xA7,0xFF,0xFF,0xFF,0xA8,0x00,
  0x00,0x00,0xB9,0xFF,0xFF,0xFF,0x99,0x00,0x00,0x00,0x00,0x12,0xE6,0xFF,0xFF,0xFF,0x56,0x00,0x69,0xFF,
  0xFF,0xFF,0xDD,0x0C,0x00,0x00,0x00,0x00,0x00,0x4A,0xFF,0xFF,0xFF,0xEC,0x3A,0xF4,0xFF,0xFF,0xFD,0x3D,
  0x00,0x00,0x00,0x00,0x00,0x00,0x00,0x9B,0xFF,0xFF,0xFF,0xFB,0xFF,0xFF,0xFF,0x8B,0x00,0x00,0x00,0x00,
  0x00,0x00,0x00,0x00,0x0D,0xDF,0xFF,0xFF,0xFF,0xFF,0xFF,0xD4,0x07,0x00,0x00,0x00,0x00,0x00,0x00,0x00,
  0x00,0x00,0x42,0xFF,0xFF,0xFF,0xFF,0xFF,0x33,0x00,0x00,0x00,0x00,0x00,0x00,0x00,0x00,0x00,0x00,0x79,
  0xFF,0xFF,0xFF,0xFF,0xFF,0x68,0x00,0x00,0x00,0x00,0x00,0x00,0x00,0x00,0x00,0x2D,0xF9,0xFF,0xFF,0xFF,
  0xFF,0xFF,0xF4,0x22,0x00,0x00,0x00,0x00,0x00,0x00,0x00,0x05,0xCF,0xFF,0xFF,0xFF,0xD9,0xFF,0xFF,0xFF,
  0xC2,0x02,0x00,0x00,0x00,0x00,0x00,0x00,0x84,0xFF,0xFF,0xFF,0xCB,0x0C,0xD6,0xFF,0xFF,0xFF,0x73,0x00,
  0x00,0x00,0x00,0x00,0x36,0xFC,0xFF,0xFF,0xF7,0x29,0x00,0x33,0xFB,0xFF,0xFF,0xF7,0x2A,0x00,0x00,0x00,
  0x08,0xD7,0xFF,0xFF,0xFF,0x73,0x00,0x00,0x00,0x7F,0xFF,0xFF,0xFF,0xCB,0x04,0x00,0x00,0x8F,0xFF,0xFF,
  0xFF,0xC2,0x02,0x00,0x00,0x00,0x04,0xCB,0xFF,0xFF,0xFF,0x7E,0x00,0x3E,0xFE,0xFF,0xFF,0xF4,0x22,0x00,
  0x00,0x00,0x00,0x00,0x29,0xF7,0xFF,0xFF,0xFA,0x31,0x09,0xDA,0xFF,0xFF,0xFF,0x9D,0x00,0x00,0x00,0x00,
  0x00,0x00,0xB6,0xFF,0xFF,0xFF,0xCB,0x03,0x00,0x3D,0xFE,0xFF,0xFF,0xFF,0x42,0x00,0x00,0x00,0x00,0x5B,
  0xFF,0xFF,0xFF,0xF9,0x2C,0x00,0x00,0x00,0x92,0xFF,0xFF,0xFF,0xDC,0x09,0x00,0x00,0x13,0xEA,0xFF,0xFF,
  0xFF,0x7D,0x00,0x00,0x00,0x00,0x0B,0xDE,0xFF,0xFF,0xFF,0x8A,0x00,0x00,0xA3,0xFF,0xFF,0xFF,0xD0,0x05,
  0x00,0x00,0x00,0x00,0x00,0x41,0xFE,0xFF,0xFF,0xFC,0x32,0x47,0xFF,0xFF,0xFF,0xFB,0x31,0x00,0x00,0x00,
  0x00,0x00,0x00,0x00,0x98,0xFF,0xFF,0xFF,0xCF,0xDF,0xFF,0xFF,0xFF,0x83,0x00,0x00,0x00,0x00,0x00,0x00,
  0x00,0x00,0x0D,0xE1,0xFF,0xFF,0xFF,0xFF,0xFF,0xFF,0xD4,0x06,0x00,0x00,0x00,0x00,0x00,0x00,0x00,0x00,
  0x00,0x47,0xFF,0xFF,0xFF,0xFF,0xFF,0xFC,0x35,0x00,0x00,0x00,0x00,0x00,0x00,0x00,0x00,0x00,0x00,0x00,
  0x9D,0xFF,0xFF,0xFF,0xFF,0x88,0x00,0x00,0x00,0x00,0x00,0x00,0x00,0x00,0x00,0x00,0x00,0x00,0x21,0xFF,
  0xFF,0xFF,0xFF,0x0D,0x00,0x00,0x00,0x00,0x00,0x00,0x00,0x00,0x00,0x00,0x00,0x00,0x1C,0xFF,0xFF,0xFF,
  0xFF,0x08,0x00,0x00,0x00,0x00,0x00,0x00,0x00,0x00,0x00,0x00,0x00,0x00,0x1C,0xFF,0xFF,0xFF,0xFF,0x08,
  0x00,0x00,0x00,0x00,0x00,0x00,0x00,0x00,0x00,0x00,0x00,0x00,0x1C,0xFF,0xFF,0xFF,0xFF,0x08,0x00,0x00,
  0x00,0x00,0x00,0x00,0x00,0x00,0x00,0x00,0x00,0x00,0x1C,0xFF,0xFF,0xFF,0xFF,0x08,0x00,0x00,0x00,0x00,
  0x00,0x00,0x00,0x00,0x00,0x00,0x00,0x00,0x1C,0xFF,0xFF,0xFF,0xFF,0x08,0x00,0x00,0x00,0x00,0x00,0x00,
  0x00,0x00,0x00,0x00,0x00,0x00,0x1C,0xFF,0xFF,0xFF,0xFF,0x08,0x00,0x00,0x00,0x00,0x00,0x00,0x00,0xC4,
  0xFF,0xFF,0xFF,0xFF,0xFF,0xFF,0xFF,0xFF,0xFF,0xFF,0xFF,0xFF,0xB8,0x00,0xC4,0xFF,0xFF,0xFF,0xFF,0xFF,
  0xFF,0xFF,0xFF,0xFF,0xFF,0xFF,0xFF,0xB8,0x00,0x00,0x00,0x00,0x00,0x00,0x00,0x00,0x04,0xC5,0xFF,0xFF,
  0xFF,0xFF,0xB0,0x00,0x00,0x00,0x00,0x00,0x00,0x00,0x00,0x8D,0xFF,0xFF,0xFF,0xFF,0xF4,0x2A,0x00,0x00,
  0x00,0x00,0x00,0x00,0x00,0x51,0xFF,0xFF,0xFF,0xFF,0xFF,0x5B,0x00,0x00,0x00,0x00,0x00,0x00,0x00,0x23,
  0xF0,0xFF,0xFF,0xFF,0xFF,0x98,0x00,0x00,0x00,0x00,0x00,0x00,0x00,0x08,0xCE,0xFF,0xFF,0xFF,0xFF,0xCD,
  0x07,0x00,0x00,0x00,0x00,0x00,0x00,0x00,0x9B,0xFF,0xFF,0xFF,0xFF,0xEF,0x22,0x00,0x00,0x00,0x00,0x00,
  0x00,0x00,0x5E,0xFF,0xFF,0xFF,0xFF,0xFF,0x4F,0x00,0x00,0x00,0x00,0x00,0x00,0x00,0x2B,0xF5,0xFF,0xFF,
  0xFF,0xFF,0x8A,0x00,0x00,0x00,0x00,0x00,0x00,0x00,0x0C,0xD7,0xFF,0xFF,0xFF,0xFF,0xC3,0x04,0x00,0x00,
  0x00,0x00,0x00,0x00,0x00,0xA7,0xFF,0xFF,0xFF,0xFF,0xE9,0x1A,0x00,0x00,0x00,0x00,0x00,0x00,0x00,0x6C,
  0xFF,0xFF,0xFF,0xFF,0xFD,0x43,0x00,0x00,0x00,0x00,0x00,0x00,0x00,0x02,0xF9,0xFF,0xFF,0xFF,0xFF,0x7D,
  0x00,0x00,0x00,0x00,0x00,0x00,0x00,0x00,0x04,0xFF,0xFF,0xFF,0xFF,0xFF,0xFF,0xFF,0xFF,0xFF,0xFF,0xFF,
  0xFF,0xFF,0xF8,0x04,0xFF,0xFF,0xFF,0xFF,0xFF,0xFF,0xFF,0xFF,0xFF,0xFF,0xFF,0xFF,0xFF,0xF8,0x1C,0xFF,
  0xFF,0xFF,0xFF,0xFF,0xFF,0x90,0x1C,0xFF,0xFF,0xFF,0xFF,0xFF,0xFF,0x90,0x1C,0xFF,0xFF,0xFF,0x8C,0x00,
  0x00,0x00,0x1C,0xFF,0xFF,0xFF,0x8C,0x00,0x00,0x00,0x1C,0xFF,0xFF,0xFF,0x8C,0x00,0x00,0x00,0x1C,0xFF,
  0xFF,0xFF,0x8C,0x00,0x00,0x00,0x1C,0xFF,0xFF,0xFF,0x8C,0x00,0x00,0x00,0x1C,0xFF,0xFF,0xFF,0x8C,0x00,
  0x00,0x00,0x1C,0xFF,0xFF,0xFF,0x8C,0x00,0x00,0x00,0x1C,0xFF,0xFF,0xFF,0x8C,0x00,0x00,0x00,0x1C,0xFF,
  0xFF,0xFF,0x8C,0x00,0x00,0x00,0x1C,0xFF,0xFF,0xFF,0x8C,0x00,0x00,0x00,0x1C,0xFF,0xFF,0xFF,0x8C,0x00,
  0x00,0x00,0x1C,0xFF,0xFF,0xFF,0x8C,0x00,0x00,0x00,0x1C,0xFF,0xFF,0xFF,0x8C,0x00,0x00,0x00,0x1C,0xFF,
  0xFF,0xFF,0x8C,0x00,0x00,0x00,0x1C,0xFF,0xFF,0xFF,0x8C,0x00,0x00,0x00,0x1C,0xFF,0xFF,0xFF,0x8C,0x00,
  0x00,0x00,0x1C,0xFF,0xFF,0xFF,0xFF,0xFF,0xFF,0x90,0x1C,0xFF,0xFF,0xFF,0xFF,0xFF,0xFF,0x90,0xD8,0xFF,
  0x87,0x00,0x00,0x00,0x00,0x00,0x00,0x88,0xFF,0xD8,0x00,0x00,0x00,0x00,0x00,0x00,0x37,0xFF,0xFF,0x28,
  0x00,0x00,0x00,0x00,0x00,0x01,0xE5,0xFF,0x79,0x00,0x00,0x00,0x00,0x00,0x00,0x96,0xFF,0xC9,0x00,0x00,
  0x00,0x00,0x00,0x00,0x46,0xFF,0xFE,0x1B,0x00,0x00,0x00,0x00,0x00,0x05,0xEF,0xFF,0x6A,0x00,0x00,0x00,
  0x00,0x00,0x00,0xA5,0xFF,0xBB,0x00,0x00,0x00,0x00,0x00,0x00,0x55,0xFF,0xFA,0x10,0x00,0x00,0x00,0x00,
  0x00,0x0C,0xF7,0xFF,0x5B,0x00,0x00,0x00,0x00,0x00,0x00,0xB4,0xFF,0xAC,0x00,0x00,0x00,0x00,0x00,0x00,
  0x63,0xFF,0xF4,0x08,0x00,0x00,0x00,0x00,0x00,0x15,0xFD,0xFF,0x4D,0x00,0x00,0x00,0x00,0x00,0x00,0xC2,
  0xFF,0x9D,0x00,0x00,0x00,0x00,0x00,0x00,0x72,0xFF,0xEB,0x03,0x00,0x00,0x00,0x00,0x00,0x21,0xFF,0xFF,
  0x3E,0x00,0x00,0x00,0x00,0x00,0x00,0xD1,0xFF,0x8F,0x00,0x00,0x00,0x00,0x00,0x00,0x80,0xFF,0xDF,0x00,
  0x80,0xFF,0xFF,0xFF,0xFF,0xFF,0xFF,0x2C,0x80,0xFF,0xFF,0xFF,0xFF,0xFF,0xFF,0x2C,0x00,0x00,0x00,0x7C,
  0xFF,0xFF,0xFF,0x2C,0x00,0x00,0x00,0x7C,0xFF,0xFF,0xFF,0x2C,0x00,0x00,0x00,0x7C,0xFF,0xFF,0xFF,0x2C,
  0x00,0x00,0x00,0x7C,0xFF,0xFF,0xFF,0x2C,0x00,0x00,0x00,0x7C,0xFF,0xFF,0xFF,0x2C,0x00,0x00,0x00,0x7C,
  0xFF,0xFF,0xFF,0x2C,0x00,0x00,0x00,0x7C,0xFF,0xFF,0xFF,0x2C,0x00,0x00,0x00,0x7C,0xFF,0xFF,0xFF,0x2C,
  0x00,0x00,0x00,0x7C,0xFF,0xFF,0xFF,0x2C,0x00,0x00,0x00,0x7C,0xFF,0xFF,0xFF,0x2C,0x00,0x00,0x00,0x7C,
  0xFF,0xFF,0xFF,0x2C,0x00,0x00,0x00,0x7C,0xFF,0xFF,0xFF,0x2C,0x00,0x00,0x00,0x7C,0xFF,0xFF,0xFF,0x2C,
  0x00,0x00,0x00,0x7C,0xFF,0xFF,0xFF,0x2C,0x00,0x00,0x00,0x7C,0xFF,0xFF,0xFF,0x2C,0x00,0x00,0x00,0x7C,
  0xFF,0xFF,0xFF,0x2C,0x80,0xFF,0xFF,0xFF,0xFF,0xFF,0xFF,0x2C,0x80,0xFF,0xFF,0xFF,0xFF,0xFF,0xFF,0x2C,
  0x00,0x00,0x00,0x00,0x00,0x94,0xFF,0xFF,0xE1,0x1E,0x00,0x00,0x00,0x00,0x00,0x00,0x00,0x00,0x00,0x87,
  0xFF,0xFF,0xFF,0xFF,0xDA,0x17,0x00,0x00,0x00,0x00,0x00,0x00,0x00,0x79,0xFF,0xFF,0xFE,0xEB,0xFF,0xFF,
  0xD2,0x11,0x00,0x00,0x00,0x00,0x00,0x6B,0xFF,0xFF,0xEA,0x49,0x12,0xB1,0xFF,0xFF,0xC9,0x0C,0x00,0x00,
  0x00,0x5E,0xFE,0xFF,0xC0,0x1A,0x00,0x00,0x00,0x6F,0xF9,0xFF,0xBF,0x08,0x00,0x52,0xFC,0xFD,0x81,0x02,
  0x00,0x00,0x00,0x00,0x00,0x32,0xDB,0xFF,0xB5,0x05,0xFF,0xFF,0xFF,0xFF,0xFF,0xFF,0xFF,0xFF,0xFF,0xFF,
  0xFF,0xFF,0xFF,0xFF,0xFF,0xFF,0xFF,0xFF,0xFF,0xFF,0xFF,0xFF,0x7E,0xFF,0xFF,0x6C,0x00,0x00,0x00,0x00,
  0x81,0xFF,0xF9,0x35,0x00,0x00,0x00,0x00,0x84,0xFF,0xDF,0x11,0x00,0x00,0x00,0x00,0x86,0xFF,0xB1,0x01,
  0x00,0x00,0x26,0x72,0xB9,0xE4,0xF9,0xF9,0xE9,0xC1,0x78,0x0E,0x00,0x00,0x00,0x00,0xFF,0xFF,0xFF,0xFF,
  0xFF,0xFF,0xFF,0xFF,0xFF,0xE2,0x1F,0x00,0x00,0x00,0xCF,0x6E,0x32,0x16,0x06,0x1E,0x7D,0xFE,0xFF,0xFF,
  0xAC,0x00,0x00,0x00,0x00,0x00,0x00,0x00,0x00,0x00,0x00,0xD3,0xFF,0xFF,0xF6,0x03,0x00,0x00,0x19,0x84,
  0xC7,0xEC,0xFA,0xFF,0xFF,0xFF,0xFF,0xFF,0xFF,0x16,0x00,0x31,0xEE,0xFF,0xFF,0xFF,0xFF,0xFF,0xFF,0xFF,
  0xFF,0xFF,0xFF,0x1C,0x00,0xC1,0xFF,0xFF,0xFF,0x8D,0x18,0x00,0x00,0xC7,0xFF,0xFF,0xFF,0x1C,0x02,0xFC,
  0xFF,0xFF,0xEB,0x01,0x00,0x00,0x00,0xE5,0xFF,0xFF,0xFF,0x1C,0x04,0xFE,0xFF,0xFF,0xE6,0x00,0x00,0x00,
  0x40,0xFF,0xFF,0xFF,0xFF,0x1C,0x00,0xCB,0xFF,0xFF,0xFF,0x71,0x0C,0x3D,0xE2,0xFF,0xFF,0xFF,0xFF,0x1C,
  0x00,0x41,0xFB,0xFF,0xFF,0xFF,0xFF,0xFF,0xC0,0xCB,0xFF,0xFF,0xFF,0x1C,0x00,0x00,0x39,0xB8,0xF2,0xF7,
  0xD6,0x7C,0x06,0xC4,0xFF,0xFF,0xFF,0x1C,0x28,0xFF,0xFF,0xFF,0xB0,0x00,0x00,0x00,0x00,0x00,0x00,0x00,
  0x00,0x00,0x28,0xFF,0xFF,0xFF,0xB0,0x00,0x00,0x00,0x00,0x00,0x00,0x00,0x00,0x00,0x28,0xFF,0xFF,0xFF,
  0xB0,0x00,0x00,0x00,0x00,0x00,0x00,0x00,0x00,0x00,0x28,0xFF,0xFF,0xFF,0xB0,0x00,0x00,0x00,0x00,0x00,
  0x00,0x00,0x00,0x00,0x28,0xFF,0xFF,0xFF,0xB0,0x00,0x00,0x00,0x00,0x00,0x00,0x00,0x00,0x00,0x28,0xFF,
  0xFF,0xFF,0xB0,0x08,0x7F,0xD9,0xF8,0xE8,0xA1,0x20,0x00,0x00,0x28,0xFF,0xFF,0xFF,0xBD,0xC9,0xFF,0xFF,
  0xFF,0xFF,0xFF,0xED,0x30,0x00,0x28,0xFF,0xFF,0xFF,0xFF,0xC7,0x26,0x0A,0x6A,0xFE,0xFF,0xFF,0xD9,0x05,
  0x28,0xFF,0xFF,0xFF,0xFF,0x29,0x00,0x00,0x00,0xB1,0xFF,0xFF,0xFF,0x58,0x28,0xFF,0xFF,0xFF,0xD7,0x00,
  0x00,0x00,0x00,0x5F,0xFF,0xFF,0xFF,0x9C,0x28,0xFF,0xFF,0xFF,0xBC,0x00,0x00,0x00,0x00,0x44,0xFF,0xFF,
  0xFF,0xBA,0x28,0xFF,0xFF,0xFF,0xBB,0x00,0x00,0x00,0x00,0x45,0xFF,0xFF,0xFF,0xBA,0x28,0xFF,0xFF,0xFF,
  0xD7,0x00,0x00,0x00,0x00,0x5F,0xFF,0xFF,0xFF,0x9C,0x28,0xFF,0xFF,0xFF,0xFF,0x29,0x00,0x00,0x00,0xAF,
  0xFF,0xFF,0xFF,0x58,0x28,0xFF,0xFF,0xFF,0xFF,0xC6,0x25,0x09,0x68,0xFE,0xFF,0xFF,0xDB,0x05,0x28,0xFF,
  0xFF,0xFF,0xBD,0xC9,0xFF,0xFF,0xFF,0xFF,0xFF,0xEF,0x32,0x00,0x28,0xFF,0xFF,0xFF,0xB0,0x08,0x7F,0xD9,
  0xF9,0xEA,0xA3,0x22,0x00,0x00,0x00,0x00,0x00,0x09,0x66,0xB7,0xE6,0xF9,0xEA,0xC5,0x6F,0x10,0x00,0x00,
  0x2E,0xDB,0xFF,0xFF,0xFF,0xFF,0xFF,0xFF,0xFF,0x90,0x00,0x17,0xE9,0xFF,0xFF,0xFF,0x87,0x1D,0x09,0x2D,
  0x74,0x79,0x00,0x90,0xFF,0xFF,0xFF,0x9C,0x00,0x00,0x00,0x00,0x00,0x00,0x00,0xE0,0xFF,0xFF,0xFF,0x2B,
  0x00,0x00,0x00,0x00,0x00,0x00,0x03,0xFD,0xFF,0xFF,0xFD,0x06,0x00,0x00,0x00,0x00,0x00,0x00,0x03,0xFD,
  0xFF,0xFF,0xFD,0x06,0x00,0x00,0x00,0x00,0x00,0x00,0x00,0xE0,0xFF,0xFF,0xFF,0x2B,0x00,0x00,0x00,0x00,
  0x00,0x00,0x00,0x90,0xFF,0xFF,0xFF,0x9A,0x00,0x00,0x00,0x00,0x00,0x00,0x00,0x18,0xEA,0xFF,0xFF,0xFE,
  0x84,0x1B,0x08,0x2A,0x77,0x7B,0x00,0x00,0x30,0xDE,0xFF,0xFF,0xFF,0xFF,0xFF,0xFF,0xFF,0x90,0x00,0x00,
  0x00,0x0A,0x68,0xB9,0xE7,0xF9,0xEB,0xC5,0x70,0x10,0x00,0x00,0x00,0x00,0x00,0x00,0x00,0x00,0x00,0x00,
  0xF8,0xFF,0xFF,0xE8,0x00,0x00,0x00,0x00,0x00,0x00,0x00,0x00,0x00,0x00,0xF8,0xFF,0xFF,0xE8,0x00,0x00,
  0x00,0x00,0x00,0x00,0x00,0x00,0x00,0x00,0xF8,0xFF,0xFF,0xE8,0x00,0x00,0x00,0x00,0x00,0x00,0x00,0x00,
  0x00,0x00,0xF8,0xFF,0xFF,0xE8,0x00,0x00,0x00,0x00,0x00,0x00,0x00,0x00,0x00,0x00,0xF8,0xFF,0xFF,0xE8,
  0x00,0x00,0x00,0x40,0xBA,0xF1,0xF4,0xC7,0x58,0x00,0xF8,0xFF,0xFF,0xE8,0x00,0x00,0x63,0xFE,0xFF,0xFF,
  0xFF,0xFF,0xFF,0x8E,0xF8,0xFF,0xFF,0xE8,0x00,0x29,0xF9,0xFF,0xFF,0xEA,0x41,0x07,0x42,0xEC,0xFF,0xFF,
  0xFF,0xE8,0x00,0x9A,0xFF,0xFF,0xFF,0x6D,0x00,0x00,0x00,0x71,0xFF,0xFF,0xFF,0xE8,0x00,0xDE,0xFF,0xFF,
  0xFF,0x1E,0x00,0x00,0x00,0x1F,0xFF,0xFF,0xFF,0xE8,0x00,0xFA,0xFF,0xFF,0xFE,0x05,0x00,0x00,0x00,0x05,
  0xFE,0xFF,0xFF,0xE8,0x00,0xFA,0xFF,0xFF,0xFE,0x04,0x00,0x00,0x00,0x05,0xFE,0xFF,0xFF,0xE8,0x00,0xDE,
  0xFF,0xFF,0xFF,0x1E,0x00,0x00,0x00,0x1F,0xFF,0xFF,0xFF,0xE8,0x00,0x9A,0xFF,0xFF,0xFF,0x6C,0x00,0x00,
  0x00,0x6F,0xFF,0xFF,0xFF,0xE8,0x00,0x2A,0xFA,0xFF,0xFF,0xE9,0x3F,0x06,0x40,0xEB,0xFF,0xFF,0xFF,0xE8,
  0x00,0x00,0x66,0xFE,0xFF,0xFF,0xFF,0xFF,0xFF,0x8F,0xF8,0xFF,0xFF,0xE8,0x00,0x00,0x00,0x42,0xBC,0xF2,
  0xF4,0xC8,0x5A,0x00,0xF8,0xFF,0xFF,0xE8,0x00,0x00,0x00,0x0E,0x72,0xBF,0xEB,0xFB,0xEE,0xC1,0x6B,0x08,
  0x00,0x00,0x00,0x00,0x34,0xE2,0xFF,0xFF,0xFF,0xFF,0xFF,0xFF,0xFF,0xD1,0x1C,0x00,0x00,0x1A,0xEB,0xFF,
  0xFF,0xEA,0x4C,0x0D,0x45,0xEA,0xFF,0xFF,0xCE,0x03,0x00,0x92,0xFF,0xFF,0xFF,0x59,0x00,0x00,0x00,0x67,
  0xFF,0xFF,0xFF,0x5D,0x00,0xE0,0xFF,0xFF,0xFB,0x0A,0x00,0x00,0x00,0x29,0xFF,0xFF,0xFF,0xAC,0x03,0xFE,
  0xFF,0xFF,0xFF,0xFF,0xFF,0xFF,0xFF,0xFF,0xFF,0xFF,0xFF,0xCF,0x03,0xFE,0xFF,0xFF,0xFF,0xFF,0xFF,0xFF,
  0xFF,0xFF,0xFF,0xFF,0xFF,0xDB,0x00,0xE1,0xFF,0xFF,0xF5,0x04,0x00,0x00,0x00,0x00,0x00,0x00,0x00,0x00,
  0x00,0x93,0xFF,0xFF,0xFF,0x53,0x00,0x00,0x00,0x00,0x00,0x00,0x00,0x00,0x00,0x1B,0xED,0xFF,0xFF,0xED,
  0x61,0x18,0x09,0x22,0x3E,0x7D,0xC6,0x45,0x00,0x00,0x35,0xE2,0xFF,0xFF,0xFF,0xFF,0xFF,0xFF,0xFF,0xFF,
  0xFF,0x48,0x00,0x00,0x00,0x0D,0x6D,0xBC,0xE9,0xFA,0xF0,0xD9,0xBC,0x7D,0x37,0x02,0x00,0x00,0x00,0x25,
  0xA3,0xE3,0xFB,0xFF,0xFF,0xC4,0x00,0x00,0x1A,0xEC,0xFF,0xFF,0xFF,0xFF,0xFF,0xC4,0x00,0x00,0x7E,0xFF,
  0xFF,0xFF,0x88,0x07,0x00,0x00,0x00,0x00,0xA5,0xFF,0xFF,0xFF,0x33,0x00,0x00,0x00,0x00,0x00,0xAC,0xFF,
  0xFF,0xFF,0x2C,0x00,0x00,0x00,0x94,0xFF,0xFF,0xFF,0xFF,0xFF,0xFF,0xFF,0xFF,0x78,0x94,0xFF,0xFF,0xFF,
  0xFF,0xFF,0xFF,0xFF,0xFF,0x78,0x00,0x00,0xAC,0xFF,0xFF,0xFF,0x2C,0x00,0x00,0x00,0x00,0x00,0xAC,0xFF,
  0xFF,0xFF,0x2C,0x00,0x00,0x00,0x00,0x00,0xAC,0xFF,0xFF,0xFF,0x2C,0x00,0x00,0x00,0x00,0x00,0xAC,0xFF,
  0xFF,0xFF,0x2C,0x00,0x00,0x00,0x00,0x00,0xAC,0xFF,0xFF,0xFF,0x2C,0x00,0x00,0x00,0x00,0x00,0xAC,0xFF,
  0xFF,0xFF,0x2C,0x00,0x00,0x00,0x00,0x00,0xAC,0xFF,0xFF,0xFF,0x2C,0x00,0x00,0x00,0x00,0x00,0xAC,0xFF,
  0xFF,0xFF,0x2C,0x00,0x00,0x00,0x00,0x00,0xAC,0xFF,0xFF,0xFF,0x2C,0x00,0x00,0x00,0x00,0x00,0xAC,0xFF,
  0xFF,0xFF,0x2C,0x00,0x00,0x00,0x00,0x00,0x00,0x3E,0xB9,0xF1,0xF4,0xC8,0x5A,0x00,0xF8,0xFF,0xFF,0xE8,
  0x00,0x00,0x60,0xFD,0xFF,0xFF,0xFF,0xFF,0xFF,0x8F,0xF8,0xFF,0xFF,0xE8,0x00,0x27,0xF8,0xFF,0xFF,0xED,
  0x44,0x07,0x45,0xEF,0xFF,0xFF,0xFF,0xE8,0x00,0x98,0xFF,0xFF,0xFF,0x72,0x00,0x00,0x00,0x76,0xFF,0xFF,
  0xFF,0xE8,0x00,0xDD,0xFF,0xFF,0xFF,0x20,0x00,0x00,0x00,0x22,0xFF,0xFF,0xFF,0xE8,0x00,0xFA,0xFF,0xFF,
  0xFE,0x05,0x00,0x00,0x00,0x06,0xFE,0xFF,0xFF,0xE8,0x00,0xFA,0xFF,0xFF,0xFE,0x04,0x00,0x00,0x00,0x06,
  0xFE,0xFF,0xFF,0xE8,0x00,0xDC,0xFF,0xFF,0xFF,0x1D,0x00,0x00,0x00,0x22,0xFF,0xFF,0xFF,0xE8,0x00,0x97,
  0xFF,0xFF,0xFF,0x6C,0x00,0x00,0x00,0x76,0xFF,0xFF,0xFF,0xE8,0x00,0x26,0xF8,0xFF,0xFF,0xE9,0x3F,0x06,
  0x44,0xEF,0xFF,0xFF,0xFF,0xE8,0x00,0x00,0x60,0xFD,0xFF,0xFF,0xFF,0xFF,0xFF,0x8F,0xF8,0xFF,0xFF,0xE7,
  0x00,0x00,0x00,0x3E,0xBA,0xF1,0xF4,0xC8,0x5A,0x03,0xFF,0xFF,0xFF,0xD9,0x00,0x00,0x00,0x00,0x00,0x00,
  0x00,0x00,0x00,0x2A,0xFF,0xFF,0xFF,0xB5,0x00,0x00,0x00,0x00,0x00,0x00,0x00,0x00,0x00,0x8F,0xFF,0xFF,
  0xFF,0x66,0x00,0x00,0x7D,0x99,0x43,0x1C,0x05,0x21,0x86,0xFE,0xFF,0xFF,0xD3,0x05,0x00,0x00,0x8C,0xFF,
  0xFF,0xFF,0xFF,0xFF,0xFF,0xFF,0xFF,0xC9,0x1B,0x00,0x00,0x00,0x0D,0x5F,0xB4,0xDC,0xF7,0xF5,0xDE,0xAB,
  0x55,0x03,0x00,0x00,0x28,0xFF,0xFF,0xFF,0xB0,0x00,0x00,0x00,0x00,0x00,0x00,0x00,0x00,0x28,0xFF,0xFF,
  0xFF,0xB0,0x00,0x00,0x00,0x00,0x00,0x00,0x00,0x00,0x28,0xFF,0xFF,0xFF,0xB0,0x00,0x00,0x00,0x00,0x00,
  0x00,0x00,0x00,0x28,0xFF,0xFF,0xFF,0xB0,0x00,0x00,0x00,0x00,0x00,0x00,0x00,0x00,0x28,0xFF,0xFF,0xFF,
  0xB0,0x00,0x00,0x00,0x00,0x00,0x00,0x00,0x00,0x28,0xFF,0xFF,0xFF,0xB0,0x05,0x75,0xD5,0xF8,0xEE,0xB5,
  0x36,0x00,0x28,0xFF,0xFF,0xFF,0xBC,0xC2,0xFF,0xFF,0xFF,0xFF,0xFF,0xF8,0x32,0x28,0xFF,0xFF,0xFF,0xFF,
  0xD0,0x30,0x14,0x97,0xFF,0xFF,0xFF,0xAB,0x28,0xFF,0xFF,0xFF,0xFE,0x27,0x00,0x00,0x0E,0xFF,0xFF,0xFF,
  0xE0,0x28,0xFF,0xFF,0xFF,0xD3,0x00,0x00,0x00,0x00,0xF4,0xFF,0xFF,0xEF,0x28,0xFF,0xFF,0xFF,0xB7,0x00,
  0x00,0x00,0x00,0xED,0xFF,0xFF,0xF0,0x28,0xFF,0xFF,0xFF,0xB0,0x00,0x00,0x00,0x00,0xEC,0xFF,0xFF,0xF0,
  0x28,0xFF,0xFF,0xFF,0xB0,0x00,0x00,0x00,0x00,0xEC,0xFF,0xFF,0xF0,0x28,0xFF,0xFF,0xFF,0xB0,0x00,0x00,
  0x00,0x00,0xEC,0xFF,0xFF,0xF0,0x28,0xFF,0xFF,0xFF,0xB0,0x00,0x00,0x00,0x00,0xEC,0xFF,0xFF,0xF0,0x28,
  0xFF,0xFF,0xFF,0xB0,0x00,0x00,0x00,0x00,0xEC,0xFF,0xFF,0xF0,0x28,0xFF,0xFF,0xFF,0xB0,0x00,0x00,0x00,
  0x00,0xEC,0xFF,0xFF,0xF0,0x28,0xFF,0xFF,0xFF,0xB0,0x28,0xFF,0xFF,0xFF,0xB0,0x28,0xFF,0xFF,0xFF,0xB0,
  0x28,0xFF,0xFF,0xFF,0xB0,0x00,0x00,0x00,0x00,0x00,0x28,0xFF,0xFF,0xFF,0xB0,0x28,0xFF,0xFF,0xFF,0xB0,
  0x28,0xFF,0xFF,0xFF,0xB0,0x28,0xFF,0xFF,0xFF,0xB0,0x28,0xFF,0xFF,0xFF,0xB0,0x28,0xFF,0xFF,0xFF,0xB0,
  0x28,0xFF,0xFF,0xFF,0xB0,0x28,0xFF,0xFF,0xFF,0xB0,0x28,0xFF,0xFF,0xFF,0xB0,0x28,0xFF,0xFF,0xFF,0xB0,
  0x28,0xFF,0xFF,0xFF,0xB0,0x28,0xFF,0xFF,0xFF,0xB0,0x00,0x00,0x28,0xFF,0xFF,0xFF,0xB0,0x00,0x00,0x28,
  0xFF,0xFF,0xFF,0xB0,0x00,0x00,0x28,0xFF,0xFF,0xFF,0xB0,0x00,0x00,0x28,0xFF,0xFF,0xFF,0xB0,0x00,0x00,
  0x00,0x00,0x00,0x00,0x00,0x00,0x00,0x28,0xFF,0xFF,0xFF,0xB0,0x00,0x00,0x28,0xFF,0xFF,0xFF,0xB0,0x00,
  0x00,0x28,0xFF,0xFF,0xFF,0xB0,0x00,0x00,0x28,0xFF,0xFF,0xFF,0xB0,0x00,0x00,0x28,0xFF,0xFF,0xFF,0xB0,
  0x00,0x00,0x28,0xFF,0xFF,0xFF,0xB0,0x00,0x00,0x28,0xFF,0xFF,0xFF,0xB0,0x00,0x00,0x28,0xFF,0xFF,0xFF,
  0xB0,0x00,0x00,0x28,0xFF,0xFF,0xFF,0xB0,0x00,0x00,0x28,0xFF,0xFF,0xFF,0xB0,0x00,0x00,0x28,0xFF,0xFF,
  0xFF,0xB0,0x00,0x00,0x28,0xFF,0xFF,0xFF,0xB0,0x00,0x00,0x29,0xFF,0xFF,0xFF,0xAC,0x00,0x00,0x3C,0xFF,
  0xFF,0xFF,0x96,0x00,0x15,0xA9,0xFF,0xFF,0xFF,0x54,0xBC,0xFF,0xFF,0xFF,0xFF,0xC2,0x03,0xBC,0xFF,0xFA,
  0xDA,0x85,0x0A,0x00,0x28,0xFF,0xFF,0xFF,0xB0,0x00,0x00,0x00,0x00,0x00,0x00,0x00,0x00,0x00,0x00,0x28,
  0xFF,0xFF,0xFF,0xB0,0x00,0x00,0x00,0x00,0x00,0x00,0x00,0x00,0x00,0x00,0x28,0xFF,0xFF,0xFF,0xB0,0x00,
  0x00,0x00,0x00,0x00,0x00,0x00,0x00,0x00,0x00,0x28,0xFF,0xFF,0xFF,0xB0,0x00,0x00,0x00,0x00,0x00,0x00,
  0x00,0x00,0x00,0x00,0x28,0xFF,0xFF,0xFF,0xB0,0x00,0x00,0x00,0x00,0x00,0x00,0x00,0x00,0x00,0x00,0x28,
  0xFF,0xFF,0xFF,0xB0,0x00,0x00,0x00,0x62,0xFE,0xFF,0xFF,0xE5,0x2A,0x00,0x28,0xFF,0xFF,0xFF,0xB0,0x00,
  0x00,0x64,0xFE,0xFF,0xFF,0xDC,0x20,0x00,0x00,0x28,0xFF,0xFF,0xFF,0xB0,0x00,0x65,0xFE,0xFF,0xFF,0xD3,
  0x19,0x00,0x00,0x00,0x28,0xFF,0xFF,0xFF,0xB0,0x67,0xFE,0xFF,0xFF,0xC8,0x12,0x00,0x00,0x00,0x00,0x28,
  0xFF,0xFF,0xFF,0xEB,0xFE,0xFF,0xFF,0xBC,0x0C,0x00,0x00,0x00,0x00,0x00,0x28,0xFF,0xFF,0xFF,0xFF,0xFF,
  0xFF,0xEC,0x0D,0x00,0x00,0x00,0x00,0x00,0x00,0x28,0xFF,0xFF,0xFF,0xFF,0xFF,0xFF,0xFF,0xAC,0x04,0x00,
  0x00,0x00,0x00,0x00,0x28,0xFF,0xFF,0xFF,0xBD,0xCA,0xFF,0xFF,0xFF,0xA6,0x03,0x00,0x00,0x00,0x00,0x28,
  0xFF,0xFF,0xFF,0xB0,0x13,0xD4,0xFF,0xFF,0xFF,0xA1,0x02,0x00,0x00,0x00,0x28,0xFF,0xFF,0xFF,0xB0,0x00,
  0x19,0xDC,0xFF,0xFF,0xFF,0x9B,0x01,0x00,0x00,0x28,0xFF,0xFF,0xFF,0xB0,0x00,0x00,0x20,0xE4,0xFF,0xFF,
  0xFF,0x95,0x00,0x00,0x28,0xFF,0xFF,0xFF,0xB0,0x00,0x00,0x00,0x29,0xEB,0xFF,0xFF,0xFF,0x8E,0x00,0x28,
  0xFF,0xFF,0xFF,0xB0,0x28,0xFF,0xFF,0xFF,0xB0,0x28,0xFF,0xFF,0xFF,0xB0,0x28,0xFF,0xFF,0xFF,0xB0,0x28,
  0xFF,0xFF,0xFF,0xB0,0x28,0xFF,0xFF,0xFF,0xB0,0x28,0xFF,0xFF,0xFF,0xB0,0x28,0xFF,0xFF,0xFF,0xB0,0x28,
  0xFF,0xFF,0xFF,0xB0,0x28,0xFF,0xFF,0xFF,0xB0,0x28,0xFF,0xFF,0xFF,0xB0,0x28,0xFF,0xFF,0xFF,0xB0,0x28,
  0xFF,0xFF,0xFF,0xB0,0x28,0xFF,0xFF,0xFF,0xB0,0x28,0xFF,0xFF,0xFF,0xB0,0x28,0xFF,0xFF,0xFF,0xB0,0x28,
  0xFF,0xFF,0xFF,0xB0,0x2C,0xFF,0xFF,0xFF,0xB0,0x0D,0x8E,0xE3,0xF7,0xD6,0x73,0x02,0x00,0x51,0xC2,0xF3,
  0xF5,0xC8,0x58,0x00,0x00,0x2C,0xFF,0xFF,0xFF,0xBE,0xD1,0xFF,0xFF,0xFF,0xFF,0xFF,0xA1,0x86,0xFF,0xFF,
  0xFF,0xFF,0xFF,0xFF,0x68,0x00,0x2C,0xFF,0xFF,0xFF,0xFF,0xB8,0x1F,0x1F,0xDA,0xFF,0xFF,0xFF,0xFF,0x89,
  0x13,0x41,0xFB,0xFF,0xFF,0xE9,0x01,0x2C,0xFF,0xFF,0xFF,0xFB,0x18,0x00,0x00,0x88,0xFF,0xFF,0xFF,0xD7,
  0x00,0x00,0x00,0xC3,0xFF,0xFF,0xFF,0x20,0x2C,0xFF,0xFF,0xFF,0xCD,0x00,0x00,0x00,0x72,0xFF,0xFF,0xFF,
  0x8F,0x00,0x00,0x00,0xAC,0xFF,0xFF,0xFF,0x2F,0x2C,0xFF,0xFF,0xFF,0xB6,0x00,0x00,0x00,0x6C,0xFF,0xFF,
  0xFF,0x76,0x00,0x00,0x00,0xAF,0xFF,0xFF,0xFF,0x30,0x2C,0xFF,0xFF,0xFF,0xB0,0x00,0x00,0x00,0x6C,0xFF,
  0xFF,0xFF,0x70,0x00,0x00,0x00,0xB0,0xFF,0xFF,0xFF,0x30,0x2C,0xFF,0xFF,0xFF,0xB0,0x00,0x00,0x00,0x6C,
  0xFF,0xFF,0xFF,0x70,0x00,0x00,0x00,0xB0,0xFF,0xFF,0xFF,0x30,0x2C,0xFF,0xFF,0xFF,0xB0,0x00,0x00,0x00,
  0x6C,0xFF,0xFF,0xFF,0x70,0x00,0x00,0x00,0xB0,0xFF,0xFF,0xFF,0x30,0x2C,0xFF,0xFF,0xFF,0xB0,0x00,0x00,
  0x00,0x6C,0xFF,0xFF,0xFF,0x70,0x00,0x00,0x00,0xB0,0xFF,0xFF,0xFF,0x30,0x2C,0xFF,0xFF,0xFF,0xB0,0x00,
  0x00,0x00,0x6C,0xFF,0xFF,0xFF,0x70,0x00,0x00,0x00,0xB0,0xFF,0xFF,0xFF,0x30,0x2C,0xFF,0xFF,0xFF,0xB0,
  0x00,0x00,0x00,0x6C,0xFF,0xFF,0xFF,0x70,0x00,0x00,0x00,0xB0,0xFF,0xFF,0xFF,0x30,0x28,0xFF,0xFF,0xFF,
  0xB0,0x05,0x75,0xD5,0xF8,0xEE,0xB5,0x36,0x00,0x28,0xFF,0xFF,0xFF,0xBC,0xC2,0xFF,0xFF,0xFF,0xFF,0xFF,
  0xF8,0x32,0x28,0xFF,0xFF,0xFF,0xFF,0xD0,0x30,0x13,0x95,0xFF,0xFF,0xFF,0xAB,0x28,0xFF,0xFF,0xFF,0xFE,
  0x27,0x00,0x00,0x0D,0xFF,0xFF,0xFF,0xE0,0x28,0xFF,0xFF,0xFF,0xD3,0x00,0x00,0x00,0x00,0xF3,0xFF,0xFF,
  0xEF,0x28,0xFF,0xFF,0xFF,0xB7,0x00,0x00,0x00,0x00,0xED,0xFF,0xFF,0xF0,0x28,0xFF,0xFF,0xFF,0xB0,0x00,
  0x00,0x00,0x00,0xEC,0xFF,0xFF,0xF0,0x28,0xFF,0xFF,0xFF,0xB0,0x00,0x00,0x00,0x00,0xEC,0xFF,0xFF,0xF0,
  0x28,0xFF,0xFF,0xFF,0xB0,0x00,0x00,0x00,0x00,0xEC,0xFF,0xFF,0xF0,0x28,0xFF,0xFF,0xFF,0xB0,0x00,0x00,
  0x00,0x00,0xEC,0xFF,0xFF,0xF0,0x28,0xFF,0xFF,0xFF,0xB0,0x00,0x00,0x00,0x00,0xEC,0xFF,0xFF,0xF0,0x28,
  0xFF,0xFF,0xFF,0xB0,0x00,0x00,0x00,0x00,0xEC,0xFF,0xFF,0xF0,0x00,0x00,0x00,0x10,0x76,0xC2,0xEC,0xFB,
  0xEF,0xCB,0x84,0x1A,0x00,0x00,0x00,0x00,0x00,0x39,0xE6,0xFF,0xFF,0xFF,0xFF,0xFF,0xFF,0xFF,0xF1,0x4E,
  0x00,0x00,0x00,0x1C,0xEE,0xFF,0xFF,0xEC,0x46,0x07,0x36,0xDF,0xFF,0xFF,0xF8,0x31,0x00,0x00,0x94,0xFF,
  0xFF,0xFF,0x6F,0x00,0x00,0x00,0x54,0xFF,0xFF,0xFF,0xB4,0x00,0x00,0xE1,0xFF,0xFF,0xFF,0x1C,0x00,0x00,
  0x00,0x05,0xFB,0xFF,0xFF,0xF8,0x08,0x03,0xFE,0xFF,0xFF,0xFD,0x03,0x00,0x00,0x00,0x00,0xE5,0xFF,0xFF,
  0xFF,0x21,0x03,0xFE,0xFF,0xFF,0xFC,0x03,0x00,0x00,0x00,0x00,0xE5,0xFF,0xFF,0xFF,0x20,0x00,0xE1,0xFF,
  0xFF,0xFF,0x1C,0x00,0x00,0x00,0x05,0xFB,0xFF,0xFF,0xF8,0x08,0x00,0x94,0xFF,0xFF,0xFF,0x6F,0x00,0x00,
  0x00,0x54,0xFF,0xFF,0xFF,0xB4,0x00,0x00,0x1C,0xEE,0xFF,0xFF,0xEC,0x45,0x06,0x36,0xDF,0xFF,0xFF,0xF8,
  0x32,0x00,0x00,0x00,0x39,0xE7,0xFF,0xFF,0xFF,0xFF,0xFF,0xFF,0xFF,0xF1,0x4F,0x00,0x00,0x00,0x00,0x00,
  0x11,0x77,0xC3,0xED,0xFB,0xF0,0xCC,0x85,0x1A,0x00,0x00,0x00,0x28,0xFF,0xFF,0xFF,0xB0,0x08,0x7F,0xD9,
  0xF8,0xE8,0xA1,0x20,0x00,0x00,0x28,0xFF,0xFF,0xFF,0xBD,0xC9,0xFF,0xFF,0xFF,0xFF,0xFF,0xED,0x30,0x00,
  0x28,0xFF,0xFF,0xFF,0xFF,0xC7,0x26,0x0A,0x6A,0xFE,0xFF,0xFF,0xD9,0x05,0x28,0xFF,0xFF,0xFF,0xFF,0x29,
  0x00,0x00,0x00,0xB1,0xFF,0xFF,0xFF,0x58,0x28,0xFF,0xFF,0xFF,0xD7,0x00,0x00,0x00,0x00,0x5F,0xFF,0xFF,
  0xFF,0x9C,0x28,0xFF,0xFF,0xFF,0xBC,0x00,0x00,0x00,0x00,0x44,0xFF,0xFF,0xFF,0xBA,0x28,0xFF,0xFF,0xFF,
  0xBB,0x00,0x00,0x00,0x00,0x45,0xFF,0xFF,0xFF,0xBA,0x28,0xFF,0xFF,0xFF,0xD7,0x00,0x00,0x00,0x00,0x5F,
  0xFF,0xFF,0xFF,0x9C,0x28,0xFF,0xFF,0xFF,0xFF,0x29,0x00,0x00,0x00,0xAF,0xFF,0xFF,0xFF,0x58,0x28,0xFF,
  0xFF,0xFF,0xFF,0xC6,0x25,0x09,0x68,0xFE,0xFF,0xFF,0xDB,0x05,0x28,0xFF,0xFF,0xFF,0xBD,0xC9,0xFF,0xFF,
  0xFF,0xFF,0xFF,0xEF,0x32,0x00,0x28,0xFF,0xFF,0xFF,0xB0,0x08,0x7F,0xD9,0xF9,0xEA,0xA3,0x22,0x00,0x00,
  0x28,0xFF,0xFF,0xFF,0xB0,0x00,0x00,0x00,0x00,0x00,0x00,0x00,0x00,0x00,0x28,0xFF,0xFF,0xFF,0xB0,0x00,
  0x00,0x00,0x00,0x00,0x00,0x00,0x00,0x00,0x28,0xFF,0xFF,0xFF,0xB0,0x00,0x00,0x00,0x00,0x00,0x00,0x00,
  0x00,0x00,0x28,0xFF,0xFF,0xFF,0xB0,0x00,0x00,0x00,0x00,0x00,0x00,0x00,0x00,0x00,0x28,0xFF,0xFF,0xFF,
  0xB0,0x00,0x00,0x00,0x00,0x00,0x00,0x00,0x00,0x00,0x00,0x00,0x00,0x41,0xBA,0xF1,0xF4,0xC8,0x5A,0x00,
  0xF8,0xFF,0xFF,0xE8,0x00,0x00,0x66,0xFE,0xFF,0xFF,0xFF,0xFF,0xFF,0x8F,0xF8,0xFF,0xFF,0xE8,0x00,0x2B,
  0xFA,0xFF,0xFF,0xEA,0x41,0x07,0x42,0xEC,0xFF,0xFF,0xFF,0xE8,0x00,0x9B,0xFF,0xFF,0xFF,0x6D,0x00,0x00,
  0x00,0x71,0xFF,0xFF,0xFF,0xE8,0x00,0xDF,0xFF,0xFF,0xFF,0x1E,0x00,0x00,0x00,0x1F,0xFF,0xFF,0xFF,0xE8,
  0x00,0xFB,0xFF,0xFF,0xFE,0x05,0x00,0x00,0x00,0x05,0xFE,0xFF,0xFF,0xE8,0x00,0xFA,0xFF,0xFF,0xFE,0x04,
  0x00,0x00,0x00,0x05,0xFE,0xFF,0xFF,0xE8,0x00,0xDE,0xFF,0xFF,0xFF,0x1E,0x00,0x00,0x00,0x1F,0xFF,0xFF,
  0xFF,0xE8,0x00,0x9A,0xFF,0xFF,0xFF,0x6C,0x00,0x00,0x00,0x6F,0xFF,0xFF,0xFF,0xE8,0x00,0x2A,0xFA,0xFF,
  0xFF,0xE9,0x3F,0x06,0x40,0xEB,0xFF,0xFF,0xFF,0xE8,0x00,0x00,0x66,0xFE,0xFF,0xFF,0xFF,0xFF,0xFF,0x8F,
  0xF8,0xFF,0xFF,0xE8,0x00,0x00,0x00,0x42,0xBC,0xF2,0xF4,0xC8,0x5A,0x00,0xF8,0xFF,0xFF,0xE8,0x00,0x00,
  0x00,0x00,0x00,0x00,0x00,0x00,0x00,0x00,0xF8,0xFF,0xFF,0xE8,0x00,0x00,0x00,0x00,0x00,0x00,0x00,0x00,
  0x00,0x00,0xF8,0xFF,0xFF,0xE8,0x00,0x00,0x00,0x00,0x00,0x00,0x00,0x00,0x00,0x00,0xF8,0xFF,0xFF,0xE8,
  0x00,0x00,0x00,0x00,0x00,0x00,0x00,0x00,0x00,0x00,0xF8,0xFF,0xFF,0xE8,0x00,0x00,0x00,0x00,0x00,0x00,
  0x00,0x00,0x00,0x00,0xF8,0xFF,0xFF,0xE8,0x28,0xFF,0xFF,0xFF,0xB0,0x0C,0x86,0xDB,0xF9,0xC8,0x28,0xFF,
  0xFF,0xFF,0xBE,0xD0,0xFF,0xFF,0xFF,0xC8,0x28,0xFF,0xFF,0xFF,0xFF,0xE0,0x49,0x0D,0x00,0x00,0x28,0xFF,
  0xFF,0xFF,0xFF,0x34,0x00,0x00,0x00,0x00,0x28,0xFF,0xFF,0xFF,0xD6,0x00,0x00,0x00,0x00,0x00,0x28,0xFF,
  0xFF,0xFF,0xB7,0x00,0x00,0x00,0x00,0x00,0x28,0xFF,0xFF,0xFF,0xB0,0x00,0x00,0x00,0x00,0x00,0x28,0xFF,
  0xFF,0xFF,0xB0,0x00,0x00,0x00,0x00,0x00,0x28,0xFF,0xFF,0xFF,0xB0,0x00,0x00,0x00,0x00,0x00,0x28,0xFF,
  0xFF,0xFF,0xB0,0x00,0x00,0x00,0x00,0x00,0x28,0xFF,0xFF,0xFF,0xB0,0x00,0x00,0x00,0x00,0x00,0x28,0xFF,
  0xFF,0xFF,0xB0,0x00,0x00,0x00,0x00,0x00,0x00,0x22,0x93,0xD4,0xF3,0xFA,0xE2,0xC4,0x8D,0x40,0x02,0x00,
  0x2F,0xF1,0xFF,0xFF,0xFF,0xFF,0xFF,0xFF,0xFF,0xFF,0x40,0x00,0xAB,0xFF,0xFF,0xD1,0x29,0x06,0x18,0x36,
  0x74,0xC4,0x3D,0x00,0xD5,0xFF,0xFF,0xAB,0x00,0x00,0x00,0x00,0x00,0x00,0x00,0x00,0xC6,0xFF,0xFF,0xFF,
  0xE0,0xAE,0x86,0x5A,0x1C,0x00,0x00,0x00,0x6F,0xFF,0xFF,0xFF,0xFF,0xFF,0xFF,0xFF,0xFE,0xB3,0x14,0x00,
  0x01,0x7F,0xF1,0xFF,0xFF,0xFF,0xFF,0xFF,0xFF,0xFF,0xAD,0x00,0x00,0x00,0x07,0x40,0x6D,0x96,0xCC,0xFF,
  0xFF,0xFF,0xF7,0x01,0x00,0x00,0x00,0x00,0x00,0x00,0x00,0xB2,0xFF,0xFF,0xFE,0x04,0x99,0xA0,0x51,0x2A,
  0x10,0x07,0x36,0xE1,0xFF,0xFF,0xD1,0x00,0xAC,0xFF,0xFF,0xFF,0xFF,0xFF,0xFF,0xFF,0xFF,0xF5,0x40,0x00,
  0x10,0x57,0xA0,0xCF,0xE9,0xFC,0xF2,0xD2,0x92,0x24,0x00,0x00,0x00,0x00,0xCC,0xFF,0xFF,0xFF,0x0C,0x00,
  0x00,0x00,0x00,0x00,0x00,0xCC,0xFF,0xFF,0xFF,0x0C,0x00,0x00,0x00,0x00,0x00,0x00,0xCC,0xFF,0xFF,0xFF,
  0x0C,0x00,0x00,0x00,0x00,0xB4,0xFF,0xFF,0xFF,0xFF,0xFF,0xFF,0xFF,0xFF,0xFF,0x04,0xB4,0xFF,0xFF,0xFF,
  0xFF,0xFF,0xFF,0xFF,0xFF,0xFF,0x04,0x00,0x00,0xCC,0xFF,0xFF,0xFF,0x0C,0x00,0x00,0x00,0x00,0x00,0x00,
  0xCC,0xFF,0xFF,0xFF,0x0C,0x00,0x00,0x00,0x00,0x00,0x00,0xCC,0xFF,0xFF,0xFF,0x0C,0x00,0x00,0x00,0x00,
  0x00,0x00,0xCC,0xFF,0xFF,0xFF,0x0C,0x00,0x00,0x00,0x00,0x00,0x00,0xCC,0xFF,0xFF,0xFF,0x0C,0x00,0x00,
  0x00,0x00,0x00,0x00,0xCC,0xFF,0xFF,0xFF,0x0C,0x00,0x00,0x00,0x00,0x00,0x00,0xC7,0xFF,0xFF,0xFF,0x12,
  0x00,0x00,0x00,0x00,0x00,0x00,0xAB,0xFF,0xFF,0xFF,0x67,0x06,0x00,0x00,0x00,0x00,0x00,0x51,0xFF,0xFF,
  0xFF,0xFF,0xFF,0xFF,0xAC,0x00,0x00,0x00,0x00,0x60,0xC9,0xF3,0xFF,0xFF,0xFF,0xAC,0x00,0x48,0xFF,0xFF,
  0xFF,0x98,0x00,0x00,0x00,0x08,0xFF,0xFF,0xFF,0xD0,0x48,0xFF,0xFF,0xFF,0x97,0x00,0x00,0x00,0x08,0xFF,
  0xFF,0xFF,0xD0,0x48,0xFF,0xFF,0xFF,0x96,0x00,0x00,0x00,0x08,0xFF,0xFF,0xFF,0xD0,0x48,0xFF,0xFF,0xFF,
  0x94,0x00,0x00,0x00,0x08,0xFF,0xFF,0xFF,0xD0,0x48,0xFF,0xFF,0xFF,0x92,0x00,0x00,0x00,0x08,0xFF,0xFF,
  0xFF,0xD0,0x48,0xFF,0xFF,0xFF,0x90,0x00,0x00,0x00,0x08,0xFF,0xFF,0xFF,0xD0,0x48,0xFF,0xFF,0xFF,0x91,
  0x00,0x00,0x00,0x0F,0xFF,0xFF,0xFF,0xD0,0x47,0xFF,0xFF,0xFF,0x98,0x00,0x00,0x00,0x2A,0xFF,0xFF,0xFF,
  0xD0,0x3A,0xFF,0xFF,0xFF,0xB3,0x00,0x00,0x00,0x7D,0xFF,0xFF,0xFF,0xD0,0x0C,0xF7,0xFF,0xFF,0xF8,0x4F,
  0x0F,0x58,0xF4,0xFF,0xFF,0xFF,0xD0,0x00,0x82,0xFF,0xFF,0xFF,0xFF,0xFF,0xFF,0x7E,0xFF,0xFF,0xFF,0xD0,
  0x00,0x00,0x67,0xCF,0xF7,0xF2,0xBC,0x44,0x08,0xFF,0xFF,0xFF,0xD0,0x7A,0xFF,0xFF,0xFF,0x59,0x00,0x00,
  0x00,0x00,0x0E,0xF7,0xFF,0xFF,0xD1,0x00,0x19,0xFB,0xFF,0xFF,0xB6,0x00,0x00,0x00,0x00,0x63,0xFF,0xFF,
  0xFF,0x6B,0x00,0x00,0xB0,0xFF,0xFF,0xFC,0x16,0x00,0x00,0x00,0xBF,0xFF,0xFF,0xF6,0x10,0x00,0x00,0x4B,
  0xFF,0xFF,0xFF,0x6F,0x00,0x00,0x1C,0xFD,0xFF,0xFF,0xA1,0x00,0x00,0x00,0x02,0xE3,0xFF,0xFF,0xCC,0x00,
  0x00,0x77,0xFF,0xFF,0xFF,0x3C,0x00,0x00,0x00,0x00,0x81,0xFF,0xFF,0xFF,0x28,0x00,0xD2,0xFF,0xFF,0xD7,
  0x00,0x00,0x00,0x00,0x00,0x1E,0xFD,0xFF,0xFF,0x85,0x2F,0xFF,0xFF,0xFF,0x72,0x00,0x00,0x00,0x00,0x00,
  0x00,0xB7,0xFF,0xFF,0xE0,0x8C,0xFF,0xFF,0xF9,0x14,0x00,0x00,0x00,0x00,0x00,0x00,0x52,0xFF,0xFF,0xFF,
  0xF7,0xFF,0xFF,0xA8,0x00,0x00,0x00,0x00,0x00,0x00,0x00,0x04,0xE8,0xFF,0xFF,0xFF,0xFF,0xFF,0x43,0x00,
  0x00,0x00,0x00,0x00,0x00,0x00,0x00,0x88,0xFF,0xFF,0xFF,0xFF,0xDD,0x01,0x00,0x00,0x00,0x00,0x00,0x00,
  0x00,0x00,0x24,0xFE,0xFF,0xFF,0xFF,0x7A,0x00,0x00,0x00,0x00,0x00,0x17,0xFF,0xFF,0xFF,0xA2,0x00,0x00,
  0x00,0x90,0xFF,0xFF,0xE6,0x00,0x00,0x00,0x4C,0xFF,0xFF,0xFF,0x6D,0x00,0xD3,0xFF,0xFF,0xE1,0x00,0x00,
  0x00,0xCE,0xFF,0xFF,0xFF,0x26,0x00,0x00,0x8C,0xFF,0xFF,0xFF,0x2A,0x00,0x90,0xFF,0xFF,0xFF,0x1F,0x00,
  0x0F,0xFD,0xFF,0xFF,0xFF,0x65,0x00,0x00,0xCB,0xFF,0xFF,0xE5,0x00,0x00,0x4D,0xFF,0xFF,0xFF,0x5E,0x00,
  0x4C,0xFF,0xFF,0xFC,0xFF,0xA4,0x00,0x0E,0xFC,0xFF,0xFF,0xA2,0x00,0x00,0x0D,0xFB,0xFF,0xFF,0x9C,0x00,
  0x8B,0xFF,0xF4,0xAE,0xFF,0xE3,0x00,0x4A,0xFF,0xFF,0xFF,0x5F,0x00,0x00,0x00,0xC6,0xFF,0xFF,0xDB,0x00,
  0xCA,0xFF,0xBA,0x6A,0xFF,0xFF,0x22,0x8A,0xFF,0xFF,0xFF,0x1B,0x00,0x00,0x00,0x83,0xFF,0xFF,0xFF,0x26,
  0xFC,0xFF,0x7B,0x2B,0xFF,0xFF,0x61,0xC9,0xFF,0xFF,0xD7,0x00,0x00,0x00,0x00,0x3F,0xFF,0xFF,0xFF,0xA0,
  0xFF,0xFF,0x3D,0x01,0xEB,0xFF,0xAD,0xFB,0xFF,0xFF,0x94,0x00,0x00,0x00,0x00,0x06,0xF5,0xFF,0xFF,0xFB,
  0xFF,0xF7,0x07,0x00,0xAD,0xFF,0xFD,0xFF,0xFF,0xFF,0x50,0x00,0x00,0x00,0x00,0x00,0xB9,0xFF,0xFF,0xFF,
  0xFF,0xC0,0x00,0x00,0x6E,0xFF,0xFF,0xFF,0xFF,0xFC,0x0F,0x00,0x00,0x00,0x00,0x00,0x75,0xFF,0xFF,0xFF,
  0xFF,0x81,0x00,0x00,0x2F,0xFF,0xFF,0xFF,0xFF,0xC9,0x00,0x00,0x00,0x00,0x00,0x00,0x32,0xFF,0xFF,0xFF,
  0xFF,0x43,0x00,0x00,0x01,0xED,0xFF,0xFF,0xFF,0x85,0x00,0x00,0x00,0x23,0xF1,0xFF,0xFF,0xE5,0x12,0x00,
  0x00,0x03,0xC6,0xFF,0xFF,0xFE,0x46,0x00,0x57,0xFF,0xFF,0xFF,0xA8,0x00,0x00,0x7C,0xFF,0xFF,0xFF,0x86,
  0x00,0x00,0x00,0x9A,0xFF,0xFF,0xFF,0x58,0x33,0xFA,0xFF,0xFF,0xC4,0x04,0x00,0x00,0x00,0x09,0xD2,0xFF,
  0xFF,0xEE,0xD9,0xFF,0xFF,0xEC,0x1D,0x00,0x00,0x00,0x00,0x00,0x29,0xF5,0xFF,0xFF,0xFF,0xFF,0xFE,0x4C,
  0x00,0x00,0x00,0x00,0x00,0x00,0x00,0x64,0xFF,0xFF,0xFF,0xFF,0x91,0x00,0x00,0x00,0x00,0x00,0x00,0x00,
  0x00,0x96,0xFF,0xFF,0xFF,0xFF,0xC4,0x04,0x00,0x00,0x00,0x00,0x00,0x00,0x54,0xFF,0xFF,0xFF,0xFF,0xFF,
  0xFF,0x86,0x00,0x00,0x00,0x00,0x00,0x21,0xF0,0xFF,0xFF,0xD5,0xB7,0xFF,0xFF,0xFE,0x45,0x00,0x00,0x00,
  0x06,0xCA,0xFF,0xFF,0xF9,0x30,0x16,0xE9,0xFF,0xFF,0xE8,0x18,0x00,0x00,0x8F,0xFF,0xFF,0xFF,0x76,0x00,
  0x00,0x4A,0xFF,0xFF,0xFF,0xBC,0x02,0x4D,0xFF,0xFF,0xFF,0xC0,0x02,0x00,0x00,0x00,0x93,0xFF,0xFF,0xFF,
  0x7D,0x87,0xFF,0xFF,0xFF,0x4E,0x00,0x00,0x00,0x00,0x16,0xFC,0xFF,0xFF,0xC0,0x1E,0xFC,0xFF,0xFF,0xB4,
  0x00,0x00,0x00,0x00,0x6A,0xFF,0xFF,0xFF,0x63,0x00,0xAF,0xFF,0xFF,0xFC,0x1D,0x00,0x00,0x00,0xC0,0xFF,
  0xFF,0xF7,0x0F,0x00,0x43,0xFF,0xFF,0xFF,0x7F,0x00,0x00,0x19,0xFD,0xFF,0xFF,0xA9,0x00,0x00,0x00,0xD6,
  0xFF,0xFF,0xE2,0x02,0x00,0x6D,0xFF,0xFF,0xFF,0x4C,0x00,0x00,0x00,0x6C,0xFF,0xFF,0xFF,0x4B,0x00,0xC4,
  0xFF,0xFF,0xEA,0x04,0x00,0x00,0x00,0x0D,0xF2,0xFF,0xFF,0xB0,0x1C,0xFE,0xFF,0xFF,0x91,0x00,0x00,0x00,
  0x00,0x00,0x94,0xFF,0xFF,0xFB,0x8B,0xFF,0xFF,0xFF,0x34,0x00,0x00,0x00,0x00,0x00,0x29,0xFF,0xFF,0xFF,
  0xFE,0xFF,0xFF,0xD7,0x00,0x00,0x00,0x00,0x00,0x00,0x00,0xBD,0xFF,0xFF,0xFF,0xFF,0xFF,0x7A,0x00,0x00,
  0x00,0x00,0x00,0x00,0x00,0x51,0xFF,0xFF,0xFF,0xFF,0xFE,0x1E,0x00,0x00,0x00,0x00,0x00,0x00,0x00,0x03,
  0xE2,0xFF,0xFF,0xFF,0xBF,0x00,0x00,0x00,0x00,0x00,0x00,0x00,0x00,0x00,0x80,0xFF,0xFF,0xFF,0x62,0x00,
  0x00,0x00,0x00,0x00,0x00,0x00,0x00,0x00,0x9F,0xFF,0xFF,0xF6,0x0E,0x00,0x00,0x00,0x00,0x00,0x00,0x00,
  0x05,0x46,0xF7,0xFF,0xFF,0x91,0x00,0x00,0x00,0x00,0x00,0x00,0x00,0xCC,0xFF,0xFF,0xFF,0xFF,0xDB,0x0F,
  0x00,0x00,0x00,0x00,0x00,0x00,0x00,0xCC,0xFF,0xFB,0xE0,0x95,0x18,0x00,0x00,0x00,0x00,0x00,0x00,0x00,
  0xC0,0xFF,0xFF,0xFF,0xFF,0xFF,0xFF,0xFF,0xFF,0xFF,0xC0,0x00,0xC0,0xFF,0xFF,0xFF,0xFF,0xFF,0xFF,0xFF,
  0xFF,0xFF,0xC0,0x00,0x00,0x00,0x00,0x00,0x00,0x2D,0xF0,0xFF,0xFF,0xFF,0xBE,0x00,0x00,0x00,0x00,0x00,
  0x1D,0xE4,0xFF,0xFF,0xFF,0xF7,0x3D,0x00,0x00,0x00,0x00,0x11,0xD5,0xFF,0xFF,0xFF,0xFD,0x53,0x00,0x00,
  0x00,0x00,0x08,0xC3,0xFF,0xFF,0xFF,0xFF,0x6D,0x00,0x00,0x00,0x00,0x02,0xAD,0xFF,0xFF,0xFF,0xFF,0x89,
  0x00,0x00,0x00,0x00,0x00,0x94,0xFF,0xFF,0xFF,0xFF,0xA4,0x01,0x00,0x00,0x00,0x00,0x79,0xFF,0xFF,0xFF,
  0xFF,0xBB,0x05,0x00,0x00,0x00,0x00,0x03,0xFF,0xFF,0xFF,0xFF,0xD0,0x0D,0x00,0x00,0x00,0x00,0x00,0x04,
  0xFF,0xFF,0xFF,0xFF,0xFF,0xFF,0xFF,0xFF,0xFF,0xFF,0xC0,0x04,0xFF,0xFF,0xFF,0xFF,0xFF,0xFF,0xFF,0xFF,
  0xFF,0xFF,0xC0,0x00,0x00,0x00,0x00,0x00,0x56,0xBF,0xEE,0xFD,0xFF,0xE8,0x00,0x00,0x00,0x00,0x5C,0xFF,
  0xFF,0xFF,0xFF,0xFF,0xE8,0x00,0x00,0x00,0x00,0xC5,0xFF,0xFF,0xFE,0x58,0x0B,0x00,0x00,0x00,0x00,0x00,
  0xE4,0xFF,0xFF,0xD6,0x00,0x00,0x00,0x00,0x00,0x00,0x00,0xE8,0xFF,0xFF,0xC1,0x00,0x00,0x00,0x00,0x00,
  0x00,0x00,0xE8,0xFF,0xFF,0xC0,0x00,0x00,0x00,0x00,0x00,0x00,0x00,0xEF,0xFF,0xFF,0xBD,0x00,0x00,0x00,
  0x00,0x00,0x00,0x18,0xFF,0xFF,0xFF,0xAA,0x00,0x00,0x00,0x00,0x05,0x28,0xB4,0xFF,0xFF,0xFF,0x6B,0x00,
  0x00,0x00,0x40,0xFF,0xFF,0xFF,0xFF,0xF2,0x8C,0x04,0x00,0x00,0x00,0x40,0xFF,0xFF,0xFF,0xFF,0xFC,0xA8,
  0x09,0x00,0x00,0x00,0x00,0x06,0x2D,0xBE,0xFF,0xFF,0xFF,0x74,0x00,0x00,0x00,0x00,0x00,0x00,0x20,0xFF,
  0xFF,0xFF,0xAC,0x00,0x00,0x00,0x00,0x00,0x00,0x00,0xF3,0xFF,0xFF,0xBE,0x00,0x00,0x00,0x00,0x00,0x00,
  0x00,0xE8,0xFF,0xFF,0xC0,0x00,0x00,0x00,0x00,0x00,0x00,0x00,0xE8,0xFF,0xFF,0xC2,0x00,0x00,0x00,0x00,
  0x00,0x00,0x00,0xE3,0xFF,0xFF,0xD7,0x00,0x00,0x00,0x00,0x00,0x00,0x00,0xC3,0xFF,0xFF,0xFE,0x58,0x0A,
  0x00,0x00,0x00,0x00,0x00,0x58,0xFF,0xFF,0xFF,0xFF,0xFF,0xE8,0x00,0x00,0x00,0x00,0x00,0x53,0xBF,0xEE,
  0xFD,0xFF,0xE8,0x34,0xFF,0xFF,0x3C,0x34,0xFF,0xFF,0x3C,0x34,0xFF,0xFF,0x3C,0x34,0xFF,0xFF,0x3C,0x34,
  0xFF,0xFF,0x3C,0x34,0xFF,0xFF,0x3C,0x34,0xFF,0xFF,0x3C,0x34,0xFF,0xFF,0x3C,0x34,0xFF,0xFF,0x3C,0x34,
  0xFF,0xFF,0x3C,0x34,0xFF,0xFF,0x3C,0x34,0xFF,0xFF,0x3C,0x34,0xFF,0xFF,0x3C,0x34,0xFF,0xFF,0x3C,0x34,
  0xFF,0xFF,0x3C,0x34,0xFF,0xFF,0x3C,0x34,0xFF,0xFF,0x3C,0x34,0xFF,0xFF,0x3C,0x34,0xFF,0xFF,0x3C,0x34,
  0xFF,0xFF,0x3C,0x34,0xFF,0xFF,0x3C,0x34,0xFF,0xFF,0x3C,0x40,0xFF,0xFF,0xFA,0xE2,0xA5,0x27,0x00,0x00,
  0x00,0x00,0x40,0xFF,0xFF,0xFF,0xFF,0xFF,0xED,0x17,0x00,0x00,0x00,0x00,0x01,0x18,0xA0,0xFF,0xFF,0xFF,
  0x70,0x00,0x00,0x00,0x00,0x00,0x00,0x2B,0xFF,0xFF,0xFF,0x8F,0x00,0x00,0x00,0x00,0x00,0x00,0x16,0xFF,
  0xFF,0xFF,0x94,0x00,0x00,0x00,0x00,0x00,0x00,0x14,0xFF,0xFF,0xFF,0x94,0x00,0x00,0x00,0x00,0x00,0x00,
  0x11,0xFF,0xFF,0xFF,0x9A,0x00,0x00,0x00,0x00,0x00,0x00,0x02,0xFC,0xFF,0xFF,0xC4,0x00,0x00,0x00,0x00,
  0x00,0x00,0x00,0xBF,0xFF,0xFF,0xFF,0x75,0x18,0x01,0x00,0x00,0x00,0x00,0x20,0xB7,0xFF,0xFF,0xFF,0xFF,
  0xE8,0x00,0x00,0x00,0x00,0x2E,0xD4,0xFF,0xFF,0xFF,0xFF,0xE8,0x00,0x00,0x00,0x00,0xC9,0xFF,0xFF,0xFF,
  0x80,0x1B,0x01,0x00,0x00,0x00,0x03,0xFD,0xFF,0xFF,0xCC,0x00,0x00,0x00,0x00,0x00,0x00,0x12,0xFF,0xFF,
  0xFF,0x9E,0x00,0x00,0x00,0x00,0x00,0x00,0x14,0xFF,0xFF,0xFF,0x94,0x00,0x00,0x00,0x00,0x00,0x00,0x16,
  0xFF,0xFF,0xFF,0x94,0x00,0x00,0x00,0x00,0x00,0x00,0x2D,0xFF,0xFF,0xFF,0x8F,0x00,0x00,0x00,0x00,0x01,
  0x17,0xA0,0xFF,0xFF,0xFF,0x6E,0x00,0x00,0x00,0x40,0xFF,0xFF,0xFF,0xFF,0xFF,0xEB,0x15,0x00,0x00,0x00,
  0x40,0xFF,0xFF,0xFA,0xE2,0xA3,0x25,0x00,0x00,0x00,0x00,0x00,0x00,0x00,0x00,0x00,0x00,0x00,0x00,0x00,
  0x00,0x00,0x00,0x00,0x08,0x06,0x02,0x55,0xB3,0xEB,0xFA,0xE6,0xB6,0x78,0x3C,0x12,0x06,0x27,0x75,0xE3,
  0x1C,0x9C,0xFF,0xFF,0xFF,0xFF,0xFF,0xFF,0xFF,0xFF,0xFF,0xFF,0xFF,0xFF,0xFF,0x1C,0xAC,0xFF,0xFF,0xFF,
  0xFF,0xFF,0xFF,0xFF,0xFF,0xFF,0xFF,0xFF,0xFF,0xF7,0x15,0xAC,0xD8,0x5D,0x15,0x08,0x26,0x5C,0x9D,0xD5,
  0xF5,0xF7,0xD4,0x87,0x1B,0x00,0x4F,0x07,0x00,0x00,0x00,0x00,0x00,0x00,0x00,0x00,0x00,0x00,0x00,0x00,
  0x00,0x00,0x00,0x00,0x00,0x0F,0xC6,0xFF,0xEF,0x1E,0x00,0x00,0x00,0x00,0x00,0x00,0x00,0x00,0x00,0x00,
  0x00,0x00,0x00,0x0D,0xC3,0xFF,0xC1,0x02,0x00,0x00,0x00,0x00,0x00,0x00,0x00,0x00,0x00,0x00,0x00,0x00,
  0x00,0x0B,0xBF,0xFF,0x79,0x00,0x00,0x00,0x00,0x00,0x00,0x00,0x00,0x00,0x00,0x00,0x00,0x00,0x00,0x00,
  0x00,0x00,0x00,0x00,0x00,0x00,0x00,0x00,0x00,0x00,0x00,0x00,0x00,0x00,0x00,0x00,0x00,0x00,0x00,0x00,
  0x00,0x00,0x00,0x00,0x00,0x00,0x00,0x00,0x00,0x00,0x00,0x24,0xFF,0xFF,0xFF,0xFF,0xFF,0x2B,0x00,0x00,
  0x00,0x00,0x00,0x00,0x00,0x00,0x00,0x00,0x83,0xFF,0xFF,0xFF,0xFF,0xFF,0x89,0x00,0x00,0x00,0x00,0x00,
  0x00,0x00,0x00,0x00,0x01,0xE0,0xFF,0xFF,0xFF,0xFF,0xFF,0xE5,0x03,0x00,0x00,0x00,0x00,0x00,0x00,0x00,
  0x00,0x41,0xFF,0xFF,0xFF,0xF8,0xFF,0xFF,0xFF,0x47,0x00,0x00,0x00,0x00,0x00,0x00,0x00,0x00,0xA0,0xFF,
  0xFF,0xFF,0x71,0xFF,0xFF,0xFF,0xA6,0x00,0x00,0x00,0x00,0x00,0x00,0x00,0x0B,0xF3,0xFF,0xFF,0xE1,0x01,
  0xDB,0xFF,0xFF,0xF6,0x0F,0x00,0x00,0x00,0x00,0x00,0x00,0x5E,0xFF,0xFF,0xFF,0x89,0x00,0x83,0xFF,0xFF,
  0xFF,0x64,0x00,0x00,0x00,0x00,0x00,0x00,0xBD,0xFF,0xFF,0xFF,0x2F,0x00,0x2A,0xFF,0xFF,0xFF,0xC3,0x00,
  0x00,0x00,0x00,0x00,0x1D,0xFD,0xFF,0xFF,0xD6,0x00,0x00,0x00,0xD1,0xFF,0xFF,0xFF,0x23,0x00,0x00,0x00,
  0x00,0x7B,0xFF,0xFF,0xFF,0x7C,0x00,0x00,0x00,0x78,0xFF,0xFF,0xFF,0x81,0x00,0x00,0x00,0x00,0xD9,0xFF,
  0xFF,0xFF,0xFF,0xFF,0xFF,0xFF,0xFF,0xFF,0xFF,0xFF,0xDF,0x01,0x00,0x00,0x39,0xFF,0xFF,0xFF,0xFF,0xFF,
  0xFF,0xFF,0xFF,0xFF,0xFF,0xFF,0xFF,0xFF,0x3F,0x00,0x00,0x98,0xFF,0xFF,0xFF,0x26,0x00,0x00,0x00,0x00,
  0x00,0x20,0xFF,0xFF,0xFF,0x9E,0x00,0x07,0xEF,0xFF,0xFF,0xE5,0x00,0x00,0x00,0x00,0x00,0x00,0x00,0xDF,
  0xFF,0xFF,0xF3,0x0A,0x56,0xFF,0xFF,0xFF,0xA4,0x00,0x00,0x00,0x00,0x00,0x00,0x00,0x9E,0xFF,0xFF,0xFF,
  0x5C,0xB5,0xFF,0xFF,0xFF,0x64,0x00,0x00,0x00,0x00,0x00,0x00,0x00,0x5D,0xFF,0xFF,0xFF,0xBC,0x00,0x00,
  0x00,0x00,0x00,0x00,0x00,0x00,0x8F,0xFF,0xFC,0x59,0x00,0x00,0x00,0x00,0x00,0x00,0x00,0x00,0x00,0x00,
  0x00,0x00,0x45,0xFE,0xFB,0x54,0x00,0x00,0x00,0x00,0x00,0x00,0x00,0x00,0x00,0x00,0x00,0x00,0x13,0xE5,
  0xFA,0x50,0x00,0x00,0x00,0x00,0x00,0x00,0x00,0x00,0x00,0x00,0x00,0x00,0x00,0x00,0x00,0x00,0x00,0x00,
  0x00,0x00,0x00,0x00,0x00,0x00,0x00,0x00,0x00,0x00,0x00,0x00,0x00,0x00,0x00,0x00,0x00,0x00,0x00,0x00,
  0x00,0x00,0x00,0x00,0x00,0x00,0x00,0x00,0x24,0xFF,0xFF,0xFF,0xFF,0xFF,0x2B,0x00,0x00,0x00,0x00,0x00,
  0x00,0x00,0x00,0x00,0x00,0x83,0xFF,0xFF,0xFF,0xFF,0xFF,0x89,0x00,0x00,0x00,0x00,0x00,0x00,0x00,0x00,
  0x00,0x01,0xE0,0xFF,0xFF,0xFF,0xFF,0xFF,0xE5,0x03,0x00,0x00,0x00,0x00,0x00,0x00,0x00,0x00,0x41,0xFF,
  0xFF,0xFF,0xF8,0xFF,0xFF,0xFF,0x47,0x00,0x00,0x00,0x00,0x00,0x00,0x00,0x00,0xA0,0xFF,0xFF,0xFF,0x71,
  0xFF,0xFF,0xFF,0xA6,0x00,0x00,0x00,0x00,0x00,0x00,0x00,0x0B,0xF3,0xFF,0xFF,0xE1,0x01,0xDB,0xFF,0xFF,
  0xF6,0x0F,0x00,0x00,0x00,0x00,0x00,0x00,0x5E,0xFF,0xFF,0xFF,0x89,0x00,0x83,0xFF,0xFF,0xFF,0x64,0x00,
  0x00,0x00,0x00,0x00,0x00,0xBD,0xFF,0xFF,0xFF,0x2F,0x00,0x2A,0xFF,0xFF,0xFF,0xC3,0x00,0x00,0x00,0x00,
  0x00,0x1D,0xFD,0xFF,0xFF,0xD6,0x00,0x00,0x00,0xD1,0xFF,0xFF,0xFF,0x23,0x00,0x00,0x00,0x00,0x7B,0xFF,
  0xFF,0xFF,0x7C,0x00,0x00,0x00,0x78,0xFF,0xFF,0xFF,0x81,0x00,0x00,0x00,0x00,0xD9,0xFF,0xFF,0xFF,0xFF,
  0xFF,0xFF,0xFF,0xFF,0xFF,0xFF,0xFF,0xDF,0x01,0x00,0x00,0x39,0xFF,0xFF,0xFF,0xFF,0xFF,0xFF,0xFF,0xFF,
  0xFF,0xFF,0xFF,0xFF,0xFF,0x3F,0x00,0x00,0x98,0xFF,0xFF,0xFF,0x26,0x00,0x00,0x00,0x00,0x00,0x20,0xFF,
  0xFF,0xFF,0x9E,0x00,0x07,0xEF,0xFF,0xFF,0xE5,0x00,0x00,0x00,0x00,0x00,0x00,0x00,0xDF,0xFF,0xFF,0xF3,
  0x0A,0x56,0xFF,0xFF,0xFF,0xA4,0x00,0x00,0x00,0x00,0x00,0x00,0x00,0x9E,0xFF,0xFF,0xFF,0x5C,0xB5,0xFF,
  0xFF,0xFF,0x64,0x00,0x00,0x00,0x00,0x00,0x00,0x00,0x5D,0xFF,0xFF,0xFF,0xBC,0x00,0x00,0x00,0x00,0x00,
  0x00,0x8B,0xFF,0xFF,0xFF,0x91,0x00,0x00,0x00,0x00,0x00,0x00,0x00,0x00,0x00,0x00,0x00,0x56,0xFF,0xE9,
  0x62,0xE6,0xFF,0x5D,0x00,0x00,0x00,0x00,0x00,0x00,0x00,0x00,0x00,0x2D,0xF4,0xD5,0x20,0x00,0x1D,0xD1,
  0xF6,0x32,0x00,0x00,0x00,0x00,0x00,0x00,0x00,0x00,0x00,0x00,0x00,0x00,0x00,0x00,0x00,0x00,0x00,0x00,
  0x00,0x00,0x00,0x00,0x00,0x00,0x00,0x00,0x00,0x00,0x00,0x00,0x00,0x00,0x00,0x00,0x00,0x00,0x00,0x00,
  0x00,0x00,0x00,0x00,0x00,0x24,0xFF,0xFF,0xFF,0xFF,0xFF,0x2B,0x00,0x00,0x00,0x00,0x00,0x00,0x00,0x00,
  0x00,0x00,0x83,0xFF,0xFF,0xFF,0xFF,0xFF,0x89,0x00,0x00,0x00,0x00,0x00,0x00,0x00,0x00,0x00,0x01,0xE0,
  0xFF,0xFF,0xFF,0xFF,0xFF,0xE5,0x03,0x00,0x00,0x00,0x00,0x00,0x00,0x00,0x00,0x41,0xFF,0xFF,0xFF,0xF8,
  0xFF,0xFF,0xFF,0x47,0x00,0x00,0x00,0x00,0x00,0x00,0x00,0x00,0xA0,0xFF,0xFF,0xFF,0x71,0xFF,0xFF,0xFF,
  0xA6,0x00,0x00,0x00,0x00,0x00,0x00,0x00,0x0B,0xF3,0xFF,0xFF,0xE1,0x01,0xDB,0xFF,0xFF,0xF6,0x0F,0x00,
  0x00,0x00,0x00,0x00,0x00,0x5E,0xFF,0xFF,0xFF,0x89,0x00,0x83,0xFF,0xFF,0xFF,0x64,0x00,0x00,0x00,0x00,
  0x00,0x00,0xBD,0xFF,0xFF,0xFF,0x2F,0x00,0x2A,0xFF,0xFF,0xFF,0xC3,0x00,0x00,0x00,0x00,0x00,0x1D,0xFD,
  0xFF,0xFF,0xD6,0x00,0x00,0x00,0xD1,0xFF,0xFF,0xFF,0x23,0x00,0x00,0x00,0x00,0x7B,0xFF,0xFF,0xFF,0x7C,
  0x00,0x00,0x00,0x78,0xFF,0xFF,0xFF,0x81,0x00,0x00,0x00,0x00,0xD9,0xFF,0xFF,0xFF,0xFF,0xFF,0xFF,0xFF,
  0xFF,0xFF,0xFF,0xFF,0xDF,0x01,0x00,0x00,0x39,0xFF,0xFF,0xFF,0xFF,0xFF,0xFF,0xFF,0xFF,0xFF,0xFF,0xFF,
  0xFF,0xFF,0x3F,0x00,0x00,0x98,0xFF,0xFF,0xFF,0x26,0x00,0x00,0x00,0x00,0x00,0x20,0xFF,0xFF,0xFF,0x9E,
  0x00,0x07,0xEF,0xFF,0xFF,0xE5,0x00,0x00,0x00,0x00,0x00,0x00,0x00,0xDF,0xFF,0xFF,0xF3,0x0A,0x56,0xFF,
  0xFF,0xFF,0xA4,0x00,0x00,0x00,0x00,0x00,0x00,0x00,0x9E,0xFF,0xFF,0xFF,0x5C,0xB5,0xFF,0xFF,0xFF,0x64,
  0x00,0x00,0x00,0x00,0x00,0x00,0x00,0x5D,0xFF,0xFF,0xFF,0xBC,0x00,0x00,0x00,0x00,0x00,0x58,0xE9,0xE6,
  0x8F,0x1D,0x72,0xFF,0x34,0x00,0x00,0x00,0x00,0x00,0x00,0x00,0x00,0x0A,0xF1,0xFF,0xFF,0xFF,0xFF,0xFF,
  0xF5,0x0E,0x00,0x00,0x00,0x00,0x00,0x00,0x00,0x00,0x2D,0xFF,0x73,0x23,0x8D,0xE7,0xEB,0x60,0x00,0x00,
  0x00,0x00,0x00,0x00,0x00,0x00,0x00,0x00,0x00,0x00,0x00,0x00,0x00,0x00,0x00,0x00,0x00,0x00,0x00,0x00,
  0x00,0x00,0x00,0x00,0x00,0x00,0x00,0x00,0x00,0x00,0x00,0x00,0x00,0x00,0x00,0x00,0x00,0x00,0x00,0x00,
  0x00,0x00,0x24,0xFF,0xFF,0xFF,0xFF,0xFF,0x2B,0x00,0x00,0x00,0x00,0x00,0x00,0x00,0x00,0x00,0x00,0x83,
  0xFF,0xFF,0xFF,0xFF,0xFF,0x89,0x00,0x00,0x00,0x00,0x00,0x00,0x00,0x00,0x00,0x01,0xE0,0xFF,0xFF,0xFF,
  0xFF,0xFF,0xE5,0x03,0x00,0x00,0x00,0x00,0x00,0x00,0x00,0x00,0x41,0xFF,0xFF,0xFF,0xF8,0xFF,0xFF,0xFF,
  0x47,0x00,0x00,0x00,0x00,0x00,0x00,0x00,0x00,0xA0,0xFF,0xFF,0xFF,0x71,0xFF,0xFF,0xFF,0xA6,0x00,0x00,
  0x00,0x00,0x00,0x00,0x00,0x0B,0xF3,0xFF,0xFF,0xE1,0x01,0xDB,0xFF,0xFF,0xF6,0x0F,0x00,0x00,0x00,0x00,
  0x00,0x00,0x5E,0xFF,0xFF,0xFF,0x89,0x00,0x83,0xFF,0xFF,0xFF,0x64,0x00,0x00,0x00,0x00,0x00,0x00,0xBD,
  0xFF,0xFF,0xFF,0x2F,0x00,0x2A,0xFF,0xFF,0xFF,0xC3,0x00,0x00,0x00,0x00,0x00,0x1D,0xFD,0xFF,0xFF,0xD6,
  0x00,0x00,0x00,0xD1,0xFF,0xFF,0xFF,0x23,0x00,0x00,0x00,0x00,0x7B,0xFF,0xFF,0xFF,0x7C,0x00,0x00,0x00,
  0x78,0xFF,0xFF,0xFF,0x81,0x00,0x00,0x00,0x00,0xD9,0xFF,0xFF,0xFF,0xFF,0xFF,0xFF,0xFF,0xFF,0xFF,0xFF,
  0xFF,0xDF,0x01,0x00,0x00,0x39,0xFF,0xFF,0xFF,0xFF,0xFF,0xFF,0xFF,0xFF,0xFF,0xFF,0xFF,0xFF,0xFF,0x3F,
  0x00,0x00,0x98,0xFF,0xFF,0xFF,0x26,0x00,0x00,0x00,0x00,0x00,0x20,0xFF,0xFF,0xFF,0x9E,0x00,0x07,0xEF,
  0xFF,0xFF,0xE5,0x00,0x00,0x00,0x00,0x00,0x00,0x00,0xDF,0xFF,0xFF,0xF3,0x0A,0x56,0xFF,0xFF,0xFF,0xA4,
  0x00,0x00,0x00,0x00,0x00,0x00,0x00,0x9E,0xFF,0xFF,0xFF,0x5C,0xB5,0xFF,0xFF,0xFF,0x64,0x00,0x00,0x00,
  0x00,0x00,0x00,0x00,0x5D,0xFF,0xFF,0xFF,0xBC,0x00,0x03,0xA2,0xFF,0xFD,0x40,0x00,0x00,0x00,0x00,0x00,
  0x00,0x00,0x00,0x02,0x9E,0xFF,0xE2,0x10,0x00,0x00,0x00,0x00,0x00,0x00,0x00,0x00,0x01,0x99,0xFF,0xA8,
  0x00,0x00,0x00,0x00,0x00,0x00,0x00,0x00,0x00,0x00,0x00,0x00,0x00,0x00,0x00,0x00,0x00,0x00,0x00,0x00,
  0x00,0x00,0x00,0x00,0x00,0x00,0x00,0x00,0x00,0xFC,0xFF,0xFF,0xFF,0xFF,0xFF,0xFF,0xFF,0xFF,0xFF,0xFF,
  0x30,0xFC,0xFF,0xFF,0xFF,0xFF,0xFF,0xFF,0xFF,0xFF,0xFF,0xFF,0x30,0xFC,0xFF,0xFF,0xFF,0x28,0x00,0x00,
  0x00,0x00,0x00,0x00,0x00,0xFC,0xFF,0xFF,0xFF,0x28,0x00,0x00,0x00,0x00,0x00,0x00,0x00,0xFC,0xFF,0xFF,
  0xFF,0x28,0x00,0x00,0x00,0x00,0x00,0x00,0x00,0xFC,0xFF,0xFF,0xFF,0x28,0x00,0x00,0x00,0x00,0x00,0x00,
  0x00,0xFC,0xFF,0xFF,0xFF,0x28,0x00,0x00,0x00,0x00,0x00,0x00,0x00,0xFC,0xFF,0xFF,0xFF,0xFF,0xFF,0xFF,
  0xFF,0xFF,0xFF,0xC4,0x00,0xFC,0xFF,0xFF,0xFF,0xFF,0xFF,0xFF,0xFF,0xFF,0xFF,0xC4,0x00,0xFC,0xFF,0xFF,
  0xFF,0x28,0x00,0x00,0x00,0x00,0x00,0x00,0x00,0xFC,0xFF,0xFF,0xFF,0x28,0x00,0x00,0x00,0x00,0x00,0x00,
  0x00,0xFC,0xFF,0xFF,0xFF,0x28,0x00,0x00,0x00,0x00,0x00,0x00,0x00,0xFC,0xFF,0xFF,0xFF,0x28,0x00,0x00,
  0x00,0x00,0x00,0x00,0x00,0xFC,0xFF,0xFF,0xFF,0x28,0x00,0x00,0x00,0x00,0x00,0x00,0x00,0xFC,0xFF,0xFF,
  0xFF,0xFF,0xFF,0xFF,0xFF,0xFF,0xFF,0xFF,0x6C,0xFC,0xFF,0xFF,0xFF,0xFF,0xFF,0xFF,0xFF,0xFF,0xFF,0xFF,
  0x6C,0x00,0x00,0x00,0x00,0x00,0x5F,0xFF,0xFF,0x84,0x00,0x00,0x00,0x00,0x00,0x00,0x00,0x21,0xF2,0xFF,
  0x80,0x00,0x00,0x00,0x00,0x00,0x00,0x00,0x03,0xC5,0xFF,0x7B,0x00,0x00,0x00,0x00,0x00,0x00,0x00,0x00,
  0x00,0x00,0x00,0x00,0x00,0x00,0x00,0x00,0x00,0x00,0x00,0x00,0x00,0x00,0x00,0x00,0x00,0x00,0x00,0x00,
  0x00,0xFC,0xFF,0xFF,0xFF,0xFF,0xFF,0xFF,0xFF,0xFF,0xFF,0xFF,0x30,0xFC,0xFF,0xFF,0xFF,0xFF,0xFF,0xFF,
  0xFF,0xFF,0xFF,0xFF,0x30,0xFC,0xFF,0xFF,0xFF,0x28,0x00,0x00,0x00,0x00,0x00,0x00,0x00,0xFC,0xFF,0xFF,
  0xFF,0x28,0x00,0x00,0x00,0x00,0x00,0x00,0x00,0xFC,0xFF,0xFF,0xFF,0x28,0x00,0x00,0x00,0x00,0x00,0x00,
  0x00,0xFC,0xFF,0xFF,0xFF,0x28,0x00,0x00,0x00,0x00,0x00,0x00,0x00,0xFC,0xFF,0xFF,0xFF,0x28,0x00,0x00,
  0x00,0x00,0x00,0x00,0x00,0xFC,0xFF,0xFF,0xFF,0xFF,0xFF,0xFF,0xFF,0xFF,0xFF,0xC4,0x00,0xFC,0xFF,0xFF,
  0xFF,0xFF,0xFF,0xFF,0xFF,0xFF,0xFF,0xC4,0x00,0xFC,0xFF,0xFF,0xFF,0x28,0x00,0x00,0x00,0x00,0x00,0x00,
  0x00,0xFC,0xFF,0xFF,0xFF,0x28,0x00,0x00,0x00,0x00,0x00,0x00,0x00,0xFC,0xFF,0xFF,0xFF,0x28,0x00,0x00,
  0x00,0x00,0x00,0x00,0x00,0xFC,0xFF,0xFF,0xFF,0x28,0x00,0x00,0x00,0x00,0x00,0x00,0x00,0xFC,0xFF,0xFF,
  0xFF,0x28,0x00,0x00,0x00,0x00,0x00,0x00,0x00,0xFC,0xFF,0xFF,0xFF,0xFF,0xFF,0xFF,0xFF,0xFF,0xFF,0xFF,
  0x6C,0xFC,0xFF,0xFF,0xFF,0xFF,0xFF,0xFF,0xFF,0xFF,0xFF,0xFF,0x6C,0x00,0x00,0x00,0x9E,0xFF,0xFF,0xFF,
  0x7D,0x00,0x00,0x00,0x00,0x00,0x00,0x6B,0xFF,0xE0,0x63,0xED,0xFD,0x4B,0x00,0x00,0x00,0x00,0x3B,0xFA,
  0xCA,0x17,0x00,0x26,0xDB,0xF0,0x25,0x00,0x00,0x00,0x00,0x00,0x00,0x00,0x00,0x00,0x00,0x00,0x00,0x00,
  0x00,0x00,0x00,0x00,0x00,0x00,0x00,0x00,0x00,0x00,0x00,0x00,0x00,0xFC,0xFF,0xFF,0xFF,0xFF,0xFF,0xFF,
  0xFF,0xFF,0xFF,0xFF,0x30,0xFC,0xFF,0xFF,0xFF,0xFF,0xFF,0xFF,0xFF,0xFF,0xFF,0xFF,0x30,0xFC,0xFF,0xFF,
  0xFF,0x28,0x00,0x00,0x00,0x00,0x00,0x00,0x00,0xFC,0xFF,0xFF,0xFF,0x28,0x00,0x00,0x00,0x00,0x00,0x00,
  0x00,0xFC,0xFF,0xFF,0xFF,0x28,0x00,0x00,0x00,0x00,0x00,0x00,0x00,0xFC,0xFF,0xFF,0xFF,0x28,0x00,0x00,
  0x00,0x00,0x00,0x00,0x00,0xFC,0xFF,0xFF,0xFF,0x28,0x00,0x00,0x00,0x00,0x00,0x00,0x00,0xFC,0xFF,0xFF,
  0xFF,0xFF,0xFF,0xFF,0xFF,0xFF,0xFF,0xC4,0x00,0xFC,0xFF,0xFF,0xFF,0xFF,0xFF,0xFF,0xFF,0xFF,0xFF,0xC4,
  0x00,0xFC,0xFF,0xFF,0xFF,0x28,0x00,0x00,0x00,0x00,0x00,0x00,0x00,0xFC,0xFF,0xFF,0xFF,0x28,0x00,0x00,
  0x00,0x00,0x00,0x00,0x00,0xFC,0xFF,0xFF,0xFF,0x28,0x00,0x00,0x00,0x00,0x00,0x00,0x00,0xFC,0xFF,0xFF,
  0xFF,0x28,0x00,0x00,0x00,0x00,0x00,0x00,0x00,0xFC,0xFF,0xFF,0xFF,0x28,0x00,0x00,0x00,0x00,0x00,0x00,
  0x00,0xFC,0xFF,0xFF,0xFF,0xFF,0xFF,0xFF,0xFF,0xFF,0xFF,0xFF,0x6C,0xFC,0xFF,0xFF,0xFF,0xFF,0xFF,0xFF,
  0xFF,0xFF,0xFF,0xFF,0x6C,0x4A,0xF8,0xFF,0xA2,0x00,0x00,0x00,0x00,0x45,0xF6,0xFF,0x57,0x00,0x00,0x00,
  0x00,0x42,0xF5,0xEF,0x1D,0x00,0x00,0x00,0x00,0x00,0x00,0x00,0x00,0x00,0x00,0x00,0x00,0x00,0x00,0x00,
  0x00,0x00,0xFC,0xFF,0xFF,0xFF,0x28,0x00,0x00,0xFC,0xFF,0xFF,0xFF,0x28,0x00,0x00,0xFC,0xFF,0xFF,0xFF,
  0x28,0x00,0x00,0xFC,0xFF,0xFF,0xFF,0x28,0x00,0x00,0xFC,0xFF,0xFF,0xFF,0x28,0x00,0x00,0xFC,0xFF,0xFF,
  0xFF,0x28,0x00,0x00,0xFC,0xFF,0xFF,0xFF,0x28,0x00,0x00,0xFC,0xFF,0xFF,0xFF,0x28,0x00,0x00,0xFC,0xFF,
  0xFF,0xFF,0x28,0x00,0x00,0xFC,0xFF,0xFF,0xFF,0x28,0x00,0x00,0xFC,0xFF,0xFF,0xFF,0x28,0x00,0x00,0xFC,
  0xFF,0xFF,0xFF,0x28,0x00,0x00,0xFC,0xFF,0xFF,0xFF,0x28,0x00,0x00,0xFC,0xFF,0xFF,0xFF,0x28,0x00,0x00,
  0xFC,0xFF,0xFF,0xFF,0x28,0x00,0x00,0xFC,0xFF,0xFF,0xFF,0x28,0x00,0x14,0xE6,0xFF,0xD2,0x16,0x00,0xAF,
  0xFF,0xCF,0x14,0x00,0x65,0xFF,0xCC,0x12,0x00,0x00,0x00,0x00,0x00,0x00,0x00,0x00,0x00,0x00,0x00,0x00,
  0x00,0x00,0xFC,0xFF,0xFF,0xFF,0x28,0x00,0xFC,0xFF,0xFF,0xFF,0x28,0x00,0xFC,0xFF,0xFF,0xFF,0x28,0x00,
  0xFC,0xFF,0xFF,0xFF,0x28,0x00,0xFC,0xFF,0xFF,0xFF,0x28,0x00,0xFC,0xFF,0xFF,0xFF,0x28,0x00,0xFC,0xFF,
  0xFF,0xFF,0x28,0x00,0xFC,0xFF,0xFF,0xFF,0x28,0x00,0xFC,0xFF,0xFF,0xFF,0x28,0x00,0xFC,0xFF,0xFF,0xFF,
  0x28,0x00,0xFC,0xFF,0xFF,0xFF,0x28,0x00,0xFC,0xFF,0xFF,0xFF,0x28,0x00,0xFC,0xFF,0xFF,0xFF,0x28,0x00,
  0xFC,0xFF,0xFF,0xFF,0x28,0x00,0xFC,0xFF,0xFF,0xFF,0x28,0x00,0xFC,0xFF,0xFF,0xFF,0x28,0x00,0x00,0x00,
  0x00,0x00,0x1F,0xDE,0xFF,0xDA,0x0B,0x00,0x00,0x00,0x00,0x00,0x00,0x00,0x00,0x00,0x00,0x00,0x00,0x00,
  0x1D,0xDB,0xFF,0x9B,0x00,0x00,0x00,0x00,0x00,0x00,0x00,0x00,0x00,0x00,0x00,0x00,0x00,0x00,0x1A,0xD8,
  0xFF,0x51,0x00,0x00,0x00,0x00,0x00,0x00,0x00,0x00,0x00,0x00,0x00,0x00,0x00,0x00,0x00,0x00,0x00,0x00,
  0x00,0x00,0x00,0x00,0x00,0x00,0x00,0x00,0x00,0x00,0x00,0x00,0x00,0x00,0x00,0x00,0x00,0x00,0x00,0x00,
  0x00,0x00,0x00,0x00,0x00,0x00,0x00,0x47,0x9D,0xD7,0xF0,0xFA,0xEA,0xC8,0x89,0x25,0x00,0x00,0x00,0x00,
  0x00,0x00,0x1E,0xC6,0xFF,0xFF,0xFF,0xFF,0xFF,0xFF,0xFF,0xFF,0xFD,0x91,0x05,0x00,0x00,0x00,0x1E,0xE8,
  0xFF,0xFF,0xFE,0x88,0x1F,0x07,0x34,0xBB,0xFF,0xFF,0xFF,0xB3,0x02,0x00,0x00,0xC4,0xFF,0xFF,0xFF,0x7F,
  0x00,0x00,0x00,0x00,0x06,0xC9,0xFF,0xFF,0xFF,0x74,0x00,0x44,0xFF,0xFF,0xFF,0xEC,0x08,0x00,0x00,0x00,
  0x00,0x00,0x43,0xFF,0xFF,0xFF,0xEB,0x08,0x94,0xFF,0xFF,0xFF,0xA4,0x00,0x00,0x00,0x00,0x00,0x00,0x02,
  0xEF,0xFF,0xFF,0xFF,0x43,0xC9,0xFF,0xFF,0xFF,0x77,0x00,0x00,0x00,0x00,0x00,0x00,0x00,0xC5,0xFF,0xFF,
  0xFF,0x78,0xDE,0xFF,0xFF,0xFF,0x65,0x00,0x00,0x00,0x00,0x00,0x00,0x00,0xB2,0xFF,0xFF,0xFF,0x8E,0xDF,
  0xFF,0xFF,0xFF,0x65,0x00,0x00,0x00,0x00,0x00,0x00,0x00,0xB3,0xFF,0xFF,0xFF,0x8D,0xC9,0xFF,0xFF,0xFF,
  0x77,0x00,0x00,0x00,0x00,0x00,0x00,0x00,0xC5,0xFF,0xFF,0xFF,0x78,0x94,0xFF,0xFF,0xFF,0xA4,0x00,0x00,
  0x00,0x00,0x00,0x00,0x02,0xEF,0xFF,0xFF,0xFF,0x43,0x44,0xFF,0xFF,0xFF,0xEB,0x07,0x00,0x00,0x00,0x00,
  0x00,0x42,0xFF,0xFF,0xFF,0xEB,0x08,0x00,0xC4,0xFF,0xFF,0xFF,0x7C,0x00,0x00,0x00,0x00,0x05,0xC7,0xFF,
  0xFF,0xFF,0x74,0x00,0x00,0x1E,0xE8,0xFF,0xFF,0xFD,0x86,0x1E,0x07,0x33,0xBA,0xFF,0xFF,0xFF,0xB3,0x02,
  0x00,0x00,0x00,0x1F,0xC6,0xFF,0xFF,0xFF,0xFF,0xFF,0xFF,0xFF,0xFF,0xFD,0x92,0x05,0x00,0x00,0x00,0x00,
  0x00,0x00,0x47,0x9E,0xD8,0xF1,0xFB,0xEB,0xC9,0x89,0x25,0x00,0x00,0x00,0x00,0x00,0x00,0x00,0x00,0x00,
  0x00,0x00,0x00,0xB6,0xFF,0xF2,0x3B,0x00,0x00,0x00,0x00,0x00,0x00,0x00,0x00,0x00,0x00,0x00,0x00,0x6C,
  0xFF,0xF0,0x37,0x00,0x00,0x00,0x00,0x00,0x00,0x00,0x00,0x00,0x00,0x00,0x00,0x2A,0xF6,0xEE,0x34,0x00,
  0x00,0x00,0x00,0x00,0x00,0x00,0x00,0x00,0x00,0x00,0x00,0x00,0x00,0x00,0x00,0x00,0x00,0x00,0x00,0x00,
  0x00,0x00,0x00,0x00,0x00,0x00,0x00,0x00,0x00,0x00,0x00,0x00,0x00,0x00,0x00,0x00,0x00,0x00,0x00,0x00,
  0x00,0x00,0x00,0x00,0x47,0x9D,0xD7,0xF0,0xFA,0xEA,0xC8,0x89,0x25,0x00,0x00,0x00,0x00,0x00,0x00,0x1E,
  0xC6,0xFF,0xFF,0xFF,0xFF,0xFF,0xFF,0xFF,0xFF,0xFD,0x91,0x05,0x00,0x00,0x00,0x1E,0xE8,0xFF,0xFF,0xFE,
  0x88,0x1F,0x07,0x34,0xBB,0xFF,0xFF,0xFF,0xB3,0x02,0x00,0x00,0xC4,0xFF,0xFF,0xFF,0x7F,0x00,0x00,0x00,
  0x00,0x06,0xC9,0xFF,0xFF,0xFF,0x74,0x00,0x44,0xFF,0xFF,0xFF,0xEC,0x08,0x00,0x00,0x00,0x00,0x00,0x43,
  0xFF,0xFF,0xFF,0xEB,0x08,0x94,0xFF,0xFF,0xFF,0xA4,0x00,0x00,0x00,0x00,0x00,0x00,0x02,0xEF,0xFF,0xFF,
  0xFF,0x43,0xC9,0xFF,0xFF,0xFF,0x77,0x00,0x00,0x00,0x00,0x00,0x00,0x00,0xC5,0xFF,0xFF,0xFF,0x78,0xDE,
  0xFF,0xFF,0xFF,0x65,0x00,0x00,0x00,0x00,0x00,0x00,0x00,0xB2,0xFF,0xFF,0xFF,0x8E,0xDF,0xFF,0xFF,0xFF,
  0x65,0x00,0x00,0x00,0x00,0x00,0x00,0x00,0xB3,0xFF,0xFF,0xFF,0x8D,0xC9,0xFF,0xFF,0xFF,0x77,0x00,0x00,
  0x00,0x00,0x00,0x00,0x00,0xC5,0xFF,0xFF,0xFF,0x78,0x94,0xFF,0xFF,0xFF,0xA4,0x00,0x00,0x00,0x00,0x00,
  0x00,0x02,0xEF,0xFF,0xFF,0xFF,0x43,0x44,0xFF,0xFF,0xFF,0xEB,0x07,0x00,0x00,0x00,0x00,0x00,0x42,0xFF,
  0xFF,0xFF,0xEB,0x08,0x00,0xC4,0xFF,0xFF,0xFF,0x7C,0x00,0x00,0x00,0x00,0x05,0xC7,0xFF,0xFF,0xFF,0x74,
  0x00,0x00,0x1E,0xE8,0xFF,0xFF,0xFD,0x86,0x1E,0x07,0x33,0xBA,0xFF,0xFF,0xFF,0xB3,0x02,0x00,0x00,0x00,
  0x1F,0xC6,0xFF,0xFF,0xFF,0xFF,0xFF,0xFF,0xFF,0xFF,0xFD,0x92,0x05,0x00,0x00,0x00,0x00,0x00,0x00,0x47,
  0x9E,0xD8,0xF1,0xFB,0xEB,0xC9,0x89,0x25,0x00,0x00,0x00,0x00,0x00,0x00,0x00,0x00,0x00,0x14,0xE1,0xFF,
  0xFF,0xF5,0x2F,0x00,0x00,0x00,0x00,0x00,0x00,0x00,0x00,0x00,0x00,0x04,0xBE,0xFF,0xAC,0x87,0xFF,0xDE,
  0x12,0x00,0x00,0x00,0x00,0x00,0x00,0x00,0x00,0x00,0x8E,0xFF,0x89,0x01,0x00,0x60,0xFA,0xBA,0x03,0x00,
  0x00,0x00,0x00,0x00,0x00,0x00,0x00,0x00,0x00,0x00,0x00,0x00,0x00,0x00,0x00,0x00,0x00,0x00,0x00,0x00,
  0x00,0x00,0x00,0x00,0x00,0x00,0x00,0x00,0x00,0x00,0x00,0x00,0x00,0x00,0x00,0x00,0x00,0x00,0x00,0x00,
  0x00,0x47,0x9D,0xD7,0xF0,0xFA,0xEA,0xC8,0x89,0x25,0x00,0x00,0x00,0x00,0x00,0x00,0x1E,0xC6,0xFF,0xFF,
  0xFF,0xFF,0xFF,0xFF,0xFF,0xFF,0xFD,0x91,0x05,0x00,0x00,0x00,0x1E,0xE8,0xFF,0xFF,0xFE,0x88,0x1F,0x07,
  0x34,0xBB,0xFF,0xFF,0xFF,0xB3,0x02,0x00,0x00,0xC4,0xFF,0xFF,0xFF,0x7F,0x00,0x00,0x00,0x00,0x06,0xC9,
  0xFF,0xFF,0xFF,0x74,0x00,0x44,0xFF,0xFF,0xFF,0xEC,0x08,0x00,0x00,0x00,0x00,0x00,0x43,0xFF,0xFF,0xFF,
  0xEB,0x08,0x94,0xFF,0xFF,0xFF,0xA4,0x00,0x00,0x00,0x00,0x00,0x00,0x02,0xEF,0xFF,0xFF,0xFF,0x43,0xC9,
  0xFF,0xFF,0xFF,0x77,0x00,0x00,0x00,0x00,0x00,0x00,0x00,0xC5,0xFF,0xFF,0xFF,0x78,0xDE,0xFF,0xFF,0xFF,
  0x65,0x00,0x00,0x00,0x00,0x00,0x00,0x00,0xB2,0xFF,0xFF,0xFF,0x8E,0xDF,0xFF,0xFF,0xFF,0x65,0x00,0x00,
  0x00,0x00,0x00,0x00,0x00,0xB3,0xFF,0xFF,0xFF,0x8D,0xC9,0xFF,0xFF,0xFF,0x77,0x00,0x00,0x00,0x00,0x00,
  0x00,0x00,0xC5,0xFF,0xFF,0xFF,0x78,0x94,0xFF,0xFF,0xFF,0xA4,0x00,0x00,0x00,0x00,0x00,0x00,0x02,0xEF,
  0xFF,0xFF,0xFF,0x43,0x44,0xFF,0xFF,0xFF,0xEB,0x07,0x00,0x00,0x00,0x00,0x00,0x42,0xFF,0xFF,0xFF,0xEB,
  0x08,0x00,0xC4,0xFF,0xFF,0xFF,0x7C,0x00,0x00,0x00,0x00,0x05,0xC7,0xFF,0xFF,0xFF,0x74,0x00,0x00,0x1E,
  0xE8,0xFF,0xFF,0xFD,0x86,0x1E,0x07,0x33,0xBA,0xFF,0xFF,0xFF,0xB3,0x02,0x00,0x00,0x00,0x1F,0xC6,0xFF,
  0xFF,0xFF,0xFF,0xFF,0xFF,0xFF,0xFF,0xFD,0x92,0x05,0x00,0x00,0x00,0x00,0x00,0x00,0x47,0x9E,0xD8,0xF1,
  0xFB,0xEB,0xC9,0x89,0x25,0x00,0x00,0x00,0x00,0x00,0x00,0x00,0x00,0x00,0x79,0xEF,0xDD,0x7C,0x14,0x97,
  0xFF,0x0D,0x00,0x00,0x00,0x00,0x00,0x00,0x00,0x00,0x25,0xFE,0xFF,0xFF,0xFF,0xFF,0xFF,0xDC,0x00,0x00,
  0x00,0x00,0x00,0x00,0x00,0x00,0x00,0x55,0xFF,0x4B,0x31,0x9F,0xEF,0xE2,0x43,0x00,0x00,0x00,0x00,0x00,
  0x00,0x00,0x00,0x00,0x00,0x00,0x00,0x00,0x00,0x00,0x00,0x00,0x00,0x00,0x00,0x00,0x00,0x00,0x00,0x00,
  0x00,0x00,0x00,0x00,0x00,0x00,0x00,0x00,0x00,0x00,0x00,0x00,0x00,0x00,0x00,0x00,0x00,0x00,0x47,0x9D,
  0xD7,0xF0,0xFA,0xEA,0xC8,0x89,0x25,0x00,0x00,0x00,0x00,0x00,0x00,0x1E,0xC6,0xFF,0xFF,0xFF,0xFF,0xFF,
  0xFF,0xFF,0xFF,0xFD,0x91,0x05,0x00,0x00,0x00,0x1E,0xE8,0xFF,0xFF,0xFE,0x88,0x1F,0x07,0x34,0xBB,0xFF,
  0xFF,0xFF,0xB3,0x02,0x00,0x00,0xC4,0xFF,0xFF,0xFF,0x7F,0x00,0x00,0x00,0x00,0x06,0xC9,0xFF,0xFF,0xFF,
  0x74,0x00,0x44,0xFF,0xFF,0xFF,0xEC,0x08,0x00,0x00,0x00,0x00,0x00,0x43,0xFF,0xFF,0xFF,0xEB,0x08,0x94,
  0xFF,0xFF,0xFF,0xA4,0x00,0x00,0x00,0x00,0x00,0x00,0x02,0xEF,0xFF,0xFF,0xFF,0x43,0xC9,0xFF,0xFF,0xFF,
  0x77,0x00,0x00,0x00,0x00,0x00,0x00,0x00,0xC5,0xFF,0xFF,0xFF,0x78,0xDE,0xFF,0xFF,0xFF,0x65,0x00,0x00,
  0x00,0x00,0x00,0x00,0x00,0xB2,0xFF,0xFF,0xFF,0x8E,0xDF,0xFF,0xFF,0xFF,0x65,0x00,0x00,0x00,0x00,0x00,
  0x00,0x00,0xB3,0xFF,0xFF,0xFF,0x8D,0xC9,0xFF,0xFF,0xFF,0x77,0x00,0x00,0x00,0x00,0x00,0x00,0x00,0xC5,
  0xFF,0xFF,0xFF,0x78,0x94,0xFF,0xFF,0xFF,0xA4,0x00,0x00,0x00,0x00,0x00,0x00,0x02,0xEF,0xFF,0xFF,0xFF,
  0x43,0x44,0xFF,0xFF,0xFF,0xEB,0x07,0x00,0x00,0x00,0x00,0x00,0x42,0xFF,0xFF,0xFF,0xEB,0x08,0x00,0xC4,
  0xFF,0xFF,0xFF,0x7C,0x00,0x00,0x00,0x00,0x05,0xC7,0xFF,0xFF,0xFF,0x74,0x00,0x00,0x1E,0xE8,0xFF,0xFF,
  0xFD,0x86,0x1E,0x07,0x33,0xBA,0xFF,0xFF,0xFF,0xB3,0x02,0x00,0x00,0x00,0x1F,0xC6,0xFF,0xFF,0xFF,0xFF,
  0xFF,0xFF,0xFF,0xFF,0xFD,0x92,0x05,0x00,0x00,0x00,0x00,0x00,0x00,0x47,0x9E,0xD8,0xF1,0xFB,0xEB,0xC9,
  0x89,0x25,0x00,0x00,0x00,0x00,0x00,0x00,0x00,0x6B,0xFE,0xFF,0x7A,0x00,0x00,0x00,0x00,0x00,0x00,0x00,
  0x00,0x00,0x00,0x00,0x65,0xFE,0xFA,0x34,0x00,0x00,0x00,0x00,0x00,0x00,0x00,0x00,0x00,0x00,0x00,0x61,
  0xFD,0xD9,0x0B,0x00,0x00,0x00,0x00,0x00,0x00,0x00,0x00,0x00,0x00,0x00,0x00,0x00,0x00,0x00,0x00,0x00,
  0x00,0x00,0x00,0x00,0x00,0x00,0x00,0x00,0x00,0x00,0x00,0x00,0x00,0x00,0x00,0x00,0xFC,0xFF,0xFF,0xFF,
  0x28,0x00,0x00,0x00,0x00,0x4C,0xFF,0xFF,0xFF,0xD8,0xFC,0xFF,0xFF,0xFF,0x28,0x00,0x00,0x00,0x00,0x4C,
  0xFF,0xFF,0xFF,0xD8,0xFC,0xFF,0xFF,0xFF,0x28,0x00,0x00,0x00,0x00,0x4C,0xFF,0xFF,0xFF,0xD8,0xFC,0xFF,
  0xFF,0xFF,0x28,0x00,0x00,0x00,0x00,0x4C,0xFF,0xFF,0xFF,0xD8,0xFC,0xFF,0xFF,0xFF,0x28,0x00,0x00,0x00,
  0x00,0x4C,0xFF,0xFF,0xFF,0xD8,0xFC,0xFF,0xFF,0xFF,0x28,0x00,0x00,0x00,0x00,0x4C,0xFF,0xFF,0xFF,0xD8,
  0xFC,0xFF,0xFF,0xFF,0x28,0x00,0x00,0x00,0x00,0x4C,0xFF,0xFF,0xFF,0xD8,0xFC,0xFF,0xFF,0xFF,0x28,0x00,
  0x00,0x00,0x00,0x4C,0xFF,0xFF,0xFF,0xD8,0xFC,0xFF,0xFF,0xFF,0x28,0x00,0x00,0x00,0x00,0x4C,0xFF,0xFF,
  0xFF,0xD8,0xFC,0xFF,0xFF,0xFF,0x28,0x00,0x00,0x00,0x00,0x4C,0xFF,0xFF,0xFF,0xD8,0xF4,0xFF,0xFF,0xFF,
  0x2C,0x00,0x00,0x00,0x00,0x50,0xFF,0xFF,0xFF,0xCF,0xDB,0xFF,0xFF,0xFF,0x41,0x00,0x00,0x00,0x00,0x67,
  0xFF,0xFF,0xFF,0xB6,0x9A,0xFF,0xFF,0xFF,0x83,0x00,0x00,0x00,0x00,0xAA,0xFF,0xFF,0xFF,0x75,0x28,0xF9,
  0xFF,0xFF,0xF5,0x60,0x13,0x19,0x78,0xFD,0xFF,0xFF,0xEA,0x10,0x00,0x51,0xF2,0xFF,0xFF,0xFF,0xFF,0xFF,
  0xFF,0xFF,0xFF,0xE5,0x35,0x00,0x00,0x00,0x1A,0x7E,0xC2,0xEA,0xFA,0xF8,0xE6,0xBA,0x70,0x0F,0x00,0x00,
  0x00,0x00,0x00,0x00,0x00,0x00,0x2B,0xF7,0xFF,0xB8,0x08,0x00,0x00,0x00,0x00,0x00,0x00,0x00,0x00,0x07,
  0xD1,0xFF,0xB4,0x07,0x00,0x00,0x00,0x00,0x00,0x00,0x00,0x00,0x00,0x8D,0xFF,0xB0,0x06,0x00,0x00,0x00,
  0x00,0x00,0x00,0x00,0x00,0x00,0x00,0x00,0x00,0x00,0x00,0x00,0x00,0x00,0x00,0x00,0x00,0x00,0x00,0x00,
  0x00,0x00,0x00,0x00,0x00,0x00,0x00,0x00,0x00,0x00,0xFC,0xFF,0xFF,0xFF,0x28,0x00,0x00,0x00,0x00,0x4C,
  0xFF,0xFF,0xFF,0xD8,0xFC,0xFF,0xFF,0xFF,0x28,0x00,0x00,0x00,0x00,0x4C,0xFF,0xFF,0xFF,0xD8,0xFC,0xFF,
  0xFF,0xFF,0x28,0x00,0x00,0x00,0x00,0x4C,0xFF,0xFF,0xFF,0xD8,0xFC,0xFF,0xFF,0xFF,0x28,0x00,0x00,0x00,
  0x00,0x4C,0xFF,0xFF,0xFF,0xD8,0xFC,0xFF,0xFF,0xFF,0x28,0x00,0x00,0x00,0x00,0x4C,0xFF,0xFF,0xFF,0xD8,
  0xFC,0xFF,0xFF,0xFF,0x28,0x00,0x00,0x00,0x00,0x4C,0xFF,0xFF,0xFF,0xD8,0xFC,0xFF,0xFF,0xFF,0x28,0x00,
  0x00,0x00,0x00,0x4C,0xFF,0xFF,0xFF,0xD8,0xFC,0xFF,0xFF,0xFF,0x28,0x00,0x00,0x00,0x00,0x4C,0xFF,0xFF,
  0xFF,0xD8,0xFC,0xFF,0xFF,0xFF,0x28,0x00,0x00,0x00,0x00,0x4C,0xFF,0xFF,0xFF,0xD8,0xFC,0xFF,0xFF,0xFF,
  0x28,0x00,0x00,0x00,0x00,0x4C,0xFF,0xFF,0xFF,0xD8,0xF4,0xFF,0xFF,0xFF,0x2C,0x00,0x00,0x00,0x00,0x50,
  0xFF,0xFF,0xFF,0xCF,0xDB,0xFF,0xFF,0xFF,0x41,0x00,0x00,0x00,0x00,0x67,0xFF,0xFF,0xFF,0xB6,0x9A,0xFF,
  0xFF,0xFF,0x83,0x00,0x00,0x00,0x00,0xAA,0xFF,0xFF,0xFF,0x75,0x28,0xF9,0xFF,0xFF,0xF5,0x60,0x13,0x19,
  0x78,0xFD,0xFF,0xFF,0xEA,0x10,0x00,0x51,0xF2,0xFF,0xFF,0xFF,0xFF,0xFF,0xFF,0xFF,0xFF,0xE5,0x35,0x00,
  0x00,0x00,0x1A,0x7E,0xC2,0xEA,0xFA,0xF8,0xE6,0xBA,0x70,0x0F,0x00,0x00,0x00,0x00,0x00,0x00,0x00,0x00,
  0x00,0x00,0x26,0xF4,0xFF,0xBE,0x0A,0x00,0x00,0x00,0x00,0x00,0x00,0x00,0x00,0x00,0x00,0x00,0x00,0x05,
  0xCB,0xFF,0xBA,0x09,0x00,0x00,0x00,0x00,0x00,0x00,0x00,0x00,0x00,0x00,0x00,0x00,0x00,0x85,0xFF,0xB6,
  0x08,0x00,0x00,0x00,0x00,0x00,0x00,0x00,0x00,0x00,0x00,0x00,0x00,0x00,0x00,0x00,0x00,0x00,0x00,0x00,
  0x00,0x00,0x00,0x00,0x00,0x00,0x00,0x00,0x00,0x00,0x00,0x00,0x00,0x00,0x00,0x00,0x00,0x00,0x00,0x00,
  0x00,0x00,0x00,0x00,0x09,0xDA,0xFF,0xFF,0xFF,0x9D,0x00,0x00,0x00,0x00,0x00,0x00,0xB6,0xFF,0xFF,0xFF,
  0xCB,0x03,0x00,0x3D,0xFE,0xFF,0xFF,0xFF,0x42,0x00,0x00,0x00,0x00,0x5B,0xFF,0xFF,0xFF,0xF9,0x2C,0x00,
  0x00,0x00,0x92,0xFF,0xFF,0xFF,0xDC,0x09,0x00,0x00,0x13,0xEA,0xFF,0xFF,0xFF,0x7D,0x00,0x00,0x00,0x00,
  0x0B,0xDE,0xFF,0xFF,0xFF,0x8A,0x00,0x00,0xA3,0xFF,0xFF,0xFF,0xD0,0x05,0x00,0x00,0x00,0x00,0x00,0x41,
  0xFE,0xFF,0xFF,0xFC,0x32,0x47,0xFF,0xFF,0xFF,0xFB,0x31,0x00,0x00,0x00,0x00,0x00,0x00,0x00,0x98,0xFF,
  0xFF,0xFF,0xCF,0xDF,0xFF,0xFF,0xFF,0x83,0x00,0x00,0x00,0x00,0x00,0x00,0x00,0x00,0x0D,0xE1,0xFF,0xFF,
  0xFF,0xFF,0xFF,0xFF,0xD4,0x06,0x00,0x00,0x00,0x00,0x00,0x00,0x00,0x00,0x00,0x47,0xFF,0xFF,0xFF,0xFF,
  0xFF,0xFC,0x35,0x00,0x00,0x00,0x00,0x00,0x00,0x00,0x00,0x00,0x00,0x00,0x9D,0xFF,0xFF,0xFF,0xFF,0x88,
  0x00,0x00,0x00,0x00,0x00,0x00,0x00,0x00,0x00,0x00,0x00,0x00,0x21,0xFF,0xFF,0xFF,0xFF,0x0D,0x00,0x00,
  0x00,0x00,0x00,0x00,0x00,0x00,0x00,0x00,0x00,0x00,0x1C,0xFF,0xFF,0xFF,0xFF,0x08,0x00,0x00,0x00,0x00,
  0x00,0x00,0x00,0x00,0x00,0x00,0x00,0x00,0x1C,0xFF,0xFF,0xFF,0xFF,0x08,0x00,0x00,0x00,0x00,0x00,0x00,
  0x00,0x00,0x00,0x00,0x00,0x00,0x1C,0xFF,0xFF,0xFF,0xFF,0x08,0x00,0x00,0x00,0x00,0x00,0x00,0x00,0x00,
  0x00,0x00,0x00,0x00,0x1C,0xFF,0xFF,0xFF,0xFF,0x08,0x00,0x00,0x00,0x00,0x00,0x00,0x00,0x00,0x00,0x00,
  0x00,0x00,0x1C,0xFF,0xFF,0xFF,0xFF,0x08,0x00,0x00,0x00,0x00,0x00,0x00,0x00,0x00,0x00,0x00,0x00,0x00,
  0x1C,0xFF,0xFF,0xFF,0xFF,0x08,0x00,0x00,0x00,0x00,0x00,0x00,0x00,0x00,0x00,0x7E,0xFF,0xFF,0x6C,0x00,
  0x00,0x00,0x00,0x00,0x00,0x00,0x00,0x00,0x00,0x00,0x81,0xFF,0xF9,0x35,0x00,0x00,0x00,0x00,0x00,0x00,
  0x00,0x00,0x00,0x00,0x00,0x84,0xFF,0xDF,0x11,0x00,0x00,0x00,0x00,0x00,0x00,0x00,0x00,0x00,0x00,0x00,
  0x86,0xFF,0xB1,0x01,0x00,0x00,0x00,0x00,0x00,0x00,0x00,0x00,0x00,0x00,0x00,0x00,0x00,0x00,0x00,0x00,
  0x00,0x00,0x00,0x00,0x00,0x00,0x00,0x00,0x00,0x00,0x00,0x00,0x00,0x00,0x00,0x00,0x00,0x00,0x26,0x72,
  0xB9,0xE4,0xF9,0xF9,0xE9,0xC1,0x78,0x0E,0x00,0x00,0x00,0x00,0xFF,0xFF,0xFF,0xFF,0xFF,0xFF,0xFF,0xFF,
  0xFF,0xE2,0x1F,0x00,0x00,0x00,0xCF,0x6E,0x32,0x16,0x06,0x1E,0x7D,0xFE,0xFF,0xFF,0xAC,0x00,0x00,0x00,
  0x00,0x00,0x00,0x00,0x00,0x00,0x00,0xD3,0xFF,0xFF,0xF6,0x03,0x00,0x00,0x19,0x84,0xC7,0xEC,0xFA,0xFF,
  0xFF,0xFF,0xFF,0xFF,0xFF,0x16,0x00,0x31,0xEE,0xFF,0xFF,0xFF,0xFF,0xFF,0xFF,0xFF,0xFF,0xFF,0xFF,0x1C,
  0x00,0xC1,0xFF,0xFF,0xFF,0x8D,0x18,0x00,0x00,0xC7,0xFF,0xFF,0xFF,0x1C,0x02,0xFC,0xFF,0xFF,0xEB,0x01,
  0x00,0x00,0x00,0xE5,0xFF,0xFF,0xFF,0x1C,0x04,0xFE,0xFF,0xFF,0xE6,0x00,0x00,0x00,0x40,0xFF,0xFF,0xFF,
  0xFF,0x1C,0x00,0xCB,0xFF,0xFF,0xFF,0x71,0x0C,0x3D,0xE2,0xFF,0xFF,0xFF,0xFF,0x1C,0x00,0x41,0xFB,0xFF,
  0xFF,0xFF,0xFF,0xFF,0xC0,0xCB,0xFF,0xFF,0xFF,0x1C,0x00,0x00,0x39,0xB8,0xF2,0xF7,0xD6,0x7C,0x06,0xC4,
  0xFF,0xFF,0xFF,0x1C,0x00,0x00,0x00,0x00,0x00,0x00,0x00,0x00,0x6E,0xFF,0xFF,0x7D,0x00,0x00,0x00,0x00,
  0x00,0x00,0x00,0x00,0x00,0x35,0xF9,0xFF,0x7F,0x00,0x00,0x00,0x00,0x00,0x00,0x00,0x00,0x00,0x11,0xDF,
  0xFF,0x83,0x00,0x00,0x00,0x00,0x00,0x00,0x00,0x00,0x00,0x01,0xB2,0xFF,0x86,0x00,0x00,0x00,0x00,0x00,
  0x00,0x00,0x00,0x00,0x00,0x00,0x00,0x00,0x00,0x00,0x00,0x00,0x00,0x00,0x00,0x00,0x00,0x00,0x00,0x00,
  0x00,0x00,0x00,0x00,0x00,0x00,0x00,0x00,0x00,0x00,0x26,0x72,0xB9,0xE4,0xF9,0xF9,0xE9,0xC1,0x78,0x0E,
  0x00,0x00,0x00,0x00,0xFF,0xFF,0xFF,0xFF,0xFF,0xFF,0xFF,0xFF,0xFF,0xE2,0x1F,0x00,0x00,0x00,0xCF,0x6E,
  0x32,0x16,0x06,0x1E,0x7D,0xFE,0xFF,0xFF,0xAC,0x00,0x00,0x00,0x00,0x00,0x00,0x00,0x00,0x00,0x00,0xD3,
  0xFF,0xFF,0xF6,0x03,0x00,0x00,0x19,0x84,0xC7,0xEC,0xFA,0xFF,0xFF,0xFF,0xFF,0xFF,0xFF,0x16,0x00,0x31,
  0xEE,0xFF,0xFF,0xFF,0xFF,0xFF,0xFF,0xFF,0xFF,0xFF,0xFF,0x1C,0x00,0xC1,0xFF,0xFF,0xFF,0x8D,0x18,0x00,
  0x00,0xC7,0xFF,0xFF,0xFF,0x1C,0x02,0xFC,0xFF,0xFF,0xEB,0x01,0x00,0x00,0x00,0xE5,0xFF,0xFF,0xFF,0x1C,
  0x04,0xFE,0xFF,0xFF,0xE6,0x00,0x00,0x00,0x40,0xFF,0xFF,0xFF,0xFF,0x1C,0x00,0xCB,0xFF,0xFF,0xFF,0x71,
  0x0C,0x3D,0xE2,0xFF,0xFF,0xFF,0xFF,0x1C,0x00,0x41,0xFB,0xFF,0xFF,0xFF,0xFF,0xFF,0xC0,0xCB,0xFF,0xFF,
  0xFF,0x1C,0x00,0x00,0x39,0xB8,0xF2,0xF7,0xD6,0x7C,0x06,0xC4,0xFF,0xFF,0xFF,0x1C,0x00,0x00,0x00,0x00,
  0x00,0x2B,0xF8,0xFF,0xF8,0x2B,0x00,0x00,0x00,0x00,0x00,0x00,0x00,0x00,0x05,0xCE,0xFF,0xDD,0xFF,0xCD,
  0x05,0x00,0x00,0x00,0x00,0x00,0x00,0x00,0x85,0xFF,0xB0,0x06,0xB0,0xFF,0x83,0x00,0x00,0x00,0x00,0x00,
  0x00,0x37,0xFC,0xC5,0x09,0x00,0x09,0xC5,0xFC,0x37,0x00,0x00,0x00,0x00,0x00,0x00,0x00,0x00,0x00,0x00,
  0x00,0x00,0x00,0x00,0x00,0x00,0x00,0x00,0x00,0x00,0x00,0x00,0x00,0x00,0x00,0x00,0x00,0x00,0x00,0x00,
  0x00,0x00,0x26,0x72,0xB9,0xE4,0xF9,0xF9,0xE9,0xC1,0x78,0x0E,0x00,0x00,0x00,0x00,0xFF,0xFF,0xFF,0xFF,
  0xFF,0xFF,0xFF,0xFF,0xFF,0xE2,0x1F,0x00,0x00,0x00,0xCF,0x6E,0x32,0x16,0x06,0x1E,0x7D,0xFE,0xFF,0xFF,
  0xAC,0x00,0x00,0x00,0x00,0x00,0x00,0x00,0x00,0x00,0x00,0xD3,0xFF,0xFF,0xF6,0x03,0x00,0x00,0x19,0x84,
  0xC7,0xEC,0xFA,0xFF,0xFF,0xFF,0xFF,0xFF,0xFF,0x16,0x00,0x31,0xEE,0xFF,0xFF,0xFF,0xFF,0xFF,0xFF,0xFF,
  0xFF,0xFF,0xFF,0x1C,0x00,0xC1,0xFF,0xFF,0xFF,0x8D,0x18,0x00,0x00,0xC7,0xFF,0xFF,0xFF,0x1C,0x02,0xFC,
  0xFF,0xFF,0xEB,0x01,0x00,0x00,0x00,0xE5,0xFF,0xFF,0xFF,0x1C,0x04,0xFE,0xFF,0xFF,0xE6,0x00,0x00,0x00,
  0x40,0xFF,0xFF,0xFF,0xFF,0x1C,0x00,0xCB,0xFF,0xFF,0xFF,0x71,0x0C,0x3D,0xE2,0xFF,0xFF,0xFF,0xFF,0x1C,
  0x00,0x41,0xFB,0xFF,0xFF,0xFF,0xFF,0xFF,0xC0,0xCB,0xFF,0xFF,0xFF,0x1C,0x00,0x00,0x39,0xB8,0xF2,0xF7,
  0xD6,0x7C,0x06,0xC4,0xFF,0xFF,0xFF,0x1C,0x00,0x00,0x00,0x00,0x48,0xEA,0xCB,0x29,0x00,0x44,0xF8,0x2F,
  0x00,0x00,0x00,0x00,0x00,0x00,0xD7,0xFF,0xFF,0xEC,0x38,0x86,0xFF,0x1A,0x00,0x00,0x00,0x00,0x00,0x1B,
  0xFF,0x82,0x3E,0xED,0xFF,0xFF,0xD4,0x00,0x00,0x00,0x00,0x00,0x00,0x30,0xF8,0x43,0x00,0x2C,0xD0,0xEB,
  0x46,0x00,0x00,0x00,0x00,0x00,0x00,0x00,0x00,0x00,0x00,0x00,0x00,0x00,0x00,0x00,0x00,0x00,0x00,0x00,
  0x00,0x00,0x00,0x00,0x00,0x00,0x00,0x00,0x00,0x00,0x00,0x00,0x00,0x00,0x26,0x72,0xB9,0xE4,0xF9,0xF9,
  0xE9,0xC1,0x78,0x0E,0x00,0x00,0x00,0x00,0xFF,0xFF,0xFF,0xFF,0xFF,0xFF,0xFF,0xFF,0xFF,0xE2,0x1F,0x00,
  0x00,0x00,0xCF,0x6E,0x32,0x16,0x06,0x1E,0x7D,0xFE,0xFF,0xFF,0xAC,0x00,0x00,0x00,0x00,0x00,0x00,0x00,
  0x00,0x00,0x00,0xD3,0xFF,0xFF,0xF6,0x03,0x00,0x00,0x19,0x84,0xC7,0xEC,0xFA,0xFF,0xFF,0xFF,0xFF,0xFF,
  0xFF,0x16,0x00,0x31,0xEE,0xFF,0xFF,0xFF,0xFF,0xFF,0xFF,0xFF,0xFF,0xFF,0xFF,0x1C,0x00,0xC1,0xFF,0xFF,
  0xFF,0x8D,0x18,0x00,0x00,0xC7,0xFF,0xFF,0xFF,0x1C,0x02,0xFC,0xFF,0xFF,0xEB,0x01,0x00,0x00,0x00,0xE5,
  0xFF,0xFF,0xFF,0x1C,0x04,0xFE,0xFF,0xFF,0xE6,0x00,0x00,0x00,0x40,0xFF,0xFF,0xFF,0xFF,0x1C,0x00,0xCB,
  0xFF,0xFF,0xFF,0x71,0x0C,0x3D,0xE2,0xFF,0xFF,0xFF,0xFF,0x1C,0x00,0x41,0xFB,0xFF,0xFF,0xFF,0xFF,0xFF,
  0xC0,0xCB,0xFF,0xFF,0xFF,0x1C,0x00,0x00,0x39,0xB8,0xF2,0xF7,0xD6,0x7C,0x06,0xC4,0xFF,0xFF,0xFF,0x1C,
  0x00,0x00,0x00,0x38,0xF1,0xFF,0xBD,0x02,0x00,0x00,0x00,0x00,0x00,0x00,0x00,0x00,0x00,0x00,0x3A,0xF3,
  0xFF,0x82,0x00,0x00,0x00,0x00,0x00,0x00,0x00,0x00,0x00,0x00,0x00,0x3C,0xF3,0xFD,0x46,0x00,0x00,0x00,
  0x00,0x00,0x00,0x00,0x00,0x00,0x00,0x00,0x3E,0xF4,0xEA,0x1B,0x00,0x00,0x00,0x00,0x00,0x00,0x00,0x00,
  0x00,0x00,0x00,0x00,0x00,0x00,0x00,0x00,0x00,0x00,0x00,0x00,0x00,0x00,0x00,0x00,0x00,0x00,0x00,0x00,
  0x00,0x00,0x00,0x00,0x00,0x00,0x00,0x0E,0x72,0xBF,0xEB,0xFB,0xEE,0xC1,0x6B,0x08,0x00,0x00,0x00,0x00,
  0x34,0xE2,0xFF,0xFF,0xFF,0xFF,0xFF,0xFF,0xFF,0xD1,0x1C,0x00,0x00,0x1A,0xEB,0xFF,0xFF,0xEA,0x4C,0x0D,
  0x45,0xEA,0xFF,0xFF,0xCE,0x03,0x00,0x92,0xFF,0xFF,0xFF,0x59,0x00,0x00,0x00,0x67,0xFF,0xFF,0xFF,0x5D,
  0x00,0xE0,0xFF,0xFF,0xFB,0x0A,0x00,0x00,0x00,0x29,0xFF,0xFF,0xFF,0xAC,0x03,0xFE,0xFF,0xFF,0xFF,0xFF,
  0xFF,0xFF,0xFF,0xFF,0xFF,0xFF,0xFF,0xCF,0x03,0xFE,0xFF,0xFF,0xFF,0xFF,0xFF,0xFF,0xFF,0xFF,0xFF,0xFF,
  0xFF,0xDB,0x00,0xE1,0xFF,0xFF,0xF5,0x04,0x00,0x00,0x00,0x00,0x00,0x00,0x00,0x00,0x00,0x93,0xFF,0xFF,
  0xFF,0x53,0x00,0x00,0x00,0x00,0x00,0x00,0x00,0x00,0x00,0x1B,0xED,0xFF,0xFF,0xED,0x61,0x18,0x09,0x22,
  0x3E,0x7D,0xC6,0x45,0x00,0x00,0x35,0xE2,0xFF,0xFF,0xFF,0xFF,0xFF,0xFF,0xFF,0xFF,0xFF,0x48,0x00,0x00,
  0x00,0x0D,0x6D,0xBC,0xE9,0xFA,0xF0,0xD9,0xBC,0x7D,0x37,0x02,0x00,0x00,0x00,0x00,0x00,0x00,0x00,0x00,
  0x26,0xF2,0xFF,0xC4,0x0C,0x00,0x00,0x00,0x00,0x00,0x00,0x00,0x00,0x09,0xD2,0xFF,0xC6,0x0D,0x00,0x00,
  0x00,0x00,0x00,0x00,0x00,0x00,0x00,0x9E,0xFF,0xC8,0x0E,0x00,0x00,0x00,0x00,0x00,0x00,0x00,0x00,0x00,
  0x5E,0xFF,0xCB,0x0F,0x00,0x00,0x00,0x00,0x00,0x00,0x00,0x00,0x00,0x00,0x00,0x00,0x00,0x00,0x00,0x00,
  0x00,0x00,0x00,0x00,0x00,0x00,0x00,0x00,0x00,0x00,0x00,0x00,0x00,0x00,0x00,0x00,0x00,0x00,0x00,0x0E,
  0x72,0xBF,0xEB,0xFB,0xEE,0xC1,0x6B,0x08,0x00,0x00,0x00,0x00,0x34,0xE2,0xFF,0xFF,0xFF,0xFF,0xFF,0xFF,
  0xFF,0xD1,0x1C,0x00,0x00,0x1A,0xEB,0xFF,0xFF,0xEA,0x4C,0x0D,0x45,0xEA,0xFF,0xFF,0xCE,0x03,0x00,0x92,
  0xFF,0xFF,0xFF,0x59,0x00,0x00,0x00,0x67,0xFF,0xFF,0xFF,0x5D,0x00,0xE0,0xFF,0xFF,0xFB,0x0A,0x00,0x00,
  0x00,0x29,0xFF,0xFF,0xFF,0xAC,0x03,0xFE,0xFF,0xFF,0xFF,0xFF,0xFF,0xFF,0xFF,0xFF,0xFF,0xFF,0xFF,0xCF,
  0x03,0xFE,0xFF,0xFF,0xFF,0xFF,0xFF,0xFF,0xFF,0xFF,0xFF,0xFF,0xFF,0xDB,0x00,0xE1,0xFF,0xFF,0xF5,0x04,
  0x00,0x00,0x00,0x00,0x00,0x00,0x00,0x00,0x00,0x93,0xFF,0xFF,0xFF,0x53,0x00,0x00,0x00,0x00,0x00,0x00,
  0x00,0x00,0x00,0x1B,0xED,0xFF,0xFF,0xED,0x61,0x18,0x09,0x22,0x3E,0x7D,0xC6,0x45,0x00,0x00,0x35,0xE2,
  0xFF,0xFF,0xFF,0xFF,0xFF,0xFF,0xFF,0xFF,0xFF,0x48,0x00,0x00,0x00,0x0D,0x6D,0xBC,0xE9,0xFA,0xF0,0xD9,
  0xBC,0x7D,0x37,0x02,0x00,0x00,0x00,0x00,0x00,0x04,0xCB,0xFF,0xFF,0x77,0x00,0x00,0x00,0x00,0x00,0x00,
  0x00,0x00,0x00,0x81,0xFF,0xE1,0xFB,0xF9,0x2E,0x00,0x00,0x00,0x00,0x00,0x00,0x00,0x34,0xFB,0xE7,0x20,
  0x61,0xFF,0xD0,0x06,0x00,0x00,0x00,0x00,0x00,0x08,0xD7,0xF2,0x30,0x00,0x00,0x7B,0xFF,0x87,0x00,0x00,
  0x00,0x00,0x00,0x00,0x00,0x00,0x00,0x00,0x00,0x00,0x00,0x00,0x00,0x00,0x00,0x00,0x00,0x00,0x00,0x00,
  0x00,0x00,0x00,0x00,0x00,0x00,0x00,0x00,0x00,0x00,0x00,0x0E,0x72,0xBF,0xEB,0xFB,0xEE,0xC1,0x6B,0x08,
  0x00,0x00,0x00,0x00,0x34,0xE2,0xFF,0xFF,0xFF,0xFF,0xFF,0xFF,0xFF,0xD1,0x1C,0x00,0x00,0x1A,0xEB,0xFF,
  0xFF,0xEA,0x4C,0x0D,0x45,0xEA,0xFF,0xFF,0xCE,0x03,0x00,0x92,0xFF,0xFF,0xFF,0x59,0x00,0x00,0x00,0x67,
  0xFF,0xFF,0xFF,0x5D,0x00,0xE0,0xFF,0xFF,0xFB,0x0A,0x00,0x00,0x00,0x29,0xFF,0xFF,0xFF,0xAC,0x03,0xFE,
  0xFF,0xFF,0xFF,0xFF,0xFF,0xFF,0xFF,0xFF,0xFF,0xFF,0xFF,0xCF,0x03,0xFE,0xFF,0xFF,0xFF,0xFF,0xFF,0xFF,
  0xFF,0xFF,0xFF,0xFF,0xFF,0xDB,0x00,0xE1,0xFF,0xFF,0xF5,0x04,0x00,0x00,0x00,0x00,0x00,0x00,0x00,0x00,
  0x00,0x93,0xFF,0xFF,0xFF,0x53,0x00,0x00,0x00,0x00,0x00,0x00,0x00,0x00,0x00,0x1B,0xED,0xFF,0xFF,0xED,
  0x61,0x18,0x09,0x22,0x3E,0x7D,0xC6,0x45,0x00,0x00,0x35,0xE2,0xFF,0xFF,0xFF,0xFF,0xFF,0xFF,0xFF,0xFF,
  0xFF,0x48,0x00,0x00,0x00,0x0D,0x6D,0xBC,0xE9,0xFA,0xF0,0xD9,0xBC,0x7D,0x37,0x02,0x1A,0xDB,0xFF,0xE1,
  0x12,0x00,0x00,0x00,0x1C,0xDC,0xFF,0xB4,0x01,0x00,0x00,0x00,0x1D,0xDE,0xFF,0x78,0x00,0x00,0x00,0x00,
  0x1F,0xDF,0xFC,0x3E,0x00,0x00,0x00,0x00,0x00,0x00,0x00,0x00,0x00,0x00,0x00,0x00,0x00,0x00,0x00,0x00,
  0x28,0xFF,0xFF,0xFF,0xB0,0x00,0x00,0x28,0xFF,0xFF,0xFF,0xB0,0x00,0x00,0x28,0xFF,0xFF,0xFF,0xB0,0x00,
  0x00,0x28,0xFF,0xFF,0xFF,0xB0,0x00,0x00,0x28,0xFF,0xFF,0xFF,0xB0,0x00,0x00,0x28,0xFF,0xFF,0xFF,0xB0,
  0x00,0x00,0x28,0xFF,0xFF,0xFF,0xB0,0x00,0x00,0x28,0xFF,0xFF,0xFF,0xB0,0x00,0x00,0x28,0xFF,0xFF,0xFF,
  0xB0,0x00,0x00,0x28,0xFF,0xFF,0xFF,0xB0,0x00,0x00,0x28,0xFF,0xFF,0xFF,0xB0,0x00,0x00,0x28,0xFF,0xFF,
  0xFF,0xB0,0x00,0x00,0x00,0x0C,0xD8,0xFF,0xE2,0x22,0x00,0x00,0x00,0xA7,0xFF,0xE4,0x23,0x00,0x00,0x00,
  0x6A,0xFF,0xE5,0x25,0x00,0x00,0x00,0x32,0xF8,0xE7,0x27,0x00,0x00,0x00,0x00,0x00,0x00,0x00,0x00,0x00,
  0x00,0x00,0x00,0x00,0x00,0x00,0x00,0x00,0x00,0x00,0x28,0xFF,0xFF,0xFF,0xB0,0x00,0x00,0x00,0x28,0xFF,
  0xFF,0xFF,0xB0,0x00,0x00,0x00,0x28,0xFF,0xFF,0xFF,0xB0,0x00,0x00,0x00,0x28,0xFF,0xFF,0xFF,0xB0,0x00,
  0x00,0x00,0x28,0xFF,0xFF,0xFF,0xB0,0x00,0x00,0x00,0x28,0xFF,0xFF,0xFF,0xB0,0x00,0x00,0x00,0x28,0xFF,
  0xFF,0xFF,0xB0,0x00,0x00,0x00,0x28,0xFF,0xFF,0xFF,0xB0,0x00,0x00,0x00,0x28,0xFF,0xFF,0xFF,0xB0,0x00,
  0x00,0x00,0x28,0xFF,0xFF,0xFF,0xB0,0x00,0x00,0x00,0x28,0xFF,0xFF,0xFF,0xB0,0x00,0x00,0x00,0x28,0xFF,
  0xFF,0xFF,0xB0,0x00,0x00,0x00,0x00,0x00,0x00,0x3B,0xF3,0xFF,0xBA,0x02,0x00,0x00,0x00,0x00,0x00,0x00,
  0x00,0x00,0x00,0x00,0x00,0x3D,0xF4,0xFF,0x7E,0x00,0x00,0x00,0x00,0x00,0x00,0x00,0x00,0x00,0x00,0x00,
  0x00,0x3F,0xF5,0xFD,0x42,0x00,0x00,0x00,0x00,0x00,0x00,0x00,0x00,0x00,0x00,0x00,0x00,0x41,0xF5,0xE8,
  0x19,0x00,0x00,0x00,0x00,0x00,0x00,0x00,0x00,0x00,0x00,0x00,0x00,0x00,0x00,0x00,0x00,0x00,0x00,0x00,
  0x00,0x00,0x00,0x00,0x00,0x00,0x00,0x00,0x00,0x00,0x00,0x00,0x00,0x00,0x00,0x00,0x00,0x00,0x00,0x10,
  0x76,0xC2,0xEC,0xFB,0xEF,0xCB,0x84,0x1A,0x00,0x00,0x00,0x00,0x00,0x39,0xE6,0xFF,0xFF,0xFF,0xFF,0xFF,
  0xFF,0xFF,0xF1,0x4E,0x00,0x00,0x00,0x1C,0xEE,0xFF,0xFF,0xEC,0x46,0x07,0x36,0xDF,0xFF,0xFF,0xF8,0x31,
  0x00,0x00,0x94,0xFF,0xFF,0xFF,0x6F,0x00,0x00,0x00,0x54,0xFF,0xFF,0xFF,0xB4,0x00,0x00,0xE1,0xFF,0xFF,
  0xFF,0x1C,0x00,0x00,0x00,0x05,0xFB,0xFF,0xFF,0xF8,0x08,0x03,0xFE,0xFF,0xFF,0xFD,0x03,0x00,0x00,0x00,
  0x00,0xE5,0xFF,0xFF,0xFF,0x21,0x03,0xFE,0xFF,0xFF,0xFC,0x03,0x00,0x00,0x00,0x00,0xE5,0xFF,0xFF,0xFF,
  0x20,0x00,0xE1,0xFF,0xFF,0xFF,0x1C,0x00,0x00,0x00,0x05,0xFB,0xFF,0xFF,0xF8,0x08,0x00,0x94,0xFF,0xFF,
  0xFF,0x6F,0x00,0x00,0x00,0x54,0xFF,0xFF,0xFF,0xB4,0x00,0x00,0x1C,0xEE,0xFF,0xFF,0xEC,0x45,0x06,0x36,
  0xDF,0xFF,0xFF,0xF8,0x32,0x00,0x00,0x00,0x39,0xE7,0xFF,0xFF,0xFF,0xFF,0xFF,0xFF,0xFF,0xF1,0x4F,0x00,
  0x00,0x00,0x00,0x00,0x11,0x77,0xC3,0xED,0xFB,0xF0,0xCC,0x85,0x1A,0x00,0x00,0x00,0x00,0x00,0x00,0x00,
  0x00,0x00,0x00,0x00,0x29,0xF4,0xFF,0xC1,0x0B,0x00,0x00,0x00,0x00,0x00,0x00,0x00,0x00,0x00,0x0A,0xD4,
  0xFF,0xC3,0x0C,0x00,0x00,0x00,0x00,0x00,0x00,0x00,0x00,0x00,0x00,0xA1,0xFF,0xC5,0x0D,0x00,0x00,0x00,
  0x00,0x00,0x00,0x00,0x00,0x00,0x00,0x63,0xFF,0xC8,0x0E,0x00,0x00,0x00,0x00,0x00,0x00,0x00,0x00,0x00,
  0x00,0x00,0x00,0x00,0x00,0x00,0x00,0x00,0x00,0x00,0x00,0x00,0x00,0x00,0x00,0x00,0x00,0x00,0x00,0x00,
  0x00,0x00,0x00,0x00,0x00,0x00,0x00,0x00,0x00,0x10,0x76,0xC2,0xEC,0xFB,0xEF,0xCB,0x84,0x1A,0x00,0x00,
  0x00,0x00,0x00,0x39,0xE6,0xFF,0xFF,0xFF,0xFF,0xFF,0xFF,0xFF,0xF1,0x4E,0x00,0x00,0x00,0x1C,0xEE,0xFF,
  0xFF,0xEC,0x46,0x07,0x36,0xDF,0xFF,0xFF,0xF8,0x31,0x00,0x00,0x94,0xFF,0xFF,0xFF,0x6F,0x00,0x00,0x00,
  0x54,0xFF,0xFF,0xFF,0xB4,0x00,0x00,0xE1,0xFF,0xFF,0xFF,0x1C,0x00,0x00,0x00,0x05,0xFB,0xFF,0xFF,0xF8,
  0x08,0x03,0xFE,0xFF,0xFF,0xFD,0x03,0x00,0x00,0x00,0x00,0xE5,0xFF,0xFF,0xFF,0x21,0x03,0xFE,0xFF,0xFF,
  0xFC,0x03,0x00,0x00,0x00,0x00,0xE5,0xFF,0xFF,0xFF,0x20,0x00,0xE1,0xFF,0xFF,0xFF,0x1C,0x00,0x00,0x00,
  0x05,0xFB,0xFF,0xFF,0xF8,0x08,0x00,0x94,0xFF,0xFF,0xFF,0x6F,0x00,0x00,0x00,0x54,0xFF,0xFF,0xFF,0xB4,
  0x00,0x00,0x1C,0xEE,0xFF,0xFF,0xEC,0x45,0x06,0x36,0xDF,0xFF,0xFF,0xF8,0x32,0x00,0x00,0x00,0x39,0xE7,
  0xFF,0xFF,0xFF,0xFF,0xFF,0xFF,0xFF,0xF1,0x4F,0x00,0x00,0x00,0x00,0x00,0x11,0x77,0xC3,0xED,0xFB,0xF0,
  0xCC,0x85,0x1A,0x00,0x00,0x00,0x00,0x00,0x00,0x00,0x00,0x23,0xF4,0xFF,0xFB,0x33,0x00,0x00,0x00,0x00,
  0x00,0x00,0x00,0x00,0x00,0x02,0xC5,0xFF,0xDD,0xFF,0xD6,0x08,0x00,0x00,0x00,0x00,0x00,0x00,0x00,0x00,
  0x79,0xFF,0xBA,0x07,0xA6,0xFF,0x8F,0x00,0x00,0x00,0x00,0x00,0x00,0x00,0x2E,0xF9,0xCD,0x0D,0x00,0x06,
  0xBC,0xFE,0x41,0x00,0x00,0x00,0x00,0x00,0x00,0x00,0x00,0x00,0x00,0x00,0x00,0x00,0x00,0x00,0x00,0x00,
  0x00,0x00,0x00,0x00,0x00,0x00,0x00,0x00,0x00,0x00,0x00,0x00,0x00,0x00,0x00,0x00,0x00,0x00,0x00,0x10,
  0x76,0xC2,0xEC,0xFB,0xEF,0xCB,0x84,0x1A,0x00,0x00,0x00,0x00,0x00,0x39,0xE6,0xFF,0xFF,0xFF,0xFF,0xFF,
  0xFF,0xFF,0xF1,0x4E,0x00,0x00,0x00,0x1C,0xEE,0xFF,0xFF,0xEC,0x46,0x07,0x36,0xDF,0xFF,0xFF,0xF8,0x31,
  0x00,0x00,0x94,0xFF,0xFF,0xFF,0x6F,0x00,0x00,0x00,0x54,0xFF,0xFF,0xFF,0xB4,0x00,0x00,0xE1,0xFF,0xFF,
  0xFF,0x1C,0x00,0x00,0x00,0x05,0xFB,0xFF,0xFF,0xF8,0x08,0x03,0xFE,0xFF,0xFF,0xFD,0x03,0x00,0x00,0x00,
  0x00,0xE5,0xFF,0xFF,0xFF,0x21,0x03,0xFE,0xFF,0xFF,0xFC,0x03,0x00,0x00,0x00,0x00,0xE5,0xFF,0xFF,0xFF,
  0x20,0x00,0xE1,0xFF,0xFF,0xFF,0x1C,0x00,0x00,0x00,0x05,0xFB,0xFF,0xFF,0xF8,0x08,0x00,0x94,0xFF,0xFF,
  0xFF,0x6F,0x00,0x00,0x00,0x54,0xFF,0xFF,0xFF,0xB4,0x00,0x00,0x1C,0xEE,0xFF,0xFF,0xEC,0x45,0x06,0x36,
  0xDF,0xFF,0xFF,0xF8,0x32,0x00,0x00,0x00,0x39,0xE7,0xFF,0xFF,0xFF,0xFF,0xFF,0xFF,0xFF,0xF1,0x4F,0x00,
  0x00,0x00,0x00,0x00,0x11,0x77,0xC3,0xED,0xFB,0xF0,0xCC,0x85,0x1A,0x00,0x00,0x00,0x00,0x00,0x00,0x00,
  0x3F,0xE8,0xD0,0x2F,0x00,0x38,0xF8,0x3B,0x00,0x00,0x00,0x00,0x00,0x00,0x00,0xCB,0xFF,0xFF,0xF0,0x40,
  0x7B,0xFF,0x25,0x00,0x00,0x00,0x00,0x00,0x00,0x0F,0xFF,0x8E,0x37,0xE8,0xFF,0xFF,0xDF,0x00,0x00,0x00,
  0x00,0x00,0x00,0x00,0x24,0xF8,0x4F,0x00,0x26,0xCB,0xEE,0x4F,0x00,0x00,0x00,0x00,0x00,0x00,0x00,0x00,
  0x00,0x00,0x00,0x00,0x00,0x00,0x00,0x00,0x00,0x00,0x00,0x00,0x00,0x00,0x00,0x00,0x00,0x00,0x00,0x00,
  0x00,0x00,0x00,0x00,0x00,0x00,0x00,0x00,0x00,0x10,0x76,0xC2,0xEC,0xFB,0xEF,0xCB,0x84,0x1A,0x00,0x00,
  0x00,0x00,0x00,0x39,0xE6,0xFF,0xFF,0xFF,0xFF,0xFF,0xFF,0xFF,0xF1,0x4E,0x00,0x00,0x00,0x1C,0xEE,0xFF,
  0xFF,0xEC,0x46,0x07,0x36,0xDF,0xFF,0xFF,0xF8,0x31,0x00,0x00,0x94,0xFF,0xFF,0xFF,0x6F,0x00,0x00,0x00,
  0x54,0xFF,0xFF,0xFF,0xB4,0x00,0x00,0xE1,0xFF,0xFF,0xFF,0x1C,0x00,0x00,0x00,0x05,0xFB,0xFF,0xFF,0xF8,
  0x08,0x03,0xFE,0xFF,0xFF,0xFD,0x03,0x00,0x00,0x00,0x00,0xE5,0xFF,0xFF,0xFF,0x21,0x03,0xFE,0xFF,0xFF,
  0xFC,0x03,0x00,0x00,0x00,0x00,0xE5,0xFF,0xFF,0xFF,0x20,0x00,0xE1,0xFF,0xFF,0xFF,0x1C,0x00,0x00,0x00,
  0x05,0xFB,0xFF,0xFF,0xF8,0x08,0x00,0x94,0xFF,0xFF,0xFF,0x6F,0x00,0x00,0x00,0x54,0xFF,0xFF,0xFF,0xB4,
  0x00,0x00,0x1C,0xEE,0xFF,0xFF,0xEC,0x45,0x06,0x36,0xDF,0xFF,0xFF,0xF8,0x32,0x00,0x00,0x00,0x39,0xE7,
  0xFF,0xFF,0xFF,0xFF,0xFF,0xFF,0xFF,0xF1,0x4F,0x00,0x00,0x00,0x00,0x00,0x11,0x77,0xC3,0xED,0xFB,0xF0,
  0xCC,0x85,0x1A,0x00,0x00,0x00,0x00,0x00,0x14,0xD2,0xFF,0xE9,0x1A,0x00,0x00,0x00,0x00,0x00,0x00,0x00,
  0x00,0x00,0x15,0xD4,0xFF,0xC2,0x03,0x00,0x00,0x00,0x00,0x00,0x00,0x00,0x00,0x00,0x16,0xD5,0xFF,0x88,
  0x00,0x00,0x00,0x00,0x00,0x00,0x00,0x00,0x00,0x00,0x17,0xD7,0xFE,0x4B,0x00,0x00,0x00,0x00,0x00,0x00,
  0x00,0x00,0x00,0x00,0x00,0x00,0x00,0x00,0x00,0x00,0x00,0x00,0x00,0x00,0x00,0x00,0x00,0x00,0x00,0x00,
  0x00,0x00,0x00,0x00,0x48,0xFF,0xFF,0xFF,0x98,0x00,0x00,0x00,0x08,0xFF,0xFF,0xFF,0xD0,0x48,0xFF,0xFF,
  0xFF,0x97,0x00,0x00,0x00,0x08,0xFF,0xFF,0xFF,0xD0,0x48,0xFF,0xFF,0xFF,0x96,0x00,0x00,0x00,0x08,0xFF,
  0xFF,0xFF,0xD0,0x48,0xFF,0xFF,0xFF,0x94,0x00,0x00,0x00,0x08,0xFF,0xFF,0xFF,0xD0,0x48,0xFF,0xFF,0xFF,
  0x92,0x00,0x00,0x00,0x08,0xFF,0xFF,0xFF,0xD0,0x48,0xFF,0xFF,0xFF,0x90,0x00,0x00,0x00,0x08,0xFF,0xFF,
  0xFF,0xD0,0x48,0xFF,0xFF,0xFF,0x91,0x00,0x00,0x00,0x0F,0xFF,0xFF,0xFF,0xD0,0x47,0xFF,0xFF,0xFF,0x98,
  0x00,0x00,0x00,0x2A,0xFF,0xFF,0xFF,0xD0,0x3A,0xFF,0xFF,0xFF,0xB3,0x00,0x00,0x00,0x7D,0xFF,0xFF,0xFF,
  0xD0,0x0C,0xF7,0xFF,0xFF,0xF8,0x4F,0x0F,0x58,0xF4,0xFF,0xFF,0xFF,0xD0,0x00,0x82,0xFF,0xFF,0xFF,0xFF,
  0xFF,0xFF,0x7E,0xFF,0xFF,0xFF,0xD0,0x00,0x00,0x67,0xCF,0xF7,0xF2,0xBC,0x44,0x08,0xFF,0xFF,0xFF,0xD0,
  0x00,0x00,0x00,0x00,0x00,0x00,0x00,0x07,0xCD,0xFF,0xEA,0x2B,0x00,0x00,0x00,0x00,0x00,0x00,0x00,0x00,
  0x98,0xFF,0xEB,0x2C,0x00,0x00,0x00,0x00,0x00,0x00,0x00,0x00,0x59,0xFF,0xEC,0x2E,0x00,0x00,0x00,0x00,
  0x00,0x00,0x00,0x00,0x27,0xF3,0xED,0x30,0x00,0x00,0x00,0x00,0x00,0x00,0x00,0x00,0x00,0x00,0x00,0x00,
  0x00,0x00,0x00,0x00,0x00,0x00,0x00,0x00,0x00,0x00,0x00,0x00,0x00,0x00,0x00,0x00,0x00,0x00,0x48,0xFF,
  0xFF,0xFF,0x98,0x00,0x00,0x00,0x08,0xFF,0xFF,0xFF,0xD0,0x48,0xFF,0xFF,0xFF,0x97,0x00,0x00,0x00,0x08,
  0xFF,0xFF,0xFF,0xD0,0x48,0xFF,0xFF,0xFF,0x96,0x00,0x00,0x00,0x08,0xFF,0xFF,0xFF,0xD0,0x48,0xFF,0xFF,
  0xFF,0x94,0x00,0x00,0x00,0x08,0xFF,0xFF,0xFF,0xD0,0x48,0xFF,0xFF,0xFF,0x92,0x00,0x00,0x00,0x08,0xFF,
  0xFF,0xFF,0xD0,0x48,0xFF,0xFF,0xFF,0x90,0x00,0x00,0x00,0x08,0xFF,0xFF,0xFF,0xD0,0x48,0xFF,0xFF,0xFF,
  0x91,0x00,0x00,0x00,0x0F,0xFF,0xFF,0xFF,0xD0,0x47,0xFF,0xFF,0xFF,0x98,0x00,0x00,0x00,0x2A,0xFF,0xFF,
  0xFF,0xD0,0x3A,0xFF,0xFF,0xFF,0xB3,0x00,0x00,0x00,0x7D,0xFF,0xFF,0xFF,0xD0,0x0C,0xF7,0xFF,0xFF,0xF8,
  0x4F,0x0F,0x58,0xF4,0xFF,0xFF,0xFF,0xD0,0x00,0x82,0xFF,0xFF,0xFF,0xFF,0xFF,0xFF,0x7E,0xFF,0xFF,0xFF,
  0xD0,0x00,0x00,0x67,0xCF,0xF7,0xF2,0xBC,0x44,0x08,0xFF,0xFF,0xFF,0xD0,0x00,0x00,0x00,0x00,0x00,0x00,
  0x00,0x03,0xBE,0xFF,0xF1,0x37,0x00,0x00,0x00,0x00,0x00,0x00,0x00,0x00,0x00,0x84,0xFF,0xF2,0x39,0x00,
  0x00,0x00,0x00,0x00,0x00,0x00,0x00,0x00,0x47,0xFE,0xF3,0x3B,0x00,0x00,0x00,0x00,0x00,0x00,0x00,0x00,
  0x00,0x1B,0xEB,0xF4,0x3D,0x00,0x00,0x00,0x00,0x00,0x00,0x00,0x00,0x00,0x00,0x00,0x00,0x00,0x00,0x00,
  0x00,0x00,0x00,0x00,0x00,0x00,0x00,0x00,0x00,0x00,0x00,0x00,0x00,0x00,0x00,0x00,0x00,0x00,0x87,0xFF,
  0xFF,0xFF,0x4E,0x00,0x00,0x00,0x00,0x16,0xFC,0xFF,0xFF,0xC0,0x1E,0xFC,0xFF,0xFF,0xB4,0x00,0x00,0x00,
  0x00,0x6A,0xFF,0xFF,0xFF,0x63,0x00,0xAF,0xFF,0xFF,0xFC,0x1D,0x00,0x00,0x00,0xC0,0xFF,0xFF,0xF7,0x0F,
  0x00,0x43,0xFF,0xFF,0xFF,0x7F,0x00,0x00,0x19,0xFD,0xFF,0xFF,0xA9,0x00,0x00,0x00,0xD6,0xFF,0xFF,0xE2,
  0x02,0x00,0x6D,0xFF,0xFF,0xFF,0x4C,0x00,0x00,0x00,0x6C,0xFF,0xFF,0xFF,0x4B,0x00,0xC4,0xFF,0xFF,0xEA,
  0x04,0x00,0x00,0x00,0x0D,0xF2,0xFF,0xFF,0xB0,0x1C,0xFE,0xFF,0xFF,0x91,0x00,0x00,0x00,0x00,0x00,0x94,
  0xFF,0xFF,0xFB,0x8B,0xFF,0xFF,0xFF,0x34,0x00,0x00,0x00,0x00,0x00,0x29,0xFF,0xFF,0xFF,0xFE,0xFF,0xFF,
  0xD7,0x00,0x00,0x00,0x00,0x00,0x00,0x00,0xBD,0xFF,0xFF,0xFF,0xFF,0xFF,0x7A,0x00,0x00,0x00,0x00,0x00,
  0x00,0x00,0x51,0xFF,0xFF,0xFF,0xFF,0xFE,0x1E,0x00,0x00,0x00,0x00,0x00,0x00,0x00,0x03,0xE2,0xFF,0xFF,
  0xFF,0xBF,0x00,0x00,0x00,0x00,0x00,0x00,0x00,0x00,0x00,0x80,0xFF,0xFF,0xFF,0x62,0x00,0x00,0x00,0x00,
  0x00,0x00,0x00,0x00,0x00,0x9F,0xFF,0xFF,0xF6,0x0E,0x00,0x00,0x00,0x00,0x00,0x00,0x00,0x05,0x46,0xF7,
  0xFF,0xFF,0x91,0x00,0x00,0x00,0x00,0x00,0x00,0x00,0xCC,0xFF,0xFF,0xFF,0xFF,0xDB,0x0F,0x00,0x00,0x00,
  0x00,0x00,0x00,0x00,0xCC,0xFF,0xFB,0xE0,0x95,0x18,0x00,0x00,0x00,0x00,0x00,0x00,0x00,0x00,0x00,0x00,
  0x0B,0xFC,0xBB,0x20,0x04,0x24,0xC6,0xF4,0x03,0x00,0x00,0x00,0x00,0x00,0x00,0x00,0x00,0x00,0xAC,0xFF,
  0xFF,0xFF,0xFF,0xFF,0x9C,0x00,0x00,0x00,0x00,0x00,0x00,0x00,0x00,0x00,0x00,0x0F,0x90,0xE0,0xF7,0xDE,
  0x88,0x0A,0x00,0x00,0x00,0x00,0x00,0x00,0x00,0x00,0x00,0x00,0x00,0x00,0x00,0x00,0x00,0x00,0x00,0x00,
  0x00,0x00,0x00,0x00,0x00,0x00,0x00,0x00,0x00,0x24,0xFF,0xFF,0xFF,0xFF,0xFF,0x2B,0x00,0x00,0x00,0x00,
  0x00,0x00,0x00,0x00,0x00,0x00,0x83,0xFF,0xFF,0xFF,0xFF,0xFF,0x89,0x00,0x00,0x00,0x00,0x00,0x00,0x00,
  0x00,0x00,0x01,0xE0,0xFF,0xFF,0xFF,0xFF,0xFF,0xE5,0x03,0x00,0x00,0x00,0x00,0x00,0x00,0x00,0x00,0x41,
  0xFF,0xFF,0xFF,0xF8,0xFF,0xFF,0xFF,0x47,0x00,0x00,0x00,0x00,0x00,0x00,0x00,0x00,0xA0,0xFF,0xFF,0xFF,
  0x71,0xFF,0xFF,0xFF,0xA6,0x00,0x00,0x00,0x00,0x00,0x00,0x00,0x0B,0xF3,0xFF,0xFF,0xE1,0x01,0xDB,0xFF,
  0xFF,0xF6,0x0F,0x00,0x00,0x00,0x00,0x00,0x00,0x5E,0xFF,0xFF,0xFF,0x89,0x00,0x83,0xFF,0xFF,0xFF,0x64,
  0x00,0x00,0x00,0x00,0x00,0x00,0xBD,0xFF,0xFF,0xFF,0x2F,0x00,0x2A,0xFF,0xFF,0xFF,0xC3,0x00,0x00,0x00,
  0x00,0x00,0x1D,0xFD,0xFF,0xFF,0xD6,0x00,0x00,0x00,0xD1,0xFF,0xFF,0xFF,0x23,0x00,0x00,0x00,0x00,0x7B,
  0xFF,0xFF,0xFF,0x7C,0x00,0x00,0x00,0x78,0xFF,0xFF,0xFF,0x81,0x00,0x00,0x00,0x00,0xD9,0xFF,0xFF,0xFF,
  0xFF,0xFF,0xFF,0xFF,0xFF,0xFF,0xFF,0xFF,0xDF,0x01,0x00,0x00,0x39,0xFF,0xFF,0xFF,0xFF,0xFF,0xFF,0xFF,
  0xFF,0xFF,0xFF,0xFF,0xFF,0xFF,0x3F,0x00,0x00,0x98,0xFF,0xFF,0xFF,0x26,0x00,0x00,0x00,0x00,0x00,0x20,
  0xFF,0xFF,0xFF,0x9E,0x00,0x07,0xEF,0xFF,0xFF,0xE5,0x00,0x00,0x00,0x00,0x00,0x00,0x00,0xDF,0xFF,0xFF,
  0xF3,0x0A,0x56,0xFF,0xFF,0xFF,0xA4,0x00,0x00,0x00,0x00,0x00,0x00,0x00,0x9E,0xFF,0xFF,0xFF,0x5C,0xB5,
  0xFF,0xFF,0xFF,0x64,0x00,0x00,0x00,0x00,0x00,0x00,0x00,0x5D,0xFF,0xFF,0xFF,0xBC,0x00,0x00,0x00,0x00,
  0xA8,0xF2,0x43,0x07,0x10,0x7D,0xFF,0x57,0x00,0x00,0x00,0x00,0x00,0x00,0x4D,0xFF,0xFF,0xFF,0xFF,0xFF,
  0xE8,0x13,0x00,0x00,0x00,0x00,0x00,0x00,0x00,0x59,0xCD,0xF4,0xEA,0xB3,0x2E,0x00,0x00,0x00,0x00,0x00,
  0x00,0x00,0x00,0x00,0x00,0x00,0x00,0x00,0x00,0x00,0x00,0x00,0x00,0x00,0x00,0x00,0x00,0x00,0x00,0x00,
  0x00,0x00,0x00,0x00,0x00,0x00,0x00,0x00,0x26,0x72,0xB9,0xE4,0xF9,0xF9,0xE9,0xC1,0x78,0x0E,0x00,0x00,
  0x00,0x00,0xFF,0xFF,0xFF,0xFF,0xFF,0xFF,0xFF,0xFF,0xFF,0xE2,0x1F,0x00,0x00,0x00,0xCF,0x6E,0x32,0x16,
  0x06,0x1E,0x7D,0xFE,0xFF,0xFF,0xAC,0x00,0x00,0x00,0x00,0x00,0x00,0x00,0x00,0x00,0x00,0xD3,0xFF,0xFF,
  0xF6,0x03,0x00,0x00,0x19,0x84,0xC7,0xEC,0xFA,0xFF,0xFF,0xFF,0xFF,0xFF,0xFF,0x16,0x00,0x31,0xEE,0xFF,
  0xFF,0xFF,0xFF,0xFF,0xFF,0xFF,0xFF,0xFF,0xFF,0x1C,0x00,0xC1,0xFF,0xFF,0xFF,0x8D,0x18,0x00,0x00,0xC7,
  0xFF,0xFF,0xFF,0x1C,0x02,0xFC,0xFF,0xFF,0xEB,0x01,0x00,0x00,0x00,0xE5,0xFF,0xFF,0xFF,0x1C,0x04,0xFE,
  0xFF,0xFF,0xE6,0x00,0x00,0x00,0x40,0xFF,0xFF,0xFF,0xFF,0x1C,0x00,0xCB,0xFF,0xFF,0xFF,0x71,0x0C,0x3D,
  0xE2,0xFF,0xFF,0xFF,0xFF,0x1C,0x00,0x41,0xFB,0xFF,0xFF,0xFF,0xFF,0xFF,0xC0,0xCB,0xFF,0xFF,0xFF,0x1C,
  0x00,0x00,0x39,0xB8,0xF2,0xF7,0xD6,0x7C,0x06,0xC4,0xFF,0xFF,0xFF,0x1C,0x00,0x00,0xC8,0xFF,0xFF,0xFF,
  0xFF,0xFA,0xF2,0xE1,0xC4,0x95,0x43,0x00,0x00,0x00,0x00,0x00,0x00,0x00,0xC8,0xFF,0xFF,0xFF,0xFF,0xFF,
  0xFF,0xFF,0xFF,0xFF,0xFF,0xD3,0x30,0x00,0x00,0x00,0x00,0x00,0xC8,0xFF,0xFF,0xFF,0x5C,0x00,0x0E,0x3A,
  0x9D,0xFE,0xFF,0xFF,0xF8,0x49,0x00,0x00,0x00,0x00,0xC8,0xFF,0xFF,0xFF,0x5C,0x00,0x00,0x00,0x00,0x61,
  0xFF,0xFF,0xFF,0xF1,0x1D,0x00,0x00,0x00,0xC8,0xFF,0xFF,0xFF,0x5C,0x00,0x00,0x00,0x00,0x00,0xAF,0xFF,
  0xFF,0xFF,0x99,0x00,0x00,0x00,0xC8,0xFF,0xFF,0xFF,0x5C,0x00,0x00,0x00,0x00,0x00,0x49,0xFF,0xFF,0xFF,
  0xEF,0x03,0x00,0x00,0xC8,0xFF,0xFF,0xFF,0x5C,0x00,0x00,0x00,0x00,0x00,0x12,0xFF,0xFF,0xFF,0xFF,0x2E,
  0xA4,0xFF,0xFF,0xFF,0xFF,0xFF,0xFF,0xFF,0xE4,0x00,0x00,0x00,0x00,0xFB,0xFF,0xFF,0xFF,0x45,0xA4,0xFF,
  0xFF,0xFF,0xFF,0xFF,0xFF,0xFF,0xE4,0x00,0x00,0x00,0x00,0xFB,0xFF,0xFF,0xFF,0x44,0x00,0x00,0xC8,0xFF,
  0xFF,0xFF,0x5C,0x00,0x00,0x00,0x00,0x00,0x13,0xFF,0xFF,0xFF,0xFF,0x2D,0x00,0x00,0xC8,0xFF,0xFF,0xFF,
  0x5C,0x00,0x00,0x00,0x00,0x00,0x4A,0xFF,0xFF,0xFF,0xEF,0x03,0x00,0x00,0xC8,0xFF,0xFF,0xFF,0x5C,0x00,
  0x00,0x00,0x00,0x00,0xB0,0xFF,0xFF,0xFF,0x99,0x00,0x00,0x00,0xC8,0xFF,0xFF,0xFF,0x5C,0x00,0x00,0x00,
  0x00,0x60,0xFF,0xFF,0xFF,0xF1,0x1D,0x00,0x00,0x00,0xC8,0xFF,0xFF,0xFF,0x5C,0x00,0x0D,0x39,0x9D,0xFE,
  0xFF,0xFF,0xF8,0x49,0x00,0x00,0x00,0x00,0xC8,0xFF,0xFF,0xFF,0xFF,0xFF,0xFF,0xFF,0xFF,0xFF,0xFF,0xD3,
  0x30,0x00,0x00,0x00,0x00,0x00,0xC8,0xFF,0xFF,0xFF,0xFF,0xFC,0xF3,0xE2,0xC6,0x98,0x45,0x01,0x00,0x00,
  0x00,0x00,0x00,0x00,0x00,0x00,0x00,0x00,0x00,0x00,0x00,0x00,0xF8,0xFF,0xFF,0xE8,0x00,0x00,0x00,0x00,
  0x00,0x00,0x00,0x00,0x00,0x00,0x00,0x00,0xF8,0xFF,0xFF,0xE8,0x00,0x00,0x00,0x00,0x00,0x00,0x00,0x00,
  0x78,0xFF,0xFF,0xFF,0xFF,0xFF,0xFF,0xFF,0xFF,0x90,0x00,0x00,0x00,0x00,0x00,0x00,0x78,0xFF,0xFF,0xFF,
  0xFF,0xFF,0xFF,0xFF,0xFF,0x90,0x00,0x00,0x00,0x00,0x00,0x00,0x00,0x00,0x00,0x00,0xF8,0xFF,0xFF,0xE8,
  0x00,0x00,0x00,0x00,0x00,0x40,0xBA,0xF1,0xF4,0xC7,0x58,0x00,0xF8,0xFF,0xFF,0xE8,0x00,0x00,0x00,0x00,
  0x63,0xFE,0xFF,0xFF,0xFF,0xFF,0xFF,0x8E,0xF8,0xFF,0xFF,0xE8,0x00,0x00,0x00,0x29,0xF9,0xFF,0xFF,0xEA,
  0x41,0x07,0x42,0xEC,0xFF,0xFF,0xFF,0xE8,0x00,0x00,0x00,0x9A,0xFF,0xFF,0xFF,0x6D,0x00,0x00,0x00,0x71,
  0xFF,0xFF,0xFF,0xE8,0x00,0x00,0x00,0xDE,0xFF,0xFF,0xFF,0x1E,0x00,0x00,0x00,0x1F,0xFF,0xFF,0xFF,0xE8,
  0x00,0x00,0x00,0xFA,0xFF,0xFF,0xFE,0x05,0x00,0x00,0x00,0x05,0xFE,0xFF,0xFF,0xE8,0x00,0x00,0x00,0xFA,
  0xFF,0xFF,0xFE,0x04,0x00,0x00,0x00,0x05,0xFE,0xFF,0xFF,0xE8,0x00,0x00,0x00,0xDE,0xFF,0xFF,0xFF,0x1E,
  0x00,0x00,0x00,0x1F,0xFF,0xFF,0xFF,0xE8,0x00,0x00,0x00,0x9A,0xFF,0xFF,0xFF,0x6C,0x00,0x00,0x00,0x6F,
  0xFF,0xFF,0xFF,0xE8,0x00,0x00,0x00,0x2A,0xFA,0xFF,0xFF,0xE9,0x3F,0x06,0x40,0xEB,0xFF,0xFF,0xFF,0xE8,
  0x00,0x00,0x00,0x00,0x66,0xFE,0xFF,0xFF,0xFF,0xFF,0xFF,0x8F,0xF8,0xFF,0xFF,0xE8,0x00,0x00,0x00,0x00,
  0x00,0x42,0xBC,0xF2,0xF4,0xC8,0x5A,0x00,0xF8,0xFF,0xFF,0xE8,0x00,0x00,0x09,0xAE,0xF4,0xC8,0x5A,0x12,
  0xD5,0xC4,0x6C,0xFF,0xFF,0xFF,0xFF,0xFF,0xFF,0x94,0x9D,0xF2,0x17,0x4D,0xBC,0xF6,0xC5,0x19,0x00,0x00,
  0x00,0x00,0x00,0x00,0x00,0x00,0x00,0x00,0x00,0x00,0x00,0x00,0x00,0x00,0x00,0x00,0xFC,0xFF,0xFF,0xFF,
  0x28,0x00,0x00,0x00,0xFC,0xFF,0xFF,0xFF,0x28,0x00,0x00,0x00,0xFC,0xFF,0xFF,0xFF,0x28,0x00,0x00,0x00,
  0xFC,0xFF,0xFF,0xFF,0x28,0x00,0x00,0x00,0xFC,0xFF,0xFF,0xFF,0x28,0x00,0x00,0x00,0xFC,0xFF,0xFF,0xFF,
  0x28,0x00,0x00,0x00,0xFC,0xFF,0xFF,0xFF,0x28,0x00,0x00,0x00,0xFC,0xFF,0xFF,0xFF,0x28,0x00,0x00,0x00,
  0xFC,0xFF,0xFF,0xFF,0x28,0x00,0x00,0x00,0xFC,0xFF,0xFF,0xFF,0x28,0x00,0x00,0x00,0xFC,0xFF,0xFF,0xFF,
  0x28,0x00,0x00,0x00,0xFC,0xFF,0xFF,0xFF,0x28,0x00,0x00,0x00,0xFC,0xFF,0xFF,0xFF,0x28,0x00,0x00,0x00,
  0xFC,0xFF,0xFF,0xFF,0x28,0x00,0x00,0x00,0xFC,0xFF,0xFF,0xFF,0x28,0x00,0x00,0x00,0xFC,0xFF,0xFF,0xFF,
  0x28,0x00,0x1D,0xD3,0xE4,0x52,0x00,0x03,0xF7,0x71,0x93,0xFF,0xFF,0xFD,0x69,0x44,0xFF,0x5D,0xD7,0xC2,
  0x20,0xCB,0xFF,0xFF,0xFD,0x1A,0xE6,0x85,0x00,0x0E,0xAF,0xF4,0x7D,0x00,0x00,0x00,0x00,0x00,0x00,0x00,
  0x00,0x00,0x00,0x00,0x00,0x00,0x00,0x00,0x00,0x00,0x00,0x28,0xFF,0xFF,0xFF,0xB0,0x00,0x00,0x00,0x28,
  0xFF,0xFF,0xFF,0xB0,0x00,0x00,0x00,0x28,0xFF,0xFF,0xFF,0xB0,0x00,0x00,0x00,0x28,0xFF,0xFF,0xFF,0xB0,
  0x00,0x00,0x00,0x28,0xFF,0xFF,0xFF,0xB0,0x00,0x00,0x00,0x28,0xFF,0xFF,0xFF,0xB0,0x00,0x00,0x00,0x28,
  0xFF,0xFF,0xFF,0xB0,0x00,0x00,0x00,0x28,0xFF,0xFF,0xFF,0xB0,0x00,0x00,0x00,0x28,0xFF,0xFF,0xFF,0xB0,
  0x00,0x00,0x00,0x28,0xFF,0xFF,0xFF,0xB0,0x00,0x00,0x00,0x28,0xFF,0xFF,0xFF,0xB0,0x00,0x00,0x00,0x28,
  0xFF,0xFF,0xFF,0xB0,0x00,0x00,0x00,0x00,0x00,0x18,0xC3,0xF4,0xBA,0x46,0x19,0xF3,0x9C,0x00,0x00,0x00,
  0x00,0x00,0x00,0x94,0xFF,0xFF,0xFF,0xFF,0xFF,0xFF,0x6C,0x00,0x00,0x00,0x00,0x00,0x00,0xC5,0xD4,0x12,
  0x5E,0xCB,0xF6,0xB0,0x09,0x00,0x00,0x00,0x00,0x00,0x00,0x00,0x00,0x00,0x00,0x00,0x00,0x00,0x00,0x00,
  0x00,0x00,0x00,0x00,0x00,0x00,0x00,0x00,0x00,0x00,0x00,0x00,0x00,0x00,0x00,0x00,0xFC,0xFF,0xFF,0xFF,
  0x28,0x00,0x00,0x00,0x00,0x4C,0xFF,0xFF,0xFF,0xD8,0xFC,0xFF,0xFF,0xFF,0x28,0x00,0x00,0x00,0x00,0x4C,
  0xFF,0xFF,0xFF,0xD8,0xFC,0xFF,0xFF,0xFF,0x28,0x00,0x00,0x00,0x00,0x4C,0xFF,0xFF,0xFF,0xD8,0xFC,0xFF,
  0xFF,0xFF,0x28,0x00,0x00,0x00,0x00,0x4C,0xFF,0xFF,0xFF,0xD8,0xFC,0xFF,0xFF,0xFF,0x28,0x00,0x00,0x00,
  0x00,0x4C,0xFF,0xFF,0xFF,0xD8,0xFC,0xFF,0xFF,0xFF,0x28,0x00,0x00,0x00,0x00,0x4C,0xFF,0xFF,0xFF,0xD8,
  0xFC,0xFF,0xFF,0xFF,0x28,0x00,0x00,0x00,0x00,0x4C,0xFF,0xFF,0xFF,0xD8,0xFC,0xFF,0xFF,0xFF,0x28,0x00,
  0x00,0x00,0x00,0x4C,0xFF,0xFF,0xFF,0xD8,0xFC,0xFF,0xFF,0xFF,0x28,0x00,0x00,0x00,0x00,0x4C,0xFF,0xFF,
  0xFF,0xD8,0xFC,0xFF,0xFF,0xFF,0x28,0x00,0x00,0x00,0x00,0x4C,0xFF,0xFF,0xFF,0xD8,0xF4,0xFF,0xFF,0xFF,
  0x2C,0x00,0x00,0x00,0x00,0x50,0xFF,0xFF,0xFF,0xCF,0xDB,0xFF,0xFF,0xFF,0x41,0x00,0x00,0x00,0x00,0x67,
  0xFF,0xFF,0xFF,0xB6,0x9A,0xFF,0xFF,0xFF,0x83,0x00,0x00,0x00,0x00,0xAA,0xFF,0xFF,0xFF,0x75,0x28,0xF9,
  0xFF,0xFF,0xF5,0x60,0x13,0x19,0x78,0xFD,0xFF,0xFF,0xEA,0x10,0x00,0x51,0xF2,0xFF,0xFF,0xFF,0xFF,0xFF,
  0xFF,0xFF,0xFF,0xE5,0x35,0x00,0x00,0x00,0x1A,0x7E,0xC2,0xEA,0xFA,0xF8,0xE6,0xBA,0x70,0x0F,0x00,0x00,
  0x00,0x00,0x00,0x00,0x9E,0xF1,0x90,0x05,0x00,0xA9,0xC3,0x00,0x00,0x00,0x00,0x00,0x3F,0xFF,0xFF,0xFF,
  0xB0,0x19,0xE3,0xB1,0x00,0x00,0x00,0x00,0x00,0x83,0xFB,0x24,0x8D,0xFF,0xFF,0xFF,0x6C,0x00,0x00,0x00,
  0x00,0x00,0x95,0xD7,0x00,0x00,0x75,0xEE,0xC0,0x0B,0x00,0x00,0x00,0x00,0x00,0x00,0x00,0x00,0x00,0x00,
  0x00,0x00,0x00,0x00,0x00,0x00,0x00,0x00,0x00,0x00,0x00,0x00,0x00,0x00,0x00,0x00,0x00,0x00,0x48,0xFF,
  0xFF,0xFF,0x98,0x00,0x00,0x00,0x08,0xFF,0xFF,0xFF,0xD0,0x48,0xFF,0xFF,0xFF,0x97,0x00,0x00,0x00,0x08,
  0xFF,0xFF,0xFF,0xD0,0x48,0xFF,0xFF,0xFF,0x96,0x00,0x00,0x00,0x08,0xFF,0xFF,0xFF,0xD0,0x48,0xFF,0xFF,
  0xFF,0x94,0x00,0x00,0x00,0x08,0xFF,0xFF,0xFF,0xD0,0x48,0xFF,0xFF,0xFF,0x92,0x00,0x00,0x00,0x08,0xFF,
  0xFF,0xFF,0xD0,0x48,0xFF,0xFF,0xFF,0x90,0x00,0x00,0x00,0x08,0xFF,0xFF,0xFF,0xD0,0x48,0xFF,0xFF,0xFF,
  0x91,0x00,0x00,0x00,0x0F,0xFF,0xFF,0xFF,0xD0,0x47,0xFF,0xFF,0xFF,0x98,0x00,0x00,0x00,0x2A,0xFF,0xFF,
  0xFF,0xD0,0x3A,0xFF,0xFF,0xFF,0xB3,0x00,0x00,0x00,0x7D,0xFF,0xFF,0xFF,0xD0,0x0C,0xF7,0xFF,0xFF,0xF8,
  0x4F,0x0F,0x58,0xF4,0xFF,0xFF,0xFF,0xD0,0x00,0x82,0xFF,0xFF,0xFF,0xFF,0xFF,0xFF,0x7E,0xFF,0xFF,0xFF,
  0xD0,0x00,0x00,0x67,0xCF,0xF7,0xF2,0xBC,0x44,0x08,0xFF,0xFF,0xFF,0xD0,0x00,0x00,0x00,0x00,0x00,0x00,
  0x00,0x00,0x00,0x00,0x00,0x00,0x00,0x00,0x00,0x08,0x68,0x3A,0x00,0x00,0x00,0x00,0x40,0x99,0xD4,0xEE,
  0xFA,0xEB,0xCC,0x8E,0x2B,0x00,0x00,0x00,0xE7,0xAE,0x00,0x00,0x18,0xBC,0xFF,0xFF,0xFF,0xFF,0xFF,0xFF,
  0xFF,0xFF,0xFE,0xC9,0x0D,0x00,0xDD,0xC2,0x00,0x15,0xDF,0xFF,0xFF,0xFF,0x92,0x23,0x07,0x30,0xB1,0xFF,
  0xFF,0xFF,0xFF,0xB5,0xFF,0xAB,0x00,0xB5,0xFF,0xFF,0xFF,0x8F,0x00,0x00,0x00,0x00,0x02,0xBC,0xFF,0xFF,
  0xFF,0xFF,0xF6,0x3F,0x34,0xFF,0xFF,0xFF,0xF5,0x0E,0x00,0x00,0x00,0x00,0x00,0x33,0xFF,0xFF,0xFF,0xFF,
  0x20,0x00,0x84,0xFF,0xFF,0xFF,0xB4,0x00,0x00,0x00,0x00,0x00,0x00,0x00,0xE1,0xFF,0xFF,0xFF,0x53,0x00,
  0xB9,0xFF,0xFF,0xFF,0x87,0x00,0x00,0x00,0x00,0x00,0x00,0x00,0xB5,0xFF,0xFF,0xFF,0x88,0x00,0xCE,0xFF,
  0xFF,0xFF,0x75,0x00,0x00,0x00,0x00,0x00,0x00,0x00,0xA2,0xFF,0xFF,0xFF,0x9E,0x00,0xCF,0xFF,0xFF,0xFF,
  0x75,0x00,0x00,0x00,0x00,0x00,0x00,0x00,0xA3,0xFF,0xFF,0xFF,0x9D,0x00,0xB9,0xFF,0xFF,0xFF,0x87,0x00,
  0x00,0x00,0x00,0x00,0x00,0x00,0xB5,0xFF,0xFF,0xFF,0x88,0x00,0x84,0xFF,0xFF,0xFF,0xB4,0x00,0x00,0x00,
  0x00,0x00,0x00,0x00,0xE1,0xFF,0xFF,0xFF,0x53,0x00,0x34,0xFF,0xFF,0xFF,0xF5,0x0E,0x00,0x00,0x00,0x00,
  0x00,0x32,0xFF,0xFF,0xFF,0xF3,0x10,0x00,0x00,0xB5,0xFF,0xFF,0xFF,0x8C,0x00,0x00,0x00,0x00,0x02,0xBA,
  0xFF,0xFF,0xFF,0x84,0x00,0x00,0x00,0x16,0xE0,0xFF,0xFF,0xFF,0x90,0x21,0x06,0x2E,0xAF,0xFF,0xFF,0xFF,
  0xC0,0x05,0x00,0x00,0x00,0x00,0x18,0xBC,0xFF,0xFF,0xFF,0xFF,0xFF,0xFF,0xFF,0xFF,0xFE,0x9D,0x09,0x00,
  0x00,0x00,0x00,0x00,0x00,0x00,0x40,0x9A,0xD5,0xEF,0xFB,0xEC,0xCC,0x8E,0x2C,0x00,0x00,0x00,0x00,0x00,
  0x00,0x00,0x00,0x00,0x00,0x00,0x00,0x00,0x00,0x00,0x00,0x00,0x1D,0x68,0x25,0x00,0x00,0x00,0x00,0x00,
  0x00,0x00,0x00,0x00,0x00,0x00,0x00,0x1B,0xFF,0x7A,0x00,0x00,0x0C,0x6E,0xBD,0xEA,0xFA,0xF0,0xCF,0x8B,
  0x51,0x00,0x12,0xFF,0x8E,0x00,0x2D,0xDE,0xFF,0xFF,0xFF,0xFF,0xFF,0xFF,0xFF,0xFF,0xFF,0xC4,0xFF,0x77,
  0x11,0xE5,0xFF,0xFF,0xF4,0x51,0x07,0x2E,0xD5,0xFF,0xFF,0xFF,0xFF,0xE6,0x1C,0x80,0xFF,0xFF,0xFF,0x83,
  0x00,0x00,0x00,0x40,0xFF,0xFF,0xFF,0xEE,0x08,0x00,0xCD,0xFF,0xFF,0xFF,0x30,0x00,0x00,0x00,0x00,0xEC,
  0xFF,0xFF,0xFE,0x15,0x00,0xED,0xFF,0xFF,0xFF,0x14,0x00,0x00,0x00,0x00,0xD1,0xFF,0xFF,0xFF,0x35,0x00,
  0xEE,0xFF,0xFF,0xFF,0x14,0x00,0x00,0x00,0x00,0xD1,0xFF,0xFF,0xFF,0x34,0x00,0xCD,0xFF,0xFF,0xFF,0x30,
  0x00,0x00,0x00,0x00,0xEC,0xFF,0xFF,0xFF,0x16,0x00,0x80,0xFF,0xFF,0xFF,0x83,0x00,0x00,0x00,0x40,0xFF,
  0xFF,0xFF,0xC8,0x00,0x00,0x11,0xE5,0xFF,0xFF,0xF4,0x50,0x07,0x2D,0xD4,0xFF,0xFF,0xFD,0x42,0x00,0x00,
  0x00,0x2D,0xDE,0xFF,0xFF,0xFF,0xFF,0xFF,0xFF,0xFF,0xF6,0x5D,0x00,0x00,0x00,0x00,0x00,0x0C,0x6F,0xBF,
  0xEB,0xFB,0xF2,0xD0,0x8C,0x21,0x00,0x00,0x00,0x00,0x00,0x00,0x00,0x00,0x00,0x00,0x00,0x00,0x00,0x00,
  0x00,0x00,0x00,0x00,0x37,0x68,0x0B,0xFF,0xFF,0xFF,0xFF,0x24,0x00,0x00,0x00,0x00,0x50,0xFF,0xFF,0xFF,
  0xD4,0x5B,0xFF,0x3A,0xFF,0xFF,0xFF,0xFF,0x24,0x00,0x00,0x00,0x00,0x50,0xFF,0xFF,0xFF,0xD4,0x52,0xFF,
  0x4E,0xFF,0xFF,0xFF,0xFF,0x24,0x00,0x00,0x00,0x00,0x50,0xFF,0xFF,0xFF,0xFF,0xDD,0xFF,0x37,0xFF,0xFF,
  0xFF,0xFF,0x24,0x00,0x00,0x00,0x00,0x50,0xFF,0xFF,0xFF,0xFF,0xFF,0xC0,0x01,0xFF,0xFF,0xFF,0xFF,0x24,
  0x00,0x00,0x00,0x00,0x50,0xFF,0xFF,0xFF,0xDE,0x24,0x02,0x00,0xFF,0xFF,0xFF,0xFF,0x24,0x00,0x00,0x00,
  0x00,0x50,0xFF,0xFF,0xFF,0xD4,0x00,0x00,0x00,0xFF,0xFF,0xFF,0xFF,0x24,0x00,0x00,0x00,0x00,0x50,0xFF,
  0xFF,0xFF,0xD4,0x00,0x00,0x00,0xFF,0xFF,0xFF,0xFF,0x24,0x00,0x00,0x00,0x00,0x50,0xFF,0xFF,0xFF,0xD4,
  0x00,0x00,0x00,0xFF,0xFF,0xFF,0xFF,0x24,0x00,0x00,0x00,0x00,0x50,0xFF,0xFF,0xFF,0xD4,0x00,0x00,0x00,
  0xFF,0xFF,0xFF,0xFF,0x24,0x00,0x00,0x00,0x00,0x50,0xFF,0xFF,0xFF,0xD4,0x00,0x00,0x00,0xF8,0xFF,0xFF,
  0xFF,0x28,0x00,0x00,0x00,0x00,0x54,0xFF,0xFF,0xFF,0xCB,0x00,0x00,0x00,0xDF,0xFF,0xFF,0xFF,0x3D,0x00,
  0x00,0x00,0x00,0x6B,0xFF,0xFF,0xFF,0xB2,0x00,0x00,0x00,0x9E,0xFF,0xFF,0xFF,0x7F,0x00,0x00,0x00,0x00,
  0xAE,0xFF,0xFF,0xFF,0x71,0x00,0x00,0x00,0x2B,0xFA,0xFF,0xFF,0xF4,0x5E,0x12,0x1A,0x7B,0xFE,0xFF,0xFF,
  0xE8,0x0E,0x00,0x00,0x00,0x00,0x53,0xF3,0xFF,0xFF,0xFF,0xFF,0xFF,0xFF,0xFF,0xFF,0xE3,0x33,0x00,0x00,
  0x00,0x00,0x00,0x00,0x1B,0x7F,0xC3,0xEB,0xFA,0xF8,0xE6,0xB9,0x6E,0x0E,0x00,0x00,0x00,0x00,0x00,0x00,
  0x00,0x00,0x00,0x00,0x00,0x00,0x00,0x00,0x00,0x00,0x00,0x00,0x4C,0x5E,0x00,0x00,0x00,0x00,0x00,0x00,
  0x00,0x00,0x00,0x00,0x00,0x00,0x00,0x00,0x8F,0xFD,0x08,0x58,0xFF,0xFF,0xFF,0x88,0x00,0x00,0x00,0x18,
  0xFF,0xFF,0xFF,0xC0,0x86,0xFF,0x1A,0x58,0xFF,0xFF,0xFF,0x87,0x00,0x00,0x00,0x18,0xFF,0xFF,0xFF,0xFF,
  0xF0,0xFB,0x07,0x58,0xFF,0xFF,0xFF,0x86,0x00,0x00,0x00,0x18,0xFF,0xFF,0xFF,0xFF,0xFF,0x8E,0x00,0x58,
  0xFF,0xFF,0xFF,0x84,0x00,0x00,0x00,0x18,0xFF,0xFF,0xFF,0xD2,0x1F,0x00,0x00,0x58,0xFF,0xFF,0xFF,0x82,
  0x00,0x00,0x00,0x18,0xFF,0xFF,0xFF,0xC0,0x00,0x00,0x00,0x58,0xFF,0xFF,0xFF,0x80,0x00,0x00,0x00,0x18,
  0xFF,0xFF,0xFF,0xC0,0x00,0x00,0x00,0x58,0xFF,0xFF,0xFF,0x81,0x00,0x00,0x00,0x1F,0xFF,0xFF,0xFF,0xC0,
  0x00,0x00,0x00,0x57,0xFF,0xFF,0xFF,0x88,0x00,0x00,0x00,0x3A,0xFF,0xFF,0xFF,0xC0,0x00,0x00,0x00,0x4A,
  0xFF,0xFF,0xFF,0xA3,0x00,0x00,0x00,0x8D,0xFF,0xFF,0xFF,0xC0,0x00,0x00,0x00,0x17,0xFC,0xFF,0xFF,0xF3,
  0x46,0x10,0x61,0xF8,0xFF,0xFF,0xFF,0xC0,0x00,0x00,0x00,0x00,0x92,0xFF,0xFF,0xFF,0xFF,0xFF,0xFE,0x80,
  0xFF,0xFF,0xFF,0xC0,0x00,0x00,0x00,0x00,0x02,0x70,0xD3,0xF9,0xF0,0xB7,0x3C,0x18,0xFF,0xFF,0xFF,0xC0,
  0x00,0x00,0x00,0x00,0x00,0x00,0x00,0x00,0x24,0xFF,0xFF,0xFF,0xFF,0xFF,0x2B,0x00,0x00,0x00,0x00,0x00,
  0x00,0x00,0x00,0x00,0x00,0x83,0xFF,0xFF,0xFF,0xFF,0xFF,0x89,0x00,0x00,0x00,0x00,0x00,0x00,0x00,0x00,
  0x00,0x01,0xE0,0xFF,0xFF,0xFF,0xFF,0xFF,0xE5,0x03,0x00,0x00,0x00,0x00,0x00,0x00,0x00,0x00,0x41,0xFF,
  0xFF,0xFF,0xF8,0xFF,0xFF,0xFF,0x47,0x00,0x00,0x00,0x00,0x00,0x00,0x00,0x00,0xA0,0xFF,0xFF,0xFF,0x71,
  0xFF,0xFF,0xFF,0xA6,0x00,0x00,0x00,0x00,0x00,0x00,0x00,0x0B,0xF3,0xFF,0xFF,0xE1,0x01,0xDB,0xFF,0xFF,
  0xF6,0x0F,0x00,0x00,0x00,0x00,0x00,0x00,0x5E,0xFF,0xFF,0xFF,0x89,0x00,0x83,0xFF,0xFF,0xFF,0x64,0x00,
  0x00,0x00,0x00,0x00,0x00,0xBD,0xFF,0xFF,0xFF,0x2F,0x00,0x2A,0xFF,0xFF,0xFF,0xC3,0x00,0x00,0x00,0x00,
  0x00,0x1D,0xFD,0xFF,0xFF,0xD6,0x00,0x00,0x00,0xD1,0xFF,0xFF,0xFF,0x23,0x00,0x00,0x00,0x00,0x7B,0xFF,
  0xFF,0xFF,0x7C,0x00,0x00,0x00,0x78,0xFF,0xFF,0xFF,0x81,0x00,0x00,0x00,0x00,0xD9,0xFF,0xFF,0xFF,0xFF,
  0xFF,0xFF,0xFF,0xFF,0xFF,0xFF,0xFF,0xDF,0x01,0x00,0x00,0x39,0xFF,0xFF,0xFF,0xFF,0xFF,0xFF,0xFF,0xFF,
  0xFF,0xFF,0xFF,0xFF,0xFF,0x3F,0x00,0x00,0x98,0xFF,0xFF,0xFF,0x26,0x00,0x00,0x00,0x00,0x00,0x20,0xFF,
  0xFF,0xFF,0x9E,0x00,0x07,0xEF,0xFF,0xFF,0xE5,0x00,0x00,0x00,0x00,0x00,0x00,0x00,0xDF,0xFF,0xFF,0xF3,
  0x0A,0x56,0xFF,0xFF,0xFF,0xA4,0x00,0x00,0x00,0x00,0x00,0x00,0x00,0x9E,0xFF,0xFF,0xFF,0x5C,0xB5,0xFF,
  0xFF,0xFF,0x64,0x00,0x00,0x00,0x00,0x00,0x00,0x00,0x5D,0xFF,0xFF,0xFF,0xBC,0x00,0x00,0x00,0x00,0x00,
  0x00,0x00,0x00,0x00,0x00,0x00,0x00,0x00,0x00,0x00,0x00,0x00,0x00,0x00,0x00,0x00,0x00,0x00,0x0F,0x78,
  0x78,0x78,0x56,0x00,0x00,0x00,0x00,0x00,0x00,0x00,0x00,0x00,0x00,0x00,0x00,0x20,0xFF,0xFF,0xFF,0xB8,
  0x00,0x00,0x00,0x00,0x00,0x00,0x00,0x00,0x00,0x00,0x00,0x00,0x20,0xFF,0xFF,0xFF,0xB8,0x00,0x00,0x00,
  0x00,0x00,0x00,0x00,0x00,0x00,0x00,0x00,0x00,0x15,0xAC,0xAC,0xAC,0x7B,0x00,0x00,0x00,0x00,0x00,0x00,
  0x00,0x00,0x26,0x72,0xB9,0xE4,0xF9,0xF9,0xE9,0xC1,0x78,0x0E,0x00,0x00,0x00,0x00,0xFF,0xFF,0xFF,0xFF,
  0xFF,0xFF,0xFF,0xFF,0xFF,0xE2,0x1F,0x00,0x00,0x00,0xCF,0x6E,0x32,0x16,0x06,0x1E,0x7D,0xFE,0xFF,0xFF,
  0xAC,0x00,0x00,0x00,0x00,0x00,0x00,0x00,0x00,0x00,0x00,0xD3,0xFF,0xFF,0xF6,0x03,0x00,0x00,0x19,0x84,
  0xC7,0xEC,0xFA,0xFF,0xFF,0xFF,0xFF,0xFF,0xFF,0x16,0x00,0x31,0xEE,0xFF,0xFF,0xFF,0xFF,0xFF,0xFF,0xFF,
  0xFF,0xFF,0xFF,0x1C,0x00,0xC1,0xFF,0xFF,0xFF,0x8D,0x18,0x00,0x00,0xC7,0xFF,0xFF,0xFF,0x1C,0x02,0xFC,
  0xFF,0xFF,0xEB,0x01,0x00,0x00,0x00,0xE5,0xFF,0xFF,0xFF,0x1C,0x04,0xFE,0xFF,0xFF,0xE6,0x00,0x00,0x00,
  0x40,0xFF,0xFF,0xFF,0xFF,0x1C,0x00,0xCB,0xFF,0xFF,0xFF,0x71,0x0C,0x3D,0xE2,0xFF,0xFF,0xFF,0xFF,0x1C,
  0x00,0x41,0xFB,0xFF,0xFF,0xFF,0xFF,0xFF,0xC0,0xCB,0xFF,0xFF,0xFF,0x1C,0x00,0x00,0x39,0xB8,0xF2,0xF7,
  0xD6,0x7C,0x06,0xC4,0xFF,0xFF,0xFF,0x1C,0x00,0x00,0x00,0x00,0x00,0x00,0x00,0x00,0x00,0x00,0x00,0x00,
  0x00,0x00,0x00,0x00,0x00,0x00,0x01,0x78,0x78,0x78,0x63,0x00,0x00,0x00,0x00,0x00,0x00,0x00,0x00,0x00,
  0x04,0xFF,0xFF,0xFF,0xD4,0x00,0x00,0x00,0x00,0x00,0x00,0x00,0x00,0x00,0x04,0xFF,0xFF,0xFF,0xD4,0x00,
  0x00,0x00,0x00,0x00,0x00,0x00,0x00,0x00,0x02,0xAC,0xAC,0xAC,0x8E,0x00,0x00,0x00,0x00,0x00,0x00,0x00,
  0x00,0x00,0x00,0x03,0x47,0x76,0x85,0x69,0x16,0x00,0x00,0x00,0x00,0x00,0x00,0x00,0x00,0x00,0x00,0x00,
  0x1C,0xE3,0xA3,0x94,0xDC,0xE9,0x16,0x00,0x00,0x00,0x00,0x00,0x00,0x00,0x00,0x00,0x00,0x02,0x02,0x00,
  0x00,0x6B,0xFF,0x42,0x00,0x00,0x00,0x00,0x00,0x00,0x00,0x00,0x00,0x00,0x00,0x00,0x00,0x55,0xF6,0xD9,
  0x0B,0x00,0x00,0x00,0x00,0x00,0x00,0x00,0x00,0x00,0x00,0x00,0x00,0x22,0xFC,0xC9,0x12,0x00,0x00,0x00,
  0x00,0x00,0x00,0x00,0x00,0x00,0x00,0x00,0x00,0x00,0x1F,0x70,0x34,0x00,0x00,0x00,0x00,0x00,0x00,0x00,
  0x00,0x00,0x00,0x00,0x00,0x00,0x00,0x00,0x00,0x00,0x00,0x00,0x00,0x00,0x00,0x00,0x00,0x00,0x00,0x00,
  0x00,0x00,0x24,0xFF,0xFF,0xFF,0xFF,0xFF,0x2B,0x00,0x00,0x00,0x00,0x00,0x00,0x00,0x00,0x00,0x00,0x83,
  0xFF,0xFF,0xFF,0xFF,0xFF,0x89,0x00,0x00,0x00,0x00,0x00,0x00,0x00,0x00,0x00,0x01,0xE0,0xFF,0xFF,0xFF,
  0xFF,0xFF,0xE5,0x03,0x00,0x00,0x00,0x00,0x00,0x00,0x00,0x00,0x41,0xFF,0xFF,0xFF,0xF8,0xFF,0xFF,0xFF,
  0x47,0x00,0x00,0x00,0x00,0x00,0x00,0x00,0x00,0xA0,0xFF,0xFF,0xFF,0x71,0xFF,0xFF,0xFF,0xA6,0x00,0x00,
  0x00,0x00,0x00,0x00,0x00,0x0B,0xF3,0xFF,0xFF,0xE1,0x01,0xDB,0xFF,0xFF,0xF6,0x0F,0x00,0x00,0x00,0x00,
  0x00,0x00,0x5E,0xFF,0xFF,0xFF,0x89,0x00,0x83,0xFF,0xFF,0xFF,0x64,0x00,0x00,0x00,0x00,0x00,0x00,0xBD,
  0xFF,0xFF,0xFF,0x2F,0x00,0x2A,0xFF,0xFF,0xFF,0xC3,0x00,0x00,0x00,0x00,0x00,0x1D,0xFD,0xFF,0xFF,0xD6,
  0x00,0x00,0x00,0xD1,0xFF,0xFF,0xFF,0x23,0x00,0x00,0x00,0x00,0x7B,0xFF,0xFF,0xFF,0x7C,0x00,0x00,0x00,
  0x78,0xFF,0xFF,0xFF,0x81,0x00,0x00,0x00,0x00,0xD9,0xFF,0xFF,0xFF,0xFF,0xFF,0xFF,0xFF,0xFF,0xFF,0xFF,
  0xFF,0xDF,0x01,0x00,0x00,0x39,0xFF,0xFF,0xFF,0xFF,0xFF,0xFF,0xFF,0xFF,0xFF,0xFF,0xFF,0xFF,0xFF,0x3F,
  0x00,0x00,0x98,0xFF,0xFF,0xFF,0x26,0x00,0x00,0x00,0x00,0x00,0x20,0xFF,0xFF,0xFF,0x9E,0x00,0x07,0xEF,
  0xFF,0xFF,0xE5,0x00,0x00,0x00,0x00,0x00,0x00,0x00,0xDF,0xFF,0xFF,0xF3,0x0A,0x56,0xFF,0xFF,0xFF,0xA4,
  0x00,0x00,0x00,0x00,0x00,0x00,0x00,0x9E,0xFF,0xFF,0xFF,0x5C,0xB5,0xFF,0xFF,0xFF,0x64,0x00,0x00,0x00,
  0x00,0x00,0x00,0x00,0x5D,0xFF,0xFF,0xFF,0xBC,0x00,0x00,0x00,0x00,0x03,0x47,0x76,0x85,0x69,0x16,0x00,
  0x00,0x00,0x00,0x00,0x00,0x00,0x00,0x1C,0xE3,0xA3,0x94,0xDC,0xE9,0x16,0x00,0x00,0x00,0x00,0x00,0x00,
  0x00,0x02,0x02,0x00,0x00,0x6B,0xFF,0x42,0x00,0x00,0x00,0x00,0x00,0x00,0x00,0x00,0x00,0x00,0x55,0xF6,
  0xD9,0x0B,0x00,0x00,0x00,0x00,0x00,0x00,0x00,0x00,0x00,0x22,0xFC,0xC9,0x12,0x00,0x00,0x00,0x00,0x00,
  0x00,0x00,0x00,0x00,0x00,0x1F,0x70,0x34,0x00,0x00,0x00,0x00,0x00,0x00,0x00,0x00,0x00,0x00,0x00,0x00,
  0x00,0x00,0x00,0x00,0x00,0x00,0x00,0x00,0x00,0x26,0x72,0xB9,0xE4,0xF9,0xF9,0xE9,0xC1,0x78,0x0E,0x00,
  0x00,0x00,0x00,0xFF,0xFF,0xFF,0xFF,0xFF,0xFF,0xFF,0xFF,0xFF,0xE2,0x1F,0x00,0x00,0x00,0xCF,0x6E,0x32,
  0x16,0x06,0x1E,0x7D,0xFE,0xFF,0xFF,0xAC,0x00,0x00,0x00,0x00,0x00,0x00,0x00,0x00,0x00,0x00,0xD3,0xFF,
  0xFF,0xF6,0x03,0x00,0x00,0x19,0x84,0xC7,0xEC,0xFA,0xFF,0xFF,0xFF,0xFF,0xFF,0xFF,0x16,0x00,0x31,0xEE,
  0xFF,0xFF,0xFF,0xFF,0xFF,0xFF,0xFF,0xFF,0xFF,0xFF,0x1C,0x00,0xC1,0xFF,0xFF,0xFF,0x8D,0x18,0x00,0x00,
  0xC7,0xFF,0xFF,0xFF,0x1C,0x02,0xFC,0xFF,0xFF,0xEB,0x01,0x00,0x00,0x00,0xE5,0xFF,0xFF,0xFF,0x1C,0x04,
  0xFE,0xFF,0xFF,0xE6,0x00,0x00,0x00,0x40,0xFF,0xFF,0xFF,0xFF,0x1C,0x00,0xCB,0xFF,0xFF,0xFF,0x71,0x0C,
  0x3D,0xE2,0xFF,0xFF,0xFF,0xFF,0x1C,0x00,0x41,0xFB,0xFF,0xFF,0xFF,0xFF,0xFF,0xC0,0xCB,0xFF,0xFF,0xFF,
  0x1C,0x00,0x00,0x39,0xB8,0xF2,0xF7,0xD6,0x7C,0x06,0xC4,0xFF,0xFF,0xFF,0x1C,0x00,0x00,0x00,0x00,0x00,
  0x00,0x00,0x00,0x00,0x00,0x00,0x00,0x6B,0xFF,0xFF,0x79,0x00,0x00,0x00,0x00,0x00,0x00,0x00,0x00,0x00,
  0x00,0x00,0x00,0x29,0xF6,0xFF,0x74,0x00,0x00,0x00,0x00,0x00,0x00,0x00,0x00,0x00,0x00,0x00,0x00,0x06,
  0xCE,0xFF,0x6F,0x00,0x00,0x00,0x00,0x00,0x00,0x00,0x00,0x00,0x83,0xFF,0xFF,0xFF,0x99,0x00,0x00,0x00,
  0x00,0x00,0x00,0x00,0x00,0x00,0x00,0x00,0x4F,0xFE,0xEC,0x63,0xE3,0xFF,0x65,0x00,0x00,0x00,0x00,0x00,
  0x00,0x00,0x00,0x00,0x28,0xF1,0xD9,0x24,0x00,0x19,0xCC,0xF9,0x38,0x00,0x00,0x00,0x00,0x00,0x00,0x00,
  0x00,0x00,0x00,0x00,0x00,0x00,0x00,0x00,0x00,0x00,0x00,0x00,0x00,0x00,0x00,0x00,0x00,0x00,0x00,0x00,
  0x00,0x00,0x00,0x00,0x00,0x00,0x00,0x00,0x00,0x00,0x00,0x00,0x00,0x00,0x00,0x00,0x24,0xFF,0xFF,0xFF,
  0xFF,0xFF,0x2B,0x00,0x00,0x00,0x00,0x00,0x00,0x00,0x00,0x00,0x00,0x83,0xFF,0xFF,0xFF,0xFF,0xFF,0x89,
  0x00,0x00,0x00,0x00,0x00,0x00,0x00,0x00,0x00,0x01,0xE0,0xFF,0xFF,0xFF,0xFF,0xFF,0xE5,0x03,0x00,0x00,
  0x00,0x00,0x00,0x00,0x00,0x00,0x41,0xFF,0xFF,0xFF,0xF8,0xFF,0xFF,0xFF,0x47,0x00,0x00,0x00,0x00,0x00,
  0x00,0x00,0x00,0xA0,0xFF,0xFF,0xFF,0x71,0xFF,0xFF,0xFF,0xA6,0x00,0x00,0x00,0x00,0x00,0x00,0x00,0x0B,
  0xF3,0xFF,0xFF,0xE1,0x01,0xDB,0xFF,0xFF,0xF6,0x0F,0x00,0x00,0x00,0x00,0x00,0x00,0x5E,0xFF,0xFF,0xFF,
  0x89,0x00,0x83,0xFF,0xFF,0xFF,0x64,0x00,0x00,0x00,0x00,0x00,0x00,0xBD,0xFF,0xFF,0xFF,0x2F,0x00,0x2A,
  0xFF,0xFF,0xFF,0xC3,0x00,0x00,0x00,0x00,0x00,0x1D,0xFD,0xFF,0xFF,0xD6,0x00,0x00,0x00,0xD1,0xFF,0xFF,
  0xFF,0x23,0x00,0x00,0x00,0x00,0x7B,0xFF,0xFF,0xFF,0x7C,0x00,0x00,0x00,0x78,0xFF,0xFF,0xFF,0x81,0x00,
  0x00,0x00,0x00,0xD9,0xFF,0xFF,0xFF,0xFF,0xFF,0xFF,0xFF,0xFF,0xFF,0xFF,0xFF,0xDF,0x01,0x00,0x00,0x39,
  0xFF,0xFF,0xFF,0xFF,0xFF,0xFF,0xFF,0xFF,0xFF,0xFF,0xFF,0xFF,0xFF,0x3F,0x00,0x00,0x98,0xFF,0xFF,0xFF,
  0x26,0x00,0x00,0x00,0x00,0x00,0x20,0xFF,0xFF,0xFF,0x9E,0x00,0x07,0xEF,0xFF,0xFF,0xE5,0x00,0x00,0x00,
  0x00,0x00,0x00,0x00,0xDF,0xFF,0xFF,0xF3,0x0A,0x56,0xFF,0xFF,0xFF,0xA4,0x00,0x00,0x00,0x00,0x00,0x00,
  0x00,0x9E,0xFF,0xFF,0xFF,0x5C,0xB5,0xFF,0xFF,0xFF,0x64,0x00,0x00,0x00,0x00,0x00,0x00,0x00,0x5D,0xFF,
  0xFF,0xFF,0xBC,0x00,0x00,0x00,0x00,0x00,0x00,0x00,0x00,0x00,0x00,0x1E,0xF0,0xFF,0xC6,0x0E,0x00,0x00,
  0x00,0x00,0x00,0x00,0x00,0x00,0x00,0x02,0xC1,0xFF,0xC2,0x0C,0x00,0x00,0x00,0x00,0x00,0x00,0x00,0x00,
  0x00,0x00,0x79,0xFF,0xBF,0x0B,0x00,0x00,0x00,0x00,0x00,0x00,0x30,0xF6,0xFF,0xFF,0xE0,0x14,0x00,0x00,
  0x00,0x00,0x00,0x00,0x00,0x00,0x13,0xDF,0xFF,0x87,0xAC,0xFF,0xBD,0x03,0x00,0x00,0x00,0x00,0x00,0x00,
  0x03,0xBB,0xFA,0x5F,0x00,0x01,0x89,0xFF,0x8D,0x00,0x00,0x00,0x00,0x00,0x00,0x00,0x00,0x00,0x00,0x00,
  0x00,0x00,0x00,0x00,0x00,0x00,0x00,0x00,0x00,0x00,0x00,0x00,0x00,0x00,0x00,0x00,0x00,0x00,0x00,0x00,
  0x00,0x00,0x00,0x00,0x00,0x26,0x72,0xB9,0xE4,0xF9,0xF9,0xE9,0xC1,0x78,0x0E,0x00,0x00,0x00,0x00,0x00,
  0xFF,0xFF,0xFF,0xFF,0xFF,0xFF,0xFF,0xFF,0xFF,0xE2,0x1F,0x00,0x00,0x00,0x00,0xCF,0x6E,0x32,0x16,0x06,
  0x1E,0x7D,0xFE,0xFF,0xFF,0xAC,0x00,0x00,0x00,0x00,0x00,0x00,0x00,0x00,0x00,0x00,0x00,0xD3,0xFF,0xFF,
  0xF6,0x03,0x00,0x00,0x00,0x19,0x84,0xC7,0xEC,0xFA,0xFF,0xFF,0xFF,0xFF,0xFF,0xFF,0x16,0x00,0x00,0x31,
  0xEE,0xFF,0xFF,0xFF,0xFF,0xFF,0xFF,0xFF,0xFF,0xFF,0xFF,0x1C,0x00,0x00,0xC1,0xFF,0xFF,0xFF,0x8D,0x18,
  0x00,0x00,0xC7,0xFF,0xFF,0xFF,0x1C,0x00,0x02,0xFC,0xFF,0xFF,0xEB,0x01,0x00,0x00,0x00,0xE5,0xFF,0xFF,
  0xFF,0x1C,0x00,0x04,0xFE,0xFF,0xFF,0xE6,0x00,0x00,0x00,0x40,0xFF,0xFF,0xFF,0xFF,0x1C,0x00,0x00,0xCB,
  0xFF,0xFF,0xFF,0x71,0x0C,0x3D,0xE2,0xFF,0xFF,0xFF,0xFF,0x1C,0x00,0x00,0x41,0xFB,0xFF,0xFF,0xFF,0xFF,
  0xFF,0xC0,0xCB,0xFF,0xFF,0xFF,0x1C,0x00,0x00,0x00,0x39,0xB8,0xF2,0xF7,0xD6,0x7C,0x06,0xC4,0xFF,0xFF,
  0xFF,0x1C,0x00,0x00,0x00,0x00,0x00,0x00,0x00,0x00,0x00,0x00,0x6F,0xFF,0xFF,0x76,0x00,0x00,0x00,0x00,
  0x00,0x00,0x00,0x00,0x00,0x00,0x00,0x00,0x00,0x00,0x69,0xFE,0xF9,0x31,0x00,0x00,0x00,0x00,0x00,0x00,
  0x00,0x00,0x00,0x00,0x00,0x00,0x00,0x00,0x65,0xFE,0xD7,0x09,0x00,0x00,0x00,0x00,0x00,0x00,0x00,0x04,
  0xBE,0xFF,0xFF,0xFF,0x59,0x00,0x00,0x00,0x00,0x00,0x00,0x00,0x00,0x00,0x00,0x00,0x8F,0xFF,0xCE,0x6B,
  0xF8,0xF5,0x2F,0x00,0x00,0x00,0x00,0x00,0x00,0x00,0x00,0x00,0x5A,0xFF,0xB2,0x0B,0x00,0x3B,0xEB,0xDE,
  0x12,0x00,0x00,0x00,0x00,0x00,0x00,0x00,0x00,0x00,0x00,0x00,0x00,0x00,0x00,0x00,0x00,0x00,0x00,0x00,
  0x00,0x00,0x00,0x00,0x00,0x00,0x00,0x00,0x00,0x00,0x00,0x00,0x00,0x00,0x00,0x00,0x00,0x00,0x00,0x00,
  0x00,0x00,0x00,0x00,0x24,0xFF,0xFF,0xFF,0xFF,0xFF,0x2B,0x00,0x00,0x00,0x00,0x00,0x00,0x00,0x00,0x00,
  0x00,0x83,0xFF,0xFF,0xFF,0xFF,0xFF,0x89,0x00,0x00,0x00,0x00,0x00,0x00,0x00,0x00,0x00,0x01,0xE0,0xFF,
  0xFF,0xFF,0xFF,0xFF,0xE5,0x03,0x00,0x00,0x00,0x00,0x00,0x00,0x00,0x00,0x41,0xFF,0xFF,0xFF,0xF8,0xFF,
  0xFF,0xFF,0x47,0x00,0x00,0x00,0x00,0x00,0x00,0x00,0x00,0xA0,0xFF,0xFF,0xFF,0x71,0xFF,0xFF,0xFF,0xA6,
  0x00,0x00,0x00,0x00,0x00,0x00,0x00,0x0B,0xF3,0xFF,0xFF,0xE1,0x01,0xDB,0xFF,0xFF,0xF6,0x0F,0x00,0x00,
  0x00,0x00,0x00,0x00,0x5E,0xFF,0xFF,0xFF,0x89,0x00,0x83,0xFF,0xFF,0xFF,0x64,0x00,0x00,0x00,0x00,0x00,
  0x00,0xBD,0xFF,0xFF,0xFF,0x2F,0x00,0x2A,0xFF,0xFF,0xFF,0xC3,0x00,0x00,0x00,0x00,0x00,0x1D,0xFD,0xFF,
  0xFF,0xD6,0x00,0x00,0x00,0xD1,0xFF,0xFF,0xFF,0x23,0x00,0x00,0x00,0x00,0x7B,0xFF,0xFF,0xFF,0x7C,0x00,
  0x00,0x00,0x78,0xFF,0xFF,0xFF,0x81,0x00,0x00,0x00,0x00,0xD9,0xFF,0xFF,0xFF,0xFF,0xFF,0xFF,0xFF,0xFF,
  0xFF,0xFF,0xFF,0xDF,0x01,0x00,0x00,0x39,0xFF,0xFF,0xFF,0xFF,0xFF,0xFF,0xFF,0xFF,0xFF,0xFF,0xFF,0xFF,
  0xFF,0x3F,0x00,0x00,0x98,0xFF,0xFF,0xFF,0x26,0x00,0x00,0x00,0x00,0x00,0x20,0xFF,0xFF,0xFF,0x9E,0x00,
  0x07,0xEF,0xFF,0xFF,0xE5,0x00,0x00,0x00,0x00,0x00,0x00,0x00,0xDF,0xFF,0xFF,0xF3,0x0A,0x56,0xFF,0xFF,
  0xFF,0xA4,0x00,0x00,0x00,0x00,0x00,0x00,0x00,0x9E,0xFF,0xFF,0xFF,0x5C,0xB5,0xFF,0xFF,0xFF,0x64,0x00,
  0x00,0x00,0x00,0x00,0x00,0x00,0x5D,0xFF,0xFF,0xFF,0xBC,0x00,0x00,0x00,0x00,0x00,0x00,0x00,0x00,0x89,
  0xFF,0xFF,0x5A,0x00,0x00,0x00,0x00,0x00,0x00,0x00,0x00,0x00,0x00,0x00,0x84,0xFF,0xF0,0x1F,0x00,0x00,
  0x00,0x00,0x00,0x00,0x00,0x00,0x00,0x00,0x00,0x7F,0xFF,0xC2,0x02,0x00,0x00,0x00,0x00,0x0B,0xD2,0xFF,
  0xFF,0xFB,0x41,0x00,0x00,0x00,0x00,0x00,0x00,0x00,0x00,0xA9,0xFF,0xBC,0x78,0xFD,0xEA,0x1E,0x00,0x00,
  0x00,0x00,0x00,0x00,0x76,0xFF,0x9C,0x05,0x00,0x4E,0xF4,0xCC,0x08,0x00,0x00,0x00,0x00,0x00,0x00,0x00,
  0x00,0x00,0x00,0x00,0x00,0x00,0x00,0x00,0x00,0x00,0x00,0x00,0x00,0x00,0x00,0x00,0x00,0x00,0x00,0x00,
  0x00,0x00,0x00,0x00,0x00,0x26,0x72,0xB9,0xE4,0xF9,0xF9,0xE9,0xC1,0x78,0x0E,0x00,0x00,0x00,0x00,0xFF,
  0xFF,0xFF,0xFF,0xFF,0xFF,0xFF,0xFF,0xFF,0xE2,0x1F,0x00,0x00,0x00,0xCF,0x6E,0x32,0x16,0x06,0x1E,0x7D,
  0xFE,0xFF,0xFF,0xAC,0x00,0x00,0x00,0x00,0x00,0x00,0x00,0x00,0x00,0x00,0xD3,0xFF,0xFF,0xF6,0x03,0x00,
  0x00,0x19,0x84,0xC7,0xEC,0xFA,0xFF,0xFF,0xFF,0xFF,0xFF,0xFF,0x16,0x00,0x31,0xEE,0xFF,0xFF,0xFF,0xFF,
  0xFF,0xFF,0xFF,0xFF,0xFF,0xFF,0x1C,0x00,0xC1,0xFF,0xFF,0xFF,0x8D,0x18,0x00,0x00,0xC7,0xFF,0xFF,0xFF,
  0x1C,0x02,0xFC,0xFF,0xFF,0xEB,0x01,0x00,0x00,0x00,0xE5,0xFF,0xFF,0xFF,0x1C,0x04,0xFE,0xFF,0xFF,0xE6,
  0x00,0x00,0x00,0x40,0xFF,0xFF,0xFF,0xFF,0x1C,0x00,0xCB,0xFF,0xFF,0xFF,0x71,0x0C,0x3D,0xE2,0xFF,0xFF,
  0xFF,0xFF,0x1C,0x00,0x41,0xFB,0xFF,0xFF,0xFF,0xFF,0xFF,0xC0,0xCB,0xFF,0xFF,0xFF,0x1C,0x00,0x00,0x39,
  0xB8,0xF2,0xF7,0xD6,0x7C,0x06,0xC4,0xFF,0xFF,0xFF,0x1C,0x00,0x00,0x00,0x00,0x00,0x00,0x00,0x00,0x00,
  0x00,0x10,0x56,0x7E,0x81,0x58,0x07,0x00,0x00,0x00,0x00,0x00,0x00,0x00,0x00,0x00,0x00,0x00,0x5F,0xCF,
  0x98,0x9D,0xF1,0xBC,0x00,0x00,0x00,0x00,0x00,0x00,0x00,0x00,0x00,0x00,0x00,0x05,0x00,0x00,0x00,0xAF,
  0xFA,0x04,0x00,0x00,0x00,0x00,0x00,0x00,0x00,0x00,0x00,0x00,0x00,0x00,0x02,0x8D,0xFF,0xA0,0x00,0x00,
  0x00,0x00,0x00,0x00,0x00,0x7B,0xFF,0xFF,0xFF,0xA1,0x00,0x63,0xFF,0x95,0x02,0x00,0x00,0x00,0x00,0x00,
  0x00,0x48,0xFD,0xEF,0x64,0xDF,0xFF,0x6D,0x3D,0x70,0x16,0x00,0x00,0x00,0x00,0x00,0x00,0x23,0xEE,0xDD,
  0x28,0x00,0x16,0xC7,0xFB,0x3E,0x00,0x00,0x00,0x00,0x00,0x00,0x00,0x00,0x00,0x00,0x00,0x00,0x00,0x00,
  0x00,0x00,0x00,0x00,0x00,0x00,0x00,0x00,0x00,0x00,0x00,0x00,0x00,0x00,0x00,0x00,0x00,0x00,0x00,0x00,
  0x00,0x00,0x00,0x00,0x00,0x00,0x00,0x00,0x00,0x24,0xFF,0xFF,0xFF,0xFF,0xFF,0x2B,0x00,0x00,0x00,0x00,
  0x00,0x00,0x00,0x00,0x00,0x00,0x83,0xFF,0xFF,0xFF,0xFF,0xFF,0x89,0x00,0x00,0x00,0x00,0x00,0x00,0x00,
  0x00,0x00,0x01,0xE0,0xFF,0xFF,0xFF,0xFF,0xFF,0xE5,0x03,0x00,0x00,0x00,0x00,0x00,0x00,0x00,0x00,0x41,
  0xFF,0xFF,0xFF,0xF8,0xFF,0xFF,0xFF,0x47,0x00,0x00,0x00,0x00,0x00,0x00,0x00,0x00,0xA0,0xFF,0xFF,0xFF,
  0x71,0xFF,0xFF,0xFF,0xA6,0x00,0x00,0x00,0x00,0x00,0x00,0x00,0x0B,0xF3,0xFF,0xFF,0xE1,0x01,0xDB,0xFF,
  0xFF,0xF6,0x0F,0x00,0x00,0x00,0x00,0x00,0x00,0x5E,0xFF,0xFF,0xFF,0x89,0x00,0x83,0xFF,0xFF,0xFF,0x64,
  0x00,0x00,0x00,0x00,0x00,0x00,0xBD,0xFF,0xFF,0xFF,0x2F,0x00,0x2A,0xFF,0xFF,0xFF,0xC3,0x00,0x00,0x00,
  0x00,0x00,0x1D,0xFD,0xFF,0xFF,0xD6,0x00,0x00,0x00,0xD1,0xFF,0xFF,0xFF,0x23,0x00,0x00,0x00,0x00,0x7B,
  0xFF,0xFF,0xFF,0x7C,0x00,0x00,0x00,0x78,0xFF,0xFF,0xFF,0x81,0x00,0x00,0x00,0x00,0xD9,0xFF,0xFF,0xFF,
  0xFF,0xFF,0xFF,0xFF,0xFF,0xFF,0xFF,0xFF,0xDF,0x01,0x00,0x00,0x39,0xFF,0xFF,0xFF,0xFF,0xFF,0xFF,0xFF,
  0xFF,0xFF,0xFF,0xFF,0xFF,0xFF,0x3F,0x00,0x00,0x98,0xFF,0xFF,0xFF,0x26,0x00,0x00,0x00,0x00,0x00,0x20,
  0xFF,0xFF,0xFF,0x9E,0x00,0x07,0xEF,0xFF,0xFF,0xE5,0x00,0x00,0x00,0x00,0x00,0x00,0x00,0xDF,0xFF,0xFF,
  0xF3,0x0A,0x56,0xFF,0xFF,0xFF,0xA4,0x00,0x00,0x00,0x00,0x00,0x00,0x00,0x9E,0xFF,0xFF,0xFF,0x5C,0xB5,
  0xFF,0xFF,0xFF,0x64,0x00,0x00,0x00,0x00,0x00,0x00,0x00,0x5D,0xFF,0xFF,0xFF,0xBC,0x00,0x00,0x00,0x00,
  0x00,0x00,0x00,0x00,0x00,0x22,0x65,0x83,0x7A,0x3F,0x00,0x00,0x00,0x00,0x00,0x00,0x00,0x00,0x00,0x00,
  0xA2,0xBA,0x93,0xAF,0xFE,0x74,0x00,0x00,0x00,0x00,0x00,0x00,0x00,0x00,0x00,0x05,0x00,0x00,0x0A,0xEC,
  0xB6,0x00,0x00,0x00,0x00,0x00,0x00,0x00,0x00,0x00,0x00,0x00,0x14,0xC2,0xFE,0x5A,0x00,0x00,0x00,0x00,
  0x04,0xBE,0xFF,0xFF,0xFF,0x59,0x00,0xAB,0xFE,0x52,0x00,0x00,0x00,0x00,0x00,0x8F,0xFF,0xCE,0x6B,0xF8,
  0xF5,0x2F,0x5C,0x67,0x00,0x00,0x00,0x00,0x00,0x5A,0xFF,0xB2,0x0B,0x00,0x3B,0xEB,0xDE,0x12,0x00,0x00,
  0x00,0x00,0x00,0x00,0x00,0x00,0x00,0x00,0x00,0x00,0x00,0x00,0x00,0x00,0x00,0x00,0x00,0x00,0x00,0x00,
  0x00,0x00,0x00,0x00,0x00,0x00,0x00,0x00,0x00,0x00,0x00,0x00,0x00,0x26,0x72,0xB9,0xE4,0xF9,0xF9,0xE9,
  0xC1,0x78,0x0E,0x00,0x00,0x00,0x00,0x00,0xFF,0xFF,0xFF,0xFF,0xFF,0xFF,0xFF,0xFF,0xFF,0xE2,0x1F,0x00,
  0x00,0x00,0x00,0xCF,0x6E,0x32,0x16,0x06,0x1E,0x7D,0xFE,0xFF,0xFF,0xAC,0x00,0x00,0x00,0x00,0x00,0x00,
  0x00,0x00,0x00,0x00,0x00,0xD3,0xFF,0xFF,0xF6,0x03,0x00,0x00,0x00,0x19,0x84,0xC7,0xEC,0xFA,0xFF,0xFF,
  0xFF,0xFF,0xFF,0xFF,0x16,0x00,0x00,0x31,0xEE,0xFF,0xFF,0xFF,0xFF,0xFF,0xFF,0xFF,0xFF,0xFF,0xFF,0x1C,
  0x00,0x00,0xC1,0xFF,0xFF,0xFF,0x8D,0x18,0x00,0x00,0xC7,0xFF,0xFF,0xFF,0x1C,0x00,0x02,0xFC,0xFF,0xFF,
  0xEB,0x01,0x00,0x00,0x00,0xE5,0xFF,0xFF,0xFF,0x1C,0x00,0x04,0xFE,0xFF,0xFF,0xE6,0x00,0x00,0x00,0x40,
  0xFF,0xFF,0xFF,0xFF,0x1C,0x00,0x00,0xCB,0xFF,0xFF,0xFF,0x71,0x0C,0x3D,0xE2,0xFF,0xFF,0xFF,0xFF,0x1C,
  0x00,0x00,0x41,0xFB,0xFF,0xFF,0xFF,0xFF,0xFF,0xC0,0xCB,0xFF,0xFF,0xFF,0x1C,0x00,0x00,0x00,0x39,0xB8,
  0xF2,0xF7,0xD6,0x7C,0x06,0xC4,0xFF,0xFF,0xFF,0x1C,0x00,0x00,0x00,0x00,0x00,0x00,0x79,0xEF,0xDD,0x7C,
  0x14,0x97,0xFF,0x0D,0x00,0x00,0x00,0x00,0x00,0x00,0x00,0x00,0x25,0xFE,0xFF,0xFF,0xFF,0xFF,0xFF,0xDC,
  0x00,0x00,0x00,0x00,0x00,0x00,0x00,0x00,0x00,0x55,0xFF,0x4B,0x31,0x9F,0xEF,0xE2,0x43,0x00,0x00,0x00,
  0x00,0x00,0x00,0x00,0x00,0x00,0x00,0x02,0xB7,0xFF,0xFF,0xFF,0x61,0x00,0x00,0x00,0x00,0x00,0x00,0x00,
  0x00,0x00,0x00,0x00,0x87,0xFF,0xD2,0x69,0xF6,0xF8,0x35,0x00,0x00,0x00,0x00,0x00,0x00,0x00,0x00,0x00,
  0x52,0xFF,0xB8,0x0E,0x00,0x36,0xE8,0xE3,0x16,0x00,0x00,0x00,0x00,0x00,0x00,0x00,0x00,0x00,0x00,0x00,
  0x00,0x00,0x00,0x00,0x00,0x00,0x00,0x00,0x00,0x00,0x00,0x00,0x00,0x00,0x00,0x00,0x00,0x00,0x00,0x00,
  0x00,0x00,0x00,0x00,0x00,0x00,0x00,0x00,0x00,0x00,0x00,0x00,0x24,0xFF,0xFF,0xFF,0xFF,0xFF,0x2B,0x00,
  0x00,0x00,0x00,0x00,0x00,0x00,0x00,0x00,0x00,0x83,0xFF,0xFF,0xFF,0xFF,0xFF,0x89,0x00,0x00,0x00,0x00,
  0x00,0x00,0x00,0x00,0x00,0x01,0xE0,0xFF,0xFF,0xFF,0xFF,0xFF,0xE5,0x03,0x00,0x00,0x00,0x00,0x00,0x00,
  0x00,0x00,0x41,0xFF,0xFF,0xFF,0xF8,0xFF,0xFF,0xFF,0x47,0x00,0x00,0x00,0x00,0x00,0x00,0x00,0x00,0xA0,
  0xFF,0xFF,0xFF,0x71,0xFF,0xFF,0xFF,0xA6,0x00,0x00,0x00,0x00,0x00,0x00,0x00,0x0B,0xF3,0xFF,0xFF,0xE1,
  0x01,0xDB,0xFF,0xFF,0xF6,0x0F,0x00,0x00,0x00,0x00,0x00,0x00,0x5E,0xFF,0xFF,0xFF,0x89,0x00,0x83,0xFF,
  0xFF,0xFF,0x64,0x00,0x00,0x00,0x00,0x00,0x00,0xBD,0xFF,0xFF,0xFF,0x2F,0x00,0x2A,0xFF,0xFF,0xFF,0xC3,
  0x00,0x00,0x00,0x00,0x00,0x1D,0xFD,0xFF,0xFF,0xD6,0x00,0x00,0x00,0xD1,0xFF,0xFF,0xFF,0x23,0x00,0x00,
  0x00,0x00,0x7B,0xFF,0xFF,0xFF,0x7C,0x00,0x00,0x00,0x78,0xFF,0xFF,0xFF,0x81,0x00,0x00,0x00,0x00,0xD9,
  0xFF,0xFF,0xFF,0xFF,0xFF,0xFF,0xFF,0xFF,0xFF,0xFF,0xFF,0xDF,0x01,0x00,0x00,0x39,0xFF,0xFF,0xFF,0xFF,
  0xFF,0xFF,0xFF,0xFF,0xFF,0xFF,0xFF,0xFF,0xFF,0x3F,0x00,0x00,0x98,0xFF,0xFF,0xFF,0x26,0x00,0x00,0x00,
  0x00,0x00,0x20,0xFF,0xFF,0xFF,0x9E,0x00,0x07,0xEF,0xFF,0xFF,0xE5,0x00,0x00,0x00,0x00,0x00,0x00,0x00,
  0xDF,0xFF,0xFF,0xF3,0x0A,0x56,0xFF,0xFF,0xFF,0xA4,0x00,0x00,0x00,0x00,0x00,0x00,0x00,0x9E,0xFF,0xFF,
  0xFF,0x5C,0xB5,0xFF,0xFF,0xFF,0x64,0x00,0x00,0x00,0x00,0x00,0x00,0x00,0x5D,0xFF,0xFF,0xFF,0xBC,0x00,
  0x00,0x00,0x00,0x6B,0xED,0xE1,0x84,0x17,0x89,0xFF,0x1C,0x00,0x00,0x00,0x00,0x00,0x19,0xFA,0xFF,0xFF,
  0xFF,0xFF,0xFF,0xEA,0x02,0x00,0x00,0x00,0x00,0x00,0x45,0xFF,0x5B,0x2B,0x98,0xEC,0xE6,0x4E,0x00,0x00,
  0x00,0x00,0x00,0x00,0x00,0x00,0xA9,0xFF,0xFF,0xFF,0x71,0x00,0x00,0x00,0x00,0x00,0x00,0x00,0x00,0x77,
  0xFF,0xDB,0x65,0xF1,0xFB,0x41,0x00,0x00,0x00,0x00,0x00,0x00,0x44,0xFC,0xC2,0x13,0x00,0x2C,0xE1,0xEA,
  0x1E,0x00,0x00,0x00,0x00,0x00,0x00,0x00,0x00,0x00,0x00,0x00,0x00,0x00,0x00,0x00,0x00,0x00,0x00,0x00,
  0x00,0x00,0x00,0x00,0x00,0x00,0x00,0x00,0x00,0x00,0x00,0x00,0x00,0x26,0x72,0xB9,0xE4,0xF9,0xF9,0xE9,
  0xC1,0x78,0x0E,0x00,0x00,0x00,0x00,0xFF,0xFF,0xFF,0xFF,0xFF,0xFF,0xFF,0xFF,0xFF,0xE2,0x1F,0x00,0x00,
  0x00,0xCF,0x6E,0x32,0x16,0x06,0x1E,0x7D,0xFE,0xFF,0xFF,0xAC,0x00,0x00,0x00,0x00,0x00,0x00,0x00,0x00,
  0x00,0x00,0xD3,0xFF,0xFF,0xF6,0x03,0x00,0x00,0x19,0x84,0xC7,0xEC,0xFA,0xFF,0xFF,0xFF,0xFF,0xFF,0xFF,
  0x16,0x00,0x31,0xEE,0xFF,0xFF,0xFF,0xFF,0xFF,0xFF,0xFF,0xFF,0xFF,0xFF,0x1C,0x00,0xC1,0xFF,0xFF,0xFF,
  0x8D,0x18,0x00,0x00,0xC7,0xFF,0xFF,0xFF,0x1C,0x02,0xFC,0xFF,0xFF,0xEB,0x01,0x00,0x00,0x00,0xE5,0xFF,
  0xFF,0xFF,0x1C,0x04,0xFE,0xFF,0xFF,0xE6,0x00,0x00,0x00,0x40,0xFF,0xFF,0xFF,0xFF,0x1C,0x00,0xCB,0xFF,
  0xFF,0xFF,0x71,0x0C,0x3D,0xE2,0xFF,0xFF,0xFF,0xFF,0x1C,0x00,0x41,0xFB,0xFF,0xFF,0xFF,0xFF,0xFF,0xC0,
  0xCB,0xFF,0xFF,0xFF,0x1C,0x00,0x00,0x39,0xB8,0xF2,0xF7,0xD6,0x7C,0x06,0xC4,0xFF,0xFF,0xFF,0x1C,0x00,
  0x00,0x00,0x00,0x00,0x00,0x8B,0xFF,0xFF,0xFF,0x91,0x00,0x00,0x00,0x00,0x00,0x00,0x00,0x00,0x00,0x00,
  0x00,0x56,0xFF,0xE9,0x62,0xE6,0xFF,0x5D,0x00,0x00,0x00,0x00,0x00,0x00,0x00,0x00,0x00,0x2D,0xF4,0xD5,
  0x20,0x00,0x1D,0xD1,0xF6,0x32,0x00,0x00,0x00,0x00,0x00,0x00,0x00,0x00,0x00,0x00,0x00,0x00,0x00,0x00,
  0x00,0x00,0x00,0x00,0x00,0x00,0x00,0x00,0x00,0x00,0x00,0x00,0x00,0x00,0x00,0x00,0x00,0x00,0x00,0x00,
  0x00,0x00,0x00,0x00,0x00,0x00,0x00,0x00,0x00,0x24,0xFF,0xFF,0xFF,0xFF,0xFF,0x2B,0x00,0x00,0x00,0x00,
  0x00,0x00,0x00,0x00,0x00,0x00,0x83,0xFF,0xFF,0xFF,0xFF,0xFF,0x89,0x00,0x00,0x00,0x00,0x00,0x00,0x00,
  0x00,0x00,0x01,0xE0,0xFF,0xFF,0xFF,0xFF,0xFF,0xE5,0x03,0x00,0x00,0x00,0x00,0x00,0x00,0x00,0x00,0x41,
  0xFF,0xFF,0xFF,0xF8,0xFF,0xFF,0xFF,0x47,0x00,0x00,0x00,0x00,0x00,0x00,0x00,0x00,0xA0,0xFF,0xFF,0xFF,
  0x71,0xFF,0xFF,0xFF,0xA6,0x00,0x00,0x00,0x00,0x00,0x00,0x00,0x0B,0xF3,0xFF,0xFF,0xE1,0x01,0xDB,0xFF,
  0xFF,0xF6,0x0F,0x00,0x00,0x00,0x00,0x00,0x00,0x5E,0xFF,0xFF,0xFF,0x89,0x00,0x83,0xFF,0xFF,0xFF,0x64,
  0x00,0x00,0x00,0x00,0x00,0x00,0xBD,0xFF,0xFF,0xFF,0x2F,0x00,0x2A,0xFF,0xFF,0xFF,0xC3,0x00,0x00,0x00,
  0x00,0x00,0x1D,0xFD,0xFF,0xFF,0xD6,0x00,0x00,0x00,0xD1,0xFF,0xFF,0xFF,0x23,0x00,0x00,0x00,0x00,0x7B,
  0xFF,0xFF,0xFF,0x7C,0x00,0x00,0x00,0x78,0xFF,0xFF,0xFF,0x81,0x00,0x00,0x00,0x00,0xD9,0xFF,0xFF,0xFF,
  0xFF,0xFF,0xFF,0xFF,0xFF,0xFF,0xFF,0xFF,0xDF,0x01,0x00,0x00,0x39,0xFF,0xFF,0xFF,0xFF,0xFF,0xFF,0xFF,
  0xFF,0xFF,0xFF,0xFF,0xFF,0xFF,0x3F,0x00,0x00,0x98,0xFF,0xFF,0xFF,0x26,0x00,0x00,0x00,0x00,0x00,0x20,
  0xFF,0xFF,0xFF,0x9E,0x00,0x07,0xEF,0xFF,0xFF,0xE5,0x00,0x00,0x00,0x00,0x00,0x00,0x00,0xDF,0xFF,0xFF,
  0xF3,0x0A,0x56,0xFF,0xFF,0xFF,0xA4,0x00,0x00,0x00,0x00,0x00,0x00,0x00,0x9E,0xFF,0xFF,0xFF,0x5C,0xB5,
  0xFF,0xFF,0xFF,0x64,0x00,0x00,0x00,0x00,0x00,0x00,0x00,0x5D,0xFF,0xFF,0xFF,0xBC,0x00,0x00,0x00,0x00,
  0x00,0x00,0x00,0x00,0x00,0x00,0x00,0x00,0x00,0x00,0x00,0x00,0x00,0x00,0x00,0x00,0x00,0x00,0x00,0x34,
  0x78,0x78,0x78,0x30,0x00,0x00,0x00,0x00,0x00,0x00,0x00,0x00,0x00,0x00,0x00,0x00,0x70,0xFF,0xFF,0xFF,
  0x68,0x00,0x00,0x00,0x00,0x00,0x00,0x00,0x00,0x00,0x00,0x00,0x00,0x70,0xFF,0xFF,0xFF,0x68,0x00,0x00,
  0x00,0x00,0x00,0x00,0x00,0x00,0x00,0x00,0x00,0x00,0x4B,0xAC,0xAC,0xAC,0x45,0x00,0x00,0x00,0x00,0x00,
  0x00,0x00,0x00,0x00,0x00,0x00,0x2B,0xF8,0xFF,0xF8,0x2B,0x00,0x00,0x00,0x00,0x00,0x00,0x00,0x00,0x05,
  0xCE,0xFF,0xDD,0xFF,0xCD,0x05,0x00,0x00,0x00,0x00,0x00,0x00,0x00,0x85,0xFF,0xB0,0x06,0xB0,0xFF,0x83,
  0x00,0x00,0x00,0x00,0x00,0x00,0x37,0xFC,0xC5,0x09,0x00,0x09,0xC5,0xFC,0x37,0x00,0x00,0x00,0x00,0x00,
  0x00,0x00,0x00,0x00,0x00,0x00,0x00,0x00,0x00,0x00,0x00,0x00,0x00,0x00,0x00,0x00,0x00,0x00,0x00,0x00,
  0x00,0x00,0x00,0x00,0x00,0x00,0x00,0x26,0x72,0xB9,0xE4,0xF9,0xF9,0xE9,0xC1,0x78,0x0E,0x00,0x00,0x00,
  0x00,0xFF,0xFF,0xFF,0xFF,0xFF,0xFF,0xFF,0xFF,0xFF,0xE2,0x1F,0x00,0x00,0x00,0xCF,0x6E,0x32,0x16,0x06,
  0x1E,0x7D,0xFE,0xFF,0xFF,0xAC,0x00,0x00,0x00,0x00,0x00,0x00,0x00,0x00,0x00,0x00,0xD3,0xFF,0xFF,0xF6,
  0x03,0x00,0x00,0x19,0x84,0xC7,0xEC,0xFA,0xFF,0xFF,0xFF,0xFF,0xFF,0xFF,0x16,0x00,0x31,0xEE,0xFF,0xFF,
  0xFF,0xFF,0xFF,0xFF,0xFF,0xFF,0xFF,0xFF,0x1C,0x00,0xC1,0xFF,0xFF,0xFF,0x8D,0x18,0x00,0x00,0xC7,0xFF,
  0xFF,0xFF,0x1C,0x02,0xFC,0xFF,0xFF,0xEB,0x01,0x00,0x00,0x00,0xE5,0xFF,0xFF,0xFF,0x1C,0x04,0xFE,0xFF,
  0xFF,0xE6,0x00,0x00,0x00,0x40,0xFF,0xFF,0xFF,0xFF,0x1C,0x00,0xCB,0xFF,0xFF,0xFF,0x71,0x0C,0x3D,0xE2,
  0xFF,0xFF,0xFF,0xFF,0x1C,0x00,0x41,0xFB,0xFF,0xFF,0xFF,0xFF,0xFF,0xC0,0xCB,0xFF,0xFF,0xFF,0x1C,0x00,
  0x00,0x39,0xB8,0xF2,0xF7,0xD6,0x7C,0x06,0xC4,0xFF,0xFF,0xFF,0x1C,0x00,0x00,0x00,0x00,0x00,0x00,0x00,
  0x00,0x00,0x00,0x00,0x00,0x00,0x00,0x00,0x00,0x00,0x00,0x0F,0x78,0x78,0x78,0x56,0x00,0x00,0x00,0x00,
  0x00,0x00,0x00,0x00,0x00,0x20,0xFF,0xFF,0xFF,0xB8,0x00,0x00,0x00,0x00,0x00,0x00,0x00,0x00,0x00,0x20,
  0xFF,0xFF,0xFF,0xB8,0x00,0x00,0x00,0x00,0x00,0x00,0x00,0x00,0x00,0x15,0xAC,0xAC,0xAC,0x7B,0x00,0x00,
  0x00,0x00,0x00,0x00,0x00,0x00,0x00,0x00,0x00,0x00,0x00,0x00,0xA6,0xFF,0xF6,0x46,0x00,0x00,0x00,0x00,
  0x00,0x00,0x00,0x00,0x00,0x00,0x00,0x00,0x5C,0xFF,0xF5,0x42,0x00,0x00,0x00,0x00,0x00,0x00,0x00,0x00,
  0x00,0x00,0x00,0x00,0x20,0xF1,0xF3,0x3E,0x00,0x00,0x00,0x00,0x00,0x00,0x00,0x00,0x00,0x00,0x00,0xCD,
  0xE1,0x37,0x05,0x1C,0xAA,0xFF,0x23,0x00,0x00,0x00,0x00,0x00,0x00,0x00,0x00,0x00,0x65,0xFF,0xFF,0xFF,
  0xFF,0xFF,0xBC,0x00,0x00,0x00,0x00,0x00,0x00,0x00,0x00,0x00,0x00,0x00,0x68,0xD4,0xF6,0xE4,0x98,0x13,
  0x00,0x00,0x00,0x00,0x00,0x00,0x00,0x00,0x00,0x00,0x00,0x00,0x00,0x00,0x00,0x00,0x00,0x00,0x00,0x00,
  0x00,0x00,0x00,0x00,0x00,0x00,0x00,0x00,0x00,0x00,0x00,0x00,0x00,0x00,0x00,0x00,0x00,0x00,0x00,0x00,
  0x00,0x00,0x00,0x00,0x24,0xFF,0xFF,0xFF,0xFF,0xFF,0x2B,0x00,0x00,0x00,0x00,0x00,0x00,0x00,0x00,0x00,
  0x00,0x83,0xFF,0xFF,0xFF,0xFF,0xFF,0x89,0x00,0x00,0x00,0x00,0x00,0x00,0x00,0x00,0x00,0x01,0xE0,0xFF,
  0xFF,0xFF,0xFF,0xFF,0xE5,0x03,0x00,0x00,0x00,0x00,0x00,0x00,0x00,0x00,0x41,0xFF,0xFF,0xFF,0xF8,0xFF,
  0xFF,0xFF,0x47,0x00,0x00,0x00,0x00,0x00,0x00,0x00,0x00,0xA0,0xFF,0xFF,0xFF,0x71,0xFF,0xFF,0xFF,0xA6,
  0x00,0x00,0x00,0x00,0x00,0x00,0x00,0x0B,0xF3,0xFF,0xFF,0xE1,0x01,0xDB,0xFF,0xFF,0xF6,0x0F,0x00,0x00,
  0x00,0x00,0x00,0x00,0x5E,0xFF,0xFF,0xFF,0x89,0x00,0x83,0xFF,0xFF,0xFF,0x64,0x00,0x00,0x00,0x00,0x00,
  0x00,0xBD,0xFF,0xFF,0xFF,0x2F,0x00,0x2A,0xFF,0xFF,0xFF,0xC3,0x00,0x00,0x00,0x00,0x00,0x1D,0xFD,0xFF,
  0xFF,0xD6,0x00,0x00,0x00,0xD1,0xFF,0xFF,0xFF,0x23,0x00,0x00,0x00,0x00,0x7B,0xFF,0xFF,0xFF,0x7C,0x00,
  0x00,0x00,0x78,0xFF,0xFF,0xFF,0x81,0x00,0x00,0x00,0x00,0xD9,0xFF,0xFF,0xFF,0xFF,0xFF,0xFF,0xFF,0xFF,
  0xFF,0xFF,0xFF,0xDF,0x01,0x00,0x00,0x39,0xFF,0xFF,0xFF,0xFF,0xFF,0xFF,0xFF,0xFF,0xFF,0xFF,0xFF,0xFF,
  0xFF,0x3F,0x00,0x00,0x98,0xFF,0xFF,0xFF,0x26,0x00,0x00,0x00,0x00,0x00,0x20,0xFF,0xFF,0xFF,0x9E,0x00,
  0x07,0xEF,0xFF,0xFF,0xE5,0x00,0x00,0x00,0x00,0x00,0x00,0x00,0xDF,0xFF,0xFF,0xF3,0x0A,0x56,0xFF,0xFF,
  0xFF,0xA4,0x00,0x00,0x00,0x00,0x00,0x00,0x00,0x9E,0xFF,0xFF,0xFF,0x5C,0xB5,0xFF,0xFF,0xFF,0x64,0x00,
  0x00,0x00,0x00,0x00,0x00,0x00,0x5D,0xFF,0xFF,0xFF,0xBC,0x00,0x00,0x00,0x00,0x00,0x00,0x00,0x5F,0xFF,
  0xFF,0x84,0x00,0x00,0x00,0x00,0x00,0x00,0x00,0x00,0x00,0x21,0xF2,0xFF,0x80,0x00,0x00,0x00,0x00,0x00,
  0x00,0x00,0x00,0x00,0x03,0xC5,0xFF,0x7B,0x00,0x00,0x00,0x00,0x00,0x00,0x00,0x00,0x85,0xFC,0x5E,0x0B,
  0x0E,0x71,0xFF,0x6B,0x00,0x00,0x00,0x00,0x00,0x00,0x27,0xF5,0xFF,0xFF,0xFF,0xFF,0xEB,0x18,0x00,0x00,
  0x00,0x00,0x00,0x00,0x00,0x3C,0xC0,0xF0,0xEE,0xB7,0x30,0x00,0x00,0x00,0x00,0x00,0x00,0x00,0x00,0x00,
  0x00,0x00,0x00,0x00,0x00,0x00,0x00,0x00,0x00,0x00,0x00,0x00,0x00,0x00,0x00,0x00,0x00,0x00,0x00,0x00,
  0x00,0x00,0x00,0x00,0x00,0x26,0x72,0xB9,0xE4,0xF9,0xF9,0xE9,0xC1,0x78,0x0E,0x00,0x00,0x00,0x00,0xFF,
  0xFF,0xFF,0xFF,0xFF,0xFF,0xFF,0xFF,0xFF,0xE2,0x1F,0x00,0x00,0x00,0xCF,0x6E,0x32,0x16,0x06,0x1E,0x7D,
  0xFE,0xFF,0xFF,0xAC,0x00,0x00,0x00,0x00,0x00,0x00,0x00,0x00,0x00,0x00,0xD3,0xFF,0xFF,0xF6,0x03,0x00,
  0x00,0x19,0x84,0xC7,0xEC,0xFA,0xFF,0xFF,0xFF,0xFF,0xFF,0xFF,0x16,0x00,0x31,0xEE,0xFF,0xFF,0xFF,0xFF,
  0xFF,0xFF,0xFF,0xFF,0xFF,0xFF,0x1C,0x00,0xC1,0xFF,0xFF,0xFF,0x8D,0x18,0x00,0x00,0xC7,0xFF,0xFF,0xFF,
  0x1C,0x02,0xFC,0xFF,0xFF,0xEB,0x01,0x00,0x00,0x00,0xE5,0xFF,0xFF,0xFF,0x1C,0x04,0xFE,0xFF,0xFF,0xE6,
  0x00,0x00,0x00,0x40,0xFF,0xFF,0xFF,0xFF,0x1C,0x00,0xCB,0xFF,0xFF,0xFF,0x71,0x0C,0x3D,0xE2,0xFF,0xFF,
  0xFF,0xFF,0x1C,0x00,0x41,0xFB,0xFF,0xFF,0xFF,0xFF,0xFF,0xC0,0xCB,0xFF,0xFF,0xFF,0x1C,0x00,0x00,0x39,
  0xB8,0xF2,0xF7,0xD6,0x7C,0x06,0xC4,0xFF,0xFF,0xFF,0x1C,0x00,0x00,0x00,0x00,0x09,0xB8,0xFF,0xF7,0x2A,
  0x00,0x00,0x00,0x00,0x00,0x00,0x00,0x00,0x00,0x00,0x00,0x00,0x00,0x07,0xB4,0xFF,0xD0,0x06,0x00,0x00,
  0x00,0x00,0x00,0x00,0x00,0x00,0x00,0x00,0x00,0x00,0x00,0x06,0xB0,0xFF,0x8D,0x00,0x00,0x00,0x00,0x00,
  0x00,0x00,0x00,0x00,0x00,0x00,0x00,0xCD,0xE1,0x37,0x05,0x1C,0xAA,0xFF,0x23,0x00,0x00,0x00,0x00,0x00,
  0x00,0x00,0x00,0x00,0x65,0xFF,0xFF,0xFF,0xFF,0xFF,0xBC,0x00,0x00,0x00,0x00,0x00,0x00,0x00,0x00,0x00,
  0x00,0x00,0x68,0xD4,0xF6,0xE4,0x98,0x13,0x00,0x00,0x00,0x00,0x00,0x00,0x00,0x00,0x00,0x00,0x00,0x00,
  0x00,0x00,0x00,0x00,0x00,0x00,0x00,0x00,0x00,0x00,0x00,0x00,0x00,0x00,0x00,0x00,0x00,0x00,0x00,0x00,
  0x00,0x00,0x00,0x00,0x00,0x00,0x00,0x00,0x00,0x00,0x00,0x00,0x24,0xFF,0xFF,0xFF,0xFF,0xFF,0x2B,0x00,
  0x00,0x00,0x00,0x00,0x00,0x00,0x00,0x00,0x00,0x83,0xFF,0xFF,0xFF,0xFF,0xFF,0x89,0x00,0x00,0x00,0x00,
  0x00,0x00,0x00,0x00,0x00,0x01,0xE0,0xFF,0xFF,0xFF,0xFF,0xFF,0xE5,0x03,0x00,0x00,0x00,0x00,0x00,0x00,
  0x00,0x00,0x41,0xFF,0xFF,0xFF,0xF8,0xFF,0xFF,0xFF,0x47,0x00,0x00,0x00,0x00,0x00,0x00,0x00,0x00,0xA0,
  0xFF,0xFF,0xFF,0x71,0xFF,0xFF,0xFF,0xA6,0x00,0x00,0x00,0x00,0x00,0x00,0x00,0x0B,0xF3,0xFF,0xFF,0xE1,
  0x01,0xDB,0xFF,0xFF,0xF6,0x0F,0x00,0x00,0x00,0x00,0x00,0x00,0x5E,0xFF,0xFF,0xFF,0x89,0x00,0x83,0xFF,
  0xFF,0xFF,0x64,0x00,0x00,0x00,0x00,0x00,0x00,0xBD,0xFF,0xFF,0xFF,0x2F,0x00,0x2A,0xFF,0xFF,0xFF,0xC3,
  0x00,0x00,0x00,0x00,0x00,0x1D,0xFD,0xFF,0xFF,0xD6,0x00,0x00,0x00,0xD1,0xFF,0xFF,0xFF,0x23,0x00,0x00,
  0x00,0x00,0x7B,0xFF,0xFF,0xFF,0x7C,0x00,0x00,0x00,0x78,0xFF,0xFF,0xFF,0x81,0x00,0x00,0x00,0x00,0xD9,
  0xFF,0xFF,0xFF,0xFF,0xFF,0xFF,0xFF,0xFF,0xFF,0xFF,0xFF,0xDF,0x01,0x00,0x00,0x39,0xFF,0xFF,0xFF,0xFF,
  0xFF,0xFF,0xFF,0xFF,0xFF,0xFF,0xFF,0xFF,0xFF,0x3F,0x00,0x00,0x98,0xFF,0xFF,0xFF,0x26,0x00,0x00,0x00,
  0x00,0x00,0x20,0xFF,0xFF,0xFF,0x9E,0x00,0x07,0xEF,0xFF,0xFF,0xE5,0x00,0x00,0x00,0x00,0x00,0x00,0x00,
  0xDF,0xFF,0xFF,0xF3,0x0A,0x56,0xFF,0xFF,0xFF,0xA4,0x00,0x00,0x00,0x00,0x00,0x00,0x00,0x9E,0xFF,0xFF,
  0xFF,0x5C,0xB5,0xFF,0xFF,0xFF,0x64,0x00,0x00,0x00,0x00,0x00,0x00,0x00,0x5D,0xFF,0xFF,0xFF,0xBC,0x00,
  0x00,0x00,0x6B,0xFE,0xFF,0x7A,0x00,0x00,0x00,0x00,0x00,0x00,0x00,0x00,0x00,0x00,0x00,0x65,0xFE,0xFA,
  0x34,0x00,0x00,0x00,0x00,0x00,0x00,0x00,0x00,0x00,0x00,0x00,0x61,0xFD,0xD9,0x0B,0x00,0x00,0x00,0x00,
  0x00,0x00,0x00,0x00,0x75,0xFF,0x69,0x0D,0x0C,0x65,0xFE,0x7B,0x00,0x00,0x00,0x00,0x00,0x00,0x1D,0xEF,
  0xFF,0xFF,0xFF,0xFF,0xF2,0x22,0x00,0x00,0x00,0x00,0x00,0x00,0x00,0x34,0xBA,0xEF,0xEF,0xBD,0x38,0x00,
  0x00,0x00,0x00,0x00,0x00,0x00,0x00,0x00,0x00,0x00,0x00,0x00,0x00,0x00,0x00,0x00,0x00,0x00,0x00,0x00,
  0x00,0x00,0x00,0x00,0x00,0x00,0x00,0x00,0x00,0x00,0x00,0x00,0x00,0x26,0x72,0xB9,0xE4,0xF9,0xF9,0xE9,
  0xC1,0x78,0x0E,0x00,0x00,0x00,0x00,0xFF,0xFF,0xFF,0xFF,0xFF,0xFF,0xFF,0xFF,0xFF,0xE2,0x1F,0x00,0x00,
  0x00,0xCF,0x6E,0x32,0x16,0x06,0x1E,0x7D,0xFE,0xFF,0xFF,0xAC,0x00,0x00,0x00,0x00,0x00,0x00,0x00,0x00,
  0x00,0x00,0xD3,0xFF,0xFF,0xF6,0x03,0x00,0x00,0x19,0x84,0xC7,0xEC,0xFA,0xFF,0xFF,0xFF,0xFF,0xFF,0xFF,
  0x16,0x00,0x31,0xEE,0xFF,0xFF,0xFF,0xFF,0xFF,0xFF,0xFF,0xFF,0xFF,0xFF,0x1C,0x00,0xC1,0xFF,0xFF,0xFF,
  0x8D,0x18,0x00,0x00,0xC7,0xFF,0xFF,0xFF,0x1C,0x02,0xFC,0xFF,0xFF,0xEB,0x01,0x00,0x00,0x00,0xE5,0xFF,
  0xFF,0xFF,0x1C,0x04,0xFE,0xFF,0xFF,0xE6,0x00,0x00,0x00,0x40,0xFF,0xFF,0xFF,0xFF,0x1C,0x00,0xCB,0xFF,
  0xFF,0xFF,0x71,0x0C,0x3D,0xE2,0xFF,0xFF,0xFF,0xFF,0x1C,0x00,0x41,0xFB,0xFF,0xFF,0xFF,0xFF,0xFF,0xC0,
  0xCB,0xFF,0xFF,0xFF,0x1C,0x00,0x00,0x39,0xB8,0xF2,0xF7,0xD6,0x7C,0x06,0xC4,0xFF,0xFF,0xFF,0x1C,0x00,
  0x00,0x00,0x00,0x00,0x02,0x45,0x75,0x85,0x6A,0x18,0x00,0x00,0x00,0x00,0x00,0x00,0x00,0x00,0x00,0x00,
  0x00,0x14,0xE5,0xA4,0x93,0xD9,0xEC,0x1B,0x00,0x00,0x00,0x00,0x00,0x00,0x00,0x00,0x00,0x00,0x02,0x03,
  0x00,0x00,0x63,0xFF,0x4A,0x00,0x00,0x00,0x00,0x00,0x00,0x00,0x00,0x00,0x00,0x00,0x00,0x00,0x4F,0xF3,
  0xDD,0x0E,0x00,0x00,0x00,0x00,0x00,0x00,0x00,0x00,0x00,0x01,0xE7,0xD1,0x48,0xFF,0xF2,0xD3,0xFA,0x0D,
  0x00,0x00,0x00,0x00,0x00,0x00,0x00,0x00,0x00,0x81,0xFF,0xFF,0xFF,0xFF,0xFF,0xA0,0x00,0x00,0x00,0x00,
  0x00,0x00,0x00,0x00,0x00,0x00,0x03,0x79,0xDA,0xF7,0xDF,0x8A,0x0A,0x00,0x00,0x00,0x00,0x00,0x00,0x00,
  0x00,0x00,0x00,0x00,0x00,0x00,0x00,0x00,0x00,0x00,0x00,0x00,0x00,0x00,0x00,0x00,0x00,0x00,0x00,0x00,
  0x00,0x00,0x00,0x00,0x00,0x00,0x00,0x00,0x00,0x00,0x00,0x00,0x00,0x00,0x00,0x00,0x00,0x24,0xFF,0xFF,
  0xFF,0xFF,0xFF,0x2B,0x00,0x00,0x00,0x00,0x00,0x00,0x00,0x00,0x00,0x00,0x83,0xFF,0xFF,0xFF,0xFF,0xFF,
  0x89,0x00,0x00,0x00,0x00,0x00,0x00,0x00,0x00,0x00,0x01,0xE0,0xFF,0xFF,0xFF,0xFF,0xFF,0xE5,0x03,0x00,
  0x00,0x00,0x00,0x00,0x00,0x00,0x00,0x41,0xFF,0xFF,0xFF,0xF8,0xFF,0xFF,0xFF,0x47,0x00,0x00,0x00,0x00,
  0x00,0x00,0x00,0x00,0xA0,0xFF,0xFF,0xFF,0x71,0xFF,0xFF,0xFF,0xA6,0x00,0x00,0x00,0x00,0x00,0x00,0x00,
  0x0B,0xF3,0xFF,0xFF,0xE1,0x01,0xDB,0xFF,0xFF,0xF6,0x0F,0x00,0x00,0x00,0x00,0x00,0x00,0x5E,0xFF,0xFF,
  0xFF,0x89,0x00,0x83,0xFF,0xFF,0xFF,0x64,0x00,0x00,0x00,0x00,0x00,0x00,0xBD,0xFF,0xFF,0xFF,0x2F,0x00,
  0x2A,0xFF,0xFF,0xFF,0xC3,0x00,0x00,0x00,0x00,0x00,0x1D,0xFD,0xFF,0xFF,0xD6,0x00,0x00,0x00,0xD1,0xFF,
  0xFF,0xFF,0x23,0x00,0x00,0x00,0x00,0x7B,0xFF,0xFF,0xFF,0x7C,0x00,0x00,0x00,0x78,0xFF,0xFF,0xFF,0x81,
  0x00,0x00,0x00,0x00,0xD9,0xFF,0xFF,0xFF,0xFF,0xFF,0xFF,0xFF,0xFF,0xFF,0xFF,0xFF,0xDF,0x01,0x00,0x00,
  0x39,0xFF,0xFF,0xFF,0xFF,0xFF,0xFF,0xFF,0xFF,0xFF,0xFF,0xFF,0xFF,0xFF,0x3F,0x00,0x00,0x98,0xFF,0xFF,
  0xFF,0x26,0x00,0x00,0x00,0x00,0x00,0x20,0xFF,0xFF,0xFF,0x9E,0x00,0x07,0xEF,0xFF,0xFF,0xE5,0x00,0x00,
  0x00,0x00,0x00,0x00,0x00,0xDF,0xFF,0xFF,0xF3,0x0A,0x56,0xFF,0xFF,0xFF,0xA4,0x00,0x00,0x00,0x00,0x00,
  0x00,0x00,0x9E,0xFF,0xFF,0xFF,0x5C,0xB5,0xFF,0xFF,0xFF,0x64,0x00,0x00,0x00,0x00,0x00,0x00,0x00,0x5D,
  0xFF,0xFF,0xFF,0xBC,0x00,0x00,0x00,0x00,0x1D,0x61,0x82,0x7C,0x46,0x01,0x00,0x00,0x00,0x00,0x00,0x00,
  0x00,0x00,0x91,0xC0,0x94,0xA9,0xFC,0x88,0x00,0x00,0x00,0x00,0x00,0x00,0x00,0x00,0x05,0x00,0x00,0x04,
  0xDE,0xCA,0x00,0x00,0x00,0x00,0x00,0x00,0x00,0x00,0x00,0x00,0x0D,0xB5,0xFF,0x6D,0x00,0x00,0x00,0x00,
  0x00,0x00,0x00,0x69,0xFF,0x73,0xA6,0xFF,0xC0,0xFC,0x87,0x00,0x00,0x00,0x00,0x00,0x00,0x16,0xEA,0xFF,
  0xFF,0xFF,0xFF,0xF6,0x2A,0x00,0x00,0x00,0x00,0x00,0x00,0x00,0x2E,0xB6,0xED,0xF0,0xC1,0x3E,0x00,0x00,
  0x00,0x00,0x00,0x00,0x00,0x00,0x00,0x00,0x00,0x00,0x00,0x00,0x00,0x00,0x00,0x00,0x00,0x00,0x00,0x00,
  0x00,0x00,0x00,0x00,0x00,0x00,0x00,0x00,0x00,0x00,0x00,0x00,0x26,0x72,0xB9,0xE4,0xF9,0xF9,0xE9,0xC1,
  0x78,0x0E,0x00,0x00,0x00,0x00,0xFF,0xFF,0xFF,0xFF,0xFF,0xFF,0xFF,0xFF,0xFF,0xE2,0x1F,0x00,0x00,0x00,
  0xCF,0x6E,0x32,0x16,0x06,0x1E,0x7D,0xFE,0xFF,0xFF,0xAC,0x00,0x00,0x00,0x00,0x00,0x00,0x00,0x00,0x00,
  0x00,0xD3,0xFF,0xFF,0xF6,0x03,0x00,0x00,0x19,0x84,0xC7,0xEC,0xFA,0xFF,0xFF,0xFF,0xFF,0xFF,0xFF,0x16,
  0x00,0x31,0xEE,0xFF,0xFF,0xFF,0xFF,0xFF,0xFF,0xFF,0xFF,0xFF,0xFF,0x1C,0x00,0xC1,0xFF,0xFF,0xFF,0x8D,
  0x18,0x00,0x00,0xC7,0xFF,0xFF,0xFF,0x1C,0x02,0xFC,0xFF,0xFF,0xEB,0x01,0x00,0x00,0x00,0xE5,0xFF,0xFF,
  0xFF,0x1C,0x04,0xFE,0xFF,0xFF,0xE6,0x00,0x00,0x00,0x40,0xFF,0xFF,0xFF,0xFF,0x1C,0x00,0xCB,0xFF,0xFF,
  0xFF,0x71,0x0C,0x3D,0xE2,0xFF,0xFF,0xFF,0xFF,0x1C,0x00,0x41,0xFB,0xFF,0xFF,0xFF,0xFF,0xFF,0xC0,0xCB,
  0xFF,0xFF,0xFF,0x1C,0x00,0x00,0x39,0xB8,0xF2,0xF7,0xD6,0x7C,0x06,0xC4,0xFF,0xFF,0xFF,0x1C,0x00,0x00,
  0x00,0x00,0x00,0x36,0xDB,0xEF,0xA3,0x2E,0x42,0xFF,0x64,0x00,0x00,0x00,0x00,0x00,0x00,0x00,0x00,0x00,
  0xCC,0xFF,0xFF,0xFF,0xFF,0xFF,0xFF,0x34,0x00,0x00,0x00,0x00,0x00,0x00,0x00,0x00,0x02,0xFB,0xA1,0x18,
  0x77,0xDC,0xF2,0x89,0x00,0x00,0x00,0x00,0x00,0x00,0x00,0x00,0x00,0x00,0xCD,0xE1,0x37,0x05,0x1C,0xAA,
  0xFF,0x23,0x00,0x00,0x00,0x00,0x00,0x00,0x00,0x00,0x00,0x65,0xFF,0xFF,0xFF,0xFF,0xFF,0xBC,0x00,0x00,
  0x00,0x00,0x00,0x00,0x00,0x00,0x00,0x00,0x00,0x68,0xD4,0xF6,0xE4,0x98,0x13,0x00,0x00,0x00,0x00,0x00,
  0x00,0x00,0x00,0x00,0x00,0x00,0x00,0x00,0x00,0x00,0x00,0x00,0x00,0x00,0x00,0x00,0x00,0x00,0x00,0x00,
  0x00,0x00,0x00,0x00,0x00,0x00,0x00,0x00,0x00,0x00,0x00,0x00,0x00,0x00,0x00,0x00,0x00,0x00,0x00,0x24,
  0xFF,0xFF,0xFF,0xFF,0xFF,0x2B,0x00,0x00,0x00,0x00,0x00,0x00,0x00,0x00,0x00,0x00,0x83,0xFF,0xFF,0xFF,
  0xFF,0xFF,0x89,0x00,0x00,0x00,0x00,0x00,0x00,0x00,0x00,0x00,0x01,0xE0,0xFF,0xFF,0xFF,0xFF,0xFF,0xE5,
  0x03,0x00,0x00,0x00,0x00,0x00,0x00,0x00,0x00,0x41,0xFF,0xFF,0xFF,0xF8,0xFF,0xFF,0xFF,0x47,0x00,0x00,
  0x00,0x00,0x00,0x00,0x00,0x00,0xA0,0xFF,0xFF,0xFF,0x71,0xFF,0xFF,0xFF,0xA6,0x00,0x00,0x00,0x00,0x00,
  0x00,0x00,0x0B,0xF3,0xFF,0xFF,0xE1,0x01,0xDB,0xFF,0xFF,0xF6,0x0F,0x00,0x00,0x00,0x00,0x00,0x00,0x5E,
  0xFF,0xFF,0xFF,0x89,0x00,0x83,0xFF,0xFF,0xFF,0x64,0x00,0x00,0x00,0x00,0x00,0x00,0xBD,0xFF,0xFF,0xFF,
  0x2F,0x00,0x2A,0xFF,0xFF,0xFF,0xC3,0x00,0x00,0x00,0x00,0x00,0x1D,0xFD,0xFF,0xFF,0xD6,0x00,0x00,0x00,
  0xD1,0xFF,0xFF,0xFF,0x23,0x00,0x00,0x00,0x00,0x7B,0xFF,0xFF,0xFF,0x7C,0x00,0x00,0x00,0x78,0xFF,0xFF,
  0xFF,0x81,0x00,0x00,0x00,0x00,0xD9,0xFF,0xFF,0xFF,0xFF,0xFF,0xFF,0xFF,0xFF,0xFF,0xFF,0xFF,0xDF,0x01,
  0x00,0x00,0x39,0xFF,0xFF,0xFF,0xFF,0xFF,0xFF,0xFF,0xFF,0xFF,0xFF,0xFF,0xFF,0xFF,0x3F,0x00,0x00,0x98,
  0xFF,0xFF,0xFF,0x26,0x00,0x00,0x00,0x00,0x00,0x20,0xFF,0xFF,0xFF,0x9E,0x00,0x07,0xEF,0xFF,0xFF,0xE5,
  0x00,0x00,0x00,0x00,0x00,0x00,0x00,0xDF,0xFF,0xFF,0xF3,0x0A,0x56,0xFF,0xFF,0xFF,0xA4,0x00,0x00,0x00,
  0x00,0x00,0x00,0x00,0x9E,0xFF,0xFF,0xFF,0x5C,0xB5,0xFF,0xFF,0xFF,0x64,0x00,0x00,0x00,0x00,0x00,0x00,
  0x00,0x5D,0xFF,0xFF,0xFF,0xBC,0x00,0x00,0x00,0x01,0x99,0xF3,0xD2,0x69,0x11,0xBB,0xE4,0x00,0x00,0x00,
  0x00,0x00,0x00,0x4C,0xFF,0xFF,0xFF,0xFF,0xFF,0xFF,0xB4,0x00,0x00,0x00,0x00,0x00,0x00,0x7D,0xFE,0x27,
  0x40,0xB0,0xF4,0xD3,0x2A,0x00,0x00,0x00,0x00,0x00,0x00,0x4D,0xFF,0x8A,0x13,0x07,0x4C,0xF4,0xA3,0x00,
  0x00,0x00,0x00,0x00,0x00,0x09,0xDB,0xFF,0xFF,0xFF,0xFF,0xFD,0x3F,0x00,0x00,0x00,0x00,0x00,0x00,0x00,
  0x22,0xAA,0xE9,0xF3,0xCA,0x4E,0x00,0x00,0x00,0x00,0x00,0x00,0x00,0x00,0x00,0x00,0x00,0x00,0x00,0x00,
  0x00,0x00,0x00,0x00,0x00,0x00,0x00,0x00,0x00,0x00,0x00,0x00,0x00,0x00,0x00,0x00,0x00,0x00,0x00,0x00,
  0x26,0x72,0xB9,0xE4,0xF9,0xF9,0xE9,0xC1,0x78,0x0E,0x00,0x00,0x00,0x00,0xFF,0xFF,0xFF,0xFF,0xFF,0xFF,
  0xFF,0xFF,0xFF,0xE2,0x1F,0x00,0x00,0x00,0xCF,0x6E,0x32,0x16,0x06,0x1E,0x7D,0xFE,0xFF,0xFF,0xAC,0x00,
  0x00,0x00,0x00,0x00,0x00,0x00,0x00,0x00,0x00,0xD3,0xFF,0xFF,0xF6,0x03,0x00,0x00,0x19,0x84,0xC7,0xEC,
  0xFA,0xFF,0xFF,0xFF,0xFF,0xFF,0xFF,0x16,0x00,0x31,0xEE,0xFF,0xFF,0xFF,0xFF,0xFF,0xFF,0xFF,0xFF,0xFF,
  0xFF,0x1C,0x00,0xC1,0xFF,0xFF,0xFF,0x8D,0x18,0x00,0x00,0xC7,0xFF,0xFF,0xFF,0x1C,0x02,0xFC,0xFF,0xFF,
  0xEB,0x01,0x00,0x00,0x00,0xE5,0xFF,0xFF,0xFF,0x1C,0x04,0xFE,0xFF,0xFF,0xE6,0x00,0x00,0x00,0x40,0xFF,
  0xFF,0xFF,0xFF,0x1C,0x00,0xCB,0xFF,0xFF,0xFF,0x71,0x0C,0x3D,0xE2,0xFF,0xFF,0xFF,0xFF,0x1C,0x00,0x41,
  0xFB,0xFF,0xFF,0xFF,0xFF,0xFF,0xC0,0xCB,0xFF,0xFF,0xFF,0x1C,0x00,0x00,0x39,0xB8,0xF2,0xF7,0xD6,0x7C,
  0x06,0xC4,0xFF,0xFF,0xFF,0x1C,0x00,0x00,0x00,0x00,0x0B,0xFC,0xBB,0x20,0x04,0x24,0xC6,0xF4,0x03,0x00,
  0x00,0x00,0x00,0x00,0x00,0x00,0x00,0x00,0xAC,0xFF,0xFF,0xFF,0xFF,0xFF,0x9C,0x00,0x00,0x00,0x00,0x00,
  0x00,0x00,0x00,0x00,0x00,0x0F,0x90,0xE0,0xF7,0xDE,0x88,0x0A,0x00,0x00,0x00,0x00,0x00,0x00,0x00,0x00,
  0x00,0x00,0x00,0x00,0x00,0x00,0x00,0x00,0x00,0x00,0x00,0x00,0x00,0x00,0x00,0x00,0x00,0x00,0x00,0x24,
  0xFF,0xFF,0xFF,0xFF,0xFF,0x2B,0x00,0x00,0x00,0x00,0x00,0x00,0x00,0x00,0x00,0x00,0x83,0xFF,0xFF,0xFF,
  0xFF,0xFF,0x89,0x00,0x00,0x00,0x00,0x00,0x00,0x00,0x00,0x00,0x01,0xE0,0xFF,0xFF,0xFF,0xFF,0xFF,0xE5,
  0x03,0x00,0x00,0x00,0x00,0x00,0x00,0x00,0x00,0x41,0xFF,0xFF,0xFF,0xF8,0xFF,0xFF,0xFF,0x47,0x00,0x00,
  0x00,0x00,0x00,0x00,0x00,0x00,0xA0,0xFF,0xFF,0xFF,0x71,0xFF,0xFF,0xFF,0xA6,0x00,0x00,0x00,0x00,0x00,
  0x00,0x00,0x0B,0xF3,0xFF,0xFF,0xE1,0x01,0xDB,0xFF,0xFF,0xF6,0x0F,0x00,0x00,0x00,0x00,0x00,0x00,0x5E,
  0xFF,0xFF,0xFF,0x89,0x00,0x83,0xFF,0xFF,0xFF,0x64,0x00,0x00,0x00,0x00,0x00,0x00,0xBD,0xFF,0xFF,0xFF,
  0x2F,0x00,0x2A,0xFF,0xFF,0xFF,0xC3,0x00,0x00,0x00,0x00,0x00,0x1D,0xFD,0xFF,0xFF,0xD6,0x00,0x00,0x00,
  0xD1,0xFF,0xFF,0xFF,0x23,0x00,0x00,0x00,0x00,0x7B,0xFF,0xFF,0xFF,0x7C,0x00,0x00,0x00,0x78,0xFF,0xFF,
  0xFF,0x81,0x00,0x00,0x00,0x00,0xD9,0xFF,0xFF,0xFF,0xFF,0xFF,0xFF,0xFF,0xFF,0xFF,0xFF,0xFF,0xDF,0x01,
  0x00,0x00,0x39,0xFF,0xFF,0xFF,0xFF,0xFF,0xFF,0xFF,0xFF,0xFF,0xFF,0xFF,0xFF,0xFF,0x3F,0x00,0x00,0x98,
  0xFF,0xFF,0xFF,0x26,0x00,0x00,0x00,0x00,0x00,0x20,0xFF,0xFF,0xFF,0x9E,0x00,0x07,0xEF,0xFF,0xFF,0xE5,
  0x00,0x00,0x00,0x00,0x00,0x00,0x00,0xDF,0xFF,0xFF,0xF3,0x0A,0x56,0xFF,0xFF,0xFF,0xA4,0x00,0x00,0x00,
  0x00,0x00,0x00,0x00,0x9E,0xFF,0xFF,0xFF,0x5C,0xB5,0xFF,0xFF,0xFF,0x64,0x00,0x00,0x00,0x00,0x00,0x00,
  0x00,0x5D,0xFF,0xFF,0xFF,0xBC,0x00,0x00,0x00,0x00,0x00,0x00,0x00,0x00,0x00,0x00,0x00,0x00,0x00,0x00,
  0x00,0x00,0x00,0x00,0x00,0x00,0x00,0x00,0x00,0x34,0x78,0x78,0x78,0x30,0x00,0x00,0x00,0x00,0x00,0x00,
  0x00,0x00,0x00,0x00,0x00,0x00,0x70,0xFF,0xFF,0xFF,0x68,0x00,0x00,0x00,0x00,0x00,0x00,0x00,0x00,0x00,
  0x00,0x00,0x00,0x70,0xFF,0xFF,0xFF,0x68,0x00,0x00,0x00,0x00,0x00,0x00,0x00,0x00,0x00,0x00,0x00,0x00,
  0x4B,0xAC,0xAC,0xAC,0x45,0x00,0x00,0x00,0x00,0x00,0x00,0x00,0x00,0x00,0x00,0xA8,0xF2,0x43,0x07,0x10,
  0x7D,0xFF,0x57,0x00,0x00,0x00,0x00,0x00,0x00,0x4D,0xFF,0xFF,0xFF,0xFF,0xFF,0xE8,0x13,0x00,0x00,0x00,
  0x00,0x00,0x00,0x00,0x59,0xCD,0xF4,0xEA,0xB3,0x2E,0x00,0x00,0x00,0x00,0x00,0x00,0x00,0x00,0x00,0x00,
  0x00,0x00,0x00,0x00,0x00,0x00,0x00,0x00,0x00,0x00,0x00,0x00,0x00,0x00,0x00,0x00,0x00,0x00,0x00,0x00,
  0x00,0x00,0x00,0x26,0x72,0xB9,0xE4,0xF9,0xF9,0xE9,0xC1,0x78,0x0E,0x00,0x00,0x00,0x00,0xFF,0xFF,0xFF,
  0xFF,0xFF,0xFF,0xFF,0xFF,0xFF,0xE2,0x1F,0x00,0x00,0x00,0xCF,0x6E,0x32,0x16,0x06,0x1E,0x7D,0xFE,0xFF,
  0xFF,0xAC,0x00,0x00,0x00,0x00,0x00,0x00,0x00,0x00,0x00,0x00,0xD3,0xFF,0xFF,0xF6,0x03,0x00,0x00,0x19,
  0x84,0xC7,0xEC,0xFA,0xFF,0xFF,0xFF,0xFF,0xFF,0xFF,0x16,0x00,0x31,0xEE,0xFF,0xFF,0xFF,0xFF,0xFF,0xFF,
  0xFF,0xFF,0xFF,0xFF,0x1C,0x00,0xC1,0xFF,0xFF,0xFF,0x8D,0x18,0x00,0x00,0xC7,0xFF,0xFF,0xFF,0x1C,0x02,
  0xFC,0xFF,0xFF,0xEB,0x01,0x00,0x00,0x00,0xE5,0xFF,0xFF,0xFF,0x1C,0x04,0xFE,0xFF,0xFF,0xE6,0x00,0x00,
  0x00,0x40,0xFF,0xFF,0xFF,0xFF,0x1C,0x00,0xCB,0xFF,0xFF,0xFF,0x71,0x0C,0x3D,0xE2,0xFF,0xFF,0xFF,0xFF,
  0x1C,0x00,0x41,0xFB,0xFF,0xFF,0xFF,0xFF,0xFF,0xC0,0xCB,0xFF,0xFF,0xFF,0x1C,0x00,0x00,0x39,0xB8,0xF2,
  0xF7,0xD6,0x7C,0x06,0xC4,0xFF,0xFF,0xFF,0x1C,0x00,0x00,0x00,0x00,0x00,0x00,0x00,0x00,0x00,0x00,0x00,
  0x00,0x00,0x00,0x00,0x00,0x00,0x00,0x27,0x78,0x78,0x78,0x3D,0x00,0x00,0x00,0x00,0x00,0x00,0x00,0x00,
  0x00,0x54,0xFF,0xFF,0xFF,0x84,0x00,0x00,0x00,0x00,0x00,0x00,0x00,0x00,0x00,0x54,0xFF,0xFF,0xFF,0x84,
  0x00,0x00,0x00,0x00,0x00,0x00,0x00,0x00,0x00,0x38,0xAC,0xAC,0xAC,0x58,0x00,0x00,0x00,0x00,0x00,0xFC,
  0xFF,0xFF,0xFF,0xFF,0xFF,0xFF,0xFF,0xFF,0xFF,0xFF,0x30,0xFC,0xFF,0xFF,0xFF,0xFF,0xFF,0xFF,0xFF,0xFF,
  0xFF,0xFF,0x30,0xFC,0xFF,0xFF,0xFF,0x28,0x00,0x00,0x00,0x00,0x00,0x00,0x00,0xFC,0xFF,0xFF,0xFF,0x28,
  0x00,0x00,0x00,0x00,0x00,0x00,0x00,0xFC,0xFF,0xFF,0xFF,0x28,0x00,0x00,0x00,0x00,0x00,0x00,0x00,0xFC,
  0xFF,0xFF,0xFF,0x28,0x00,0x00,0x00,0x00,0x00,0x00,0x00,0xFC,0xFF,0xFF,0xFF,0x28,0x00,0x00,0x00,0x00,
  0x00,0x00,0x00,0xFC,0xFF,0xFF,0xFF,0xFF,0xFF,0xFF,0xFF,0xFF,0xFF,0xC4,0x00,0xFC,0xFF,0xFF,0xFF,0xFF,
  0xFF,0xFF,0xFF,0xFF,0xFF,0xC4,0x00,0xFC,0xFF,0xFF,0xFF,0x28,0x00,0x00,0x00,0x00,0x00,0x00,0x00,0xFC,
  0xFF,0xFF,0xFF,0x28,0x00,0x00,0x00,0x00,0x00,0x00,0x00,0xFC,0xFF,0xFF,0xFF,0x28,0x00,0x00,0x00,0x00,
  0x00,0x00,0x00,0xFC,0xFF,0xFF,0xFF,0x28,0x00,0x00,0x00,0x00,0x00,0x00,0x00,0xFC,0xFF,0xFF,0xFF,0x28,
  0x00,0x00,0x00,0x00,0x00,0x00,0x00,0xFC,0xFF,0xFF,0xFF,0xFF,0xFF,0xFF,0xFF,0xFF,0xFF,0xFF,0x6C,0xFC,
  0xFF,0xFF,0xFF,0xFF,0xFF,0xFF,0xFF,0xFF,0xFF,0xFF,0x6C,0x00,0x00,0x00,0x00,0x00,0x00,0x00,0x00,0x00,
  0x00,0x00,0x00,0x00,0x00,0x00,0x3C,0x78,0x78,0x78,0x29,0x00,0x00,0x00,0x00,0x00,0x00,0x00,0x80,0xFF,
  0xFF,0xFF,0x58,0x00,0x00,0x00,0x00,0x00,0x00,0x00,0x80,0xFF,0xFF,0xFF,0x58,0x00,0x00,0x00,0x00,0x00,
  0x00,0x00,0x56,0xAC,0xAC,0xAC,0x3B,0x00,0x00,0x00,0x00,0x00,0x00,0x00,0x0E,0x72,0xBF,0xEB,0xFB,0xEE,
  0xC1,0x6B,0x08,0x00,0x00,0x00,0x00,0x34,0xE2,0xFF,0xFF,0xFF,0xFF,0xFF,0xFF,0xFF,0xD1,0x1C,0x00,0x00,
  0x1A,0xEB,0xFF,0xFF,0xEA,0x4C,0x0D,0x45,0xEA,0xFF,0xFF,0xCE,0x03,0x00,0x92,0xFF,0xFF,0xFF,0x59,0x00,
  0x00,0x00,0x67,0xFF,0xFF,0xFF,0x5D,0x00,0xE0,0xFF,0xFF,0xFB,0x0A,0x00,0x00,0x00,0x29,0xFF,0xFF,0xFF,
  0xAC,0x03,0xFE,0xFF,0xFF,0xFF,0xFF,0xFF,0xFF,0xFF,0xFF,0xFF,0xFF,0xFF,0xCF,0x03,0xFE,0xFF,0xFF,0xFF,
  0xFF,0xFF,0xFF,0xFF,0xFF,0xFF,0xFF,0xFF,0xDB,0x00,0xE1,0xFF,0xFF,0xF5,0x04,0x00,0x00,0x00,0x00,0x00,
  0x00,0x00,0x00,0x00,0x93,0xFF,0xFF,0xFF,0x53,0x00,0x00,0x00,0x00,0x00,0x00,0x00,0x00,0x00,0x1B,0xED,
  0xFF,0xFF,0xED,0x61,0x18,0x09,0x22,0x3E,0x7D,0xC6,0x45,0x00,0x00,0x35,0xE2,0xFF,0xFF,0xFF,0xFF,0xFF,
  0xFF,0xFF,0xFF,0xFF,0x48,0x00,0x00,0x00,0x0D,0x6D,0xBC,0xE9,0xFA,0xF0,0xD9,0xBC,0x7D,0x37,0x02,0x00,
  0x00,0x00,0x00,0x00,0x00,0x00,0x00,0x00,0x00,0x00,0x00,0x00,0x00,0x00,0x00,0x00,0x00,0x00,0x0D,0x78,
  0x78,0x78,0x58,0x00,0x00,0x00,0x00,0x00,0x00,0x00,0x00,0x00,0x1C,0xFF,0xFF,0xFF,0xBC,0x00,0x00,0x00,
  0x00,0x00,0x00,0x00,0x00,0x00,0x1C,0xFF,0xFF,0xFF,0xBC,0x00,0x00,0x00,0x00,0x00,0x00,0x00,0x00,0x00,
  0x12,0xAC,0xAC,0xAC,0x7E,0x00,0x00,0x00,0x00,0x00,0x00,0x07,0x4B,0x79,0x84,0x64,0x11,0x00,0x00,0x00,
  0x00,0x00,0x00,0x30,0xDE,0x9F,0x96,0xE3,0xE0,0x0B,0x00,0x00,0x00,0x00,0x00,0x04,0x00,0x00,0x00,0x7F,
  0xFF,0x2E,0x00,0x00,0x00,0x00,0x00,0x00,0x00,0x00,0x64,0xFA,0xCC,0x04,0x00,0x00,0x00,0x00,0x00,0x00,
  0x00,0x34,0xFF,0xBB,0x0C,0x00,0x00,0x00,0x00,0x00,0x00,0x00,0x00,0x28,0x70,0x2B,0x00,0x00,0x00,0x00,
  0x00,0x00,0x00,0x00,0x00,0x00,0x00,0x00,0x00,0x00,0x00,0x00,0x00,0xFC,0xFF,0xFF,0xFF,0xFF,0xFF,0xFF,
  0xFF,0xFF,0xFF,0xFF,0x30,0xFC,0xFF,0xFF,0xFF,0xFF,0xFF,0xFF,0xFF,0xFF,0xFF,0xFF,0x30,0xFC,0xFF,0xFF,
  0xFF,0x28,0x00,0x00,0x00,0x00,0x00,0x00,0x00,0xFC,0xFF,0xFF,0xFF,0x28,0x00,0x00,0x00,0x00,0x00,0x00,
  0x00,0xFC,0xFF,0xFF,0xFF,0x28,0x00,0x00,0x00,0x00,0x00,0x00,0x00,0xFC,0xFF,0xFF,0xFF,0x28,0x00,0x00,
  0x00,0x00,0x00,0x00,0x00,0xFC,0xFF,0xFF,0xFF,0x28,0x00,0x00,0x00,0x00,0x00,0x00,0x00,0xFC,0xFF,0xFF,
  0xFF,0xFF,0xFF,0xFF,0xFF,0xFF,0xFF,0xC4,0x00,0xFC,0xFF,0xFF,0xFF,0xFF,0xFF,0xFF,0xFF,0xFF,0xFF,0xC4,
  0x00,0xFC,0xFF,0xFF,0xFF,0x28,0x00,0x00,0x00,0x00,0x00,0x00,0x00,0xFC,0xFF,0xFF,0xFF,0x28,0x00,0x00,
  0x00,0x00,0x00,0x00,0x00,0xFC,0xFF,0xFF,0xFF,0x28,0x00,0x00,0x00,0x00,0x00,0x00,0x00,0xFC,0xFF,0xFF,
  0xFF,0x28,0x00,0x00,0x00,0x00,0x00,0x00,0x00,0xFC,0xFF,0xFF,0xFF,0x28,0x00,0x00,0x00,0x00,0x00,0x00,
  0x00,0xFC,0xFF,0xFF,0xFF,0xFF,0xFF,0xFF,0xFF,0xFF,0xFF,0xFF,0x6C,0xFC,0xFF,0xFF,0xFF,0xFF,0xFF,0xFF,
  0xFF,0xFF,0xFF,0xFF,0x6C,0x00,0x00,0x00,0x00,0x00,0x2B,0x6A,0x84,0x77,0x33,0x00,0x00,0x00,0x00,0x00,
  0x00,0x00,0x00,0x00,0xBB,0xB4,0x92,0xBA,0xFF,0x58,0x00,0x00,0x00,0x00,0x00,0x00,0x00,0x00,0x05,0x00,
  0x00,0x16,0xFC,0x9A,0x00,0x00,0x00,0x00,0x00,0x00,0x00,0x00,0x00,0x00,0x20,0xD3,0xFA,0x42,0x00,0x00,
  0x00,0x00,0x00,0x00,0x00,0x00,0x00,0x00,0xC7,0xF6,0x3E,0x00,0x00,0x00,0x00,0x00,0x00,0x00,0x00,0x00,
  0x00,0x00,0x69,0x5B,0x00,0x00,0x00,0x00,0x00,0x00,0x00,0x00,0x00,0x00,0x00,0x00,0x00,0x00,0x00,0x00,
  0x00,0x00,0x00,0x00,0x00,0x00,0x0E,0x72,0xBF,0xEB,0xFB,0xEE,0xC1,0x6B,0x08,0x00,0x00,0x00,0x00,0x34,
  0xE2,0xFF,0xFF,0xFF,0xFF,0xFF,0xFF,0xFF,0xD1,0x1C,0x00,0x00,0x1A,0xEB,0xFF,0xFF,0xEA,0x4C,0x0D,0x45,
  0xEA,0xFF,0xFF,0xCE,0x03,0x00,0x92,0xFF,0xFF,0xFF,0x59,0x00,0x00,0x00,0x67,0xFF,0xFF,0xFF,0x5D,0x00,
  0xE0,0xFF,0xFF,0xFB,0x0A,0x00,0x00,0x00,0x29,0xFF,0xFF,0xFF,0xAC,0x03,0xFE,0xFF,0xFF,0xFF,0xFF,0xFF,
  0xFF,0xFF,0xFF,0xFF,0xFF,0xFF,0xCF,0x03,0xFE,0xFF,0xFF,0xFF,0xFF,0xFF,0xFF,0xFF,0xFF,0xFF,0xFF,0xFF,
  0xDB,0x00,0xE1,0xFF,0xFF,0xF5,0x04,0x00,0x00,0x00,0x00,0x00,0x00,0x00,0x00,0x00,0x93,0xFF,0xFF,0xFF,
  0x53,0x00,0x00,0x00,0x00,0x00,0x00,0x00,0x00,0x00,0x1B,0xED,0xFF,0xFF,0xED,0x61,0x18,0x09,0x22,0x3E,
  0x7D,0xC6,0x45,0x00,0x00,0x35,0xE2,0xFF,0xFF,0xFF,0xFF,0xFF,0xFF,0xFF,0xFF,0xFF,0x48,0x00,0x00,0x00,
  0x0D,0x6D,0xBC,0xE9,0xFA,0xF0,0xD9,0xBC,0x7D,0x37,0x02,0x00,0x00,0x6F,0xEE,0xE0,0x82,0x16,0x8C,0xFF,
  0x18,0x00,0x00,0x00,0x1C,0xFB,0xFF,0xFF,0xFF,0xFF,0xFF,0xE7,0x01,0x00,0x00,0x00,0x49,0xFF,0x57,0x2C,
  0x99,0xED,0xE5,0x4B,0x00,0x00,0x00,0x00,0x00,0x00,0x00,0x00,0x00,0x00,0x00,0x00,0x00,0x00,0x00,0x00,
  0x00,0x00,0x00,0x00,0x00,0x00,0x00,0x00,0x00,0x00,0x00,0xFC,0xFF,0xFF,0xFF,0xFF,0xFF,0xFF,0xFF,0xFF,
  0xFF,0xFF,0x30,0xFC,0xFF,0xFF,0xFF,0xFF,0xFF,0xFF,0xFF,0xFF,0xFF,0xFF,0x30,0xFC,0xFF,0xFF,0xFF,0x28,
  0x00,0x00,0x00,0x00,0x00,0x00,0x00,0xFC,0xFF,0xFF,0xFF,0x28,0x00,0x00,0x00,0x00,0x00,0x00,0x00,0xFC,
  0xFF,0xFF,0xFF,0x28,0x00,0x00,0x00,0x00,0x00,0x00,0x00,0xFC,0xFF,0xFF,0xFF,0x28,0x00,0x00,0x00,0x00,
  0x00,0x00,0x00,0xFC,0xFF,0xFF,0xFF,0x28,0x00,0x00,0x00,0x00,0x00,0x00,0x00,0xFC,0xFF,0xFF,0xFF,0xFF,
  0xFF,0xFF,0xFF,0xFF,0xFF,0xC4,0x00,0xFC,0xFF,0xFF,0xFF,0xFF,0xFF,0xFF,0xFF,0xFF,0xFF,0xC4,0x00,0xFC,
  0xFF,0xFF,0xFF,0x28,0x00,0x00,0x00,0x00,0x00,0x00,0x00,0xFC,0xFF,0xFF,0xFF,0x28,0x00,0x00,0x00,0x00,
  0x00,0x00,0x00,0xFC,0xFF,0xFF,0xFF,0x28,0x00,0x00,0x00,0x00,0x00,0x00,0x00,0xFC,0xFF,0xFF,0xFF,0x28,
  0x00,0x00,0x00,0x00,0x00,0x00,0x00,0xFC,0xFF,0xFF,0xFF,0x28,0x00,0x00,0x00,0x00,0x00,0x00,0x00,0xFC,
  0xFF,0xFF,0xFF,0xFF,0xFF,0xFF,0xFF,0xFF,0xFF,0xFF,0x6C,0xFC,0xFF,0xFF,0xFF,0xFF,0xFF,0xFF,0xFF,0xFF,
  0xFF,0xFF,0x6C,0x00,0x00,0x00,0x00,0x51,0xED,0xC5,0x23,0x00,0x50,0xF8,0x24,0x00,0x00,0x00,0x00,0x00,
  0x01,0xE2,0xFF,0xFF,0xE7,0x32,0x92,0xFF,0x0E,0x00,0x00,0x00,0x00,0x00,0x27,0xFF,0x76,0x46,0xF1,0xFF,
  0xFF,0xC8,0x00,0x00,0x00,0x00,0x00,0x00,0x3C,0xF8,0x38,0x00,0x33,0xD5,0xE8,0x3D,0x00,0x00,0x00,0x00,
  0x00,0x00,0x00,0x00,0x00,0x00,0x00,0x00,0x00,0x00,0x00,0x00,0x00,0x00,0x00,0x00,0x00,0x00,0x00,0x00,
  0x00,0x00,0x00,0x00,0x00,0x00,0x00,0x00,0x00,0x00,0x0E,0x72,0xBF,0xEB,0xFB,0xEE,0xC1,0x6B,0x08,0x00,
  0x00,0x00,0x00,0x34,0xE2,0xFF,0xFF,0xFF,0xFF,0xFF,0xFF,0xFF,0xD1,0x1C,0x00,0x00,0x1A,0xEB,0xFF,0xFF,
  0xEA,0x4C,0x0D,0x45,0xEA,0xFF,0xFF,0xCE,0x03,0x00,0x92,0xFF,0xFF,0xFF,0x59,0x00,0x00,0x00,0x67,0xFF,
  0xFF,0xFF,0x5D,0x00,0xE0,0xFF,0xFF,0xFB,0x0A,0x00,0x00,0x00,0x29,0xFF,0xFF,0xFF,0xAC,0x03,0xFE,0xFF,
  0xFF,0xFF,0xFF,0xFF,0xFF,0xFF,0xFF,0xFF,0xFF,0xFF,0xCF,0x03,0xFE,0xFF,0xFF,0xFF,0xFF,0xFF,0xFF,0xFF,
  0xFF,0xFF,0xFF,0xFF,0xDB,0x00,0xE1,0xFF,0xFF,0xF5,0x04,0x00,0x00,0x00,0x00,0x00,0x00,0x00,0x00,0x00,
  0x93,0xFF,0xFF,0xFF,0x53,0x00,0x00,0x00,0x00,0x00,0x00,0x00,0x00,0x00,0x1B,0xED,0xFF,0xFF,0xED,0x61,
  0x18,0x09,0x22,0x3E,0x7D,0xC6,0x45,0x00,0x00,0x35,0xE2,0xFF,0xFF,0xFF,0xFF,0xFF,0xFF,0xFF,0xFF,0xFF,
  0x48,0x00,0x00,0x00,0x0D,0x6D,0xBC,0xE9,0xFA,0xF0,0xD9,0xBC,0x7D,0x37,0x02,0x00,0x00,0x00,0x00,0x00,
  0x00,0x00,0x00,0x00,0x56,0xFF,0xFF,0x8C,0x00,0x00,0x00,0x00,0x00,0x00,0x00,0x00,0x00,0x1C,0xEE,0xFF,
  0x87,0x00,0x00,0x00,0x00,0x00,0x00,0x00,0x00,0x00,0x02,0xBF,0xFF,0x83,0x00,0x00,0x00,0x00,0x00,0x00,
  0x73,0xFF,0xFF,0xFF,0xA8,0x00,0x00,0x00,0x00,0x00,0x00,0x00,0x00,0x42,0xFC,0xF1,0x65,0xDB,0xFF,0x75,
  0x00,0x00,0x00,0x00,0x00,0x00,0x1E,0xEB,0xE1,0x2C,0x00,0x13,0xC2,0xFC,0x44,0x00,0x00,0x00,0x00,0x00,
  0x00,0x00,0x00,0x00,0x00,0x00,0x00,0x00,0x00,0x00,0x00,0x00,0x00,0x00,0x00,0x00,0x00,0x00,0x00,0x00,
  0x00,0x00,0x00,0x00,0x00,0x00,0x00,0xFC,0xFF,0xFF,0xFF,0xFF,0xFF,0xFF,0xFF,0xFF,0xFF,0xFF,0x30,0x00,
  0x00,0xFC,0xFF,0xFF,0xFF,0xFF,0xFF,0xFF,0xFF,0xFF,0xFF,0xFF,0x30,0x00,0x00,0xFC,0xFF,0xFF,0xFF,0x28,
  0x00,0x00,0x00,0x00,0x00,0x00,0x00,0x00,0x00,0xFC,0xFF,0xFF,0xFF,0x28,0x00,0x00,0x00,0x00,0x00,0x00,
  0x00,0x00,0x00,0xFC,0xFF,0xFF,0xFF,0x28,0x00,0x00,0x00,0x00,0x00,0x00,0x00,0x00,0x00,0xFC,0xFF,0xFF,
  0xFF,0x28,0x00,0x00,0x00,0x00,0x00,0x00,0x00,0x00,0x00,0xFC,0xFF,0xFF,0xFF,0x28,0x00,0x00,0x00,0x00,
  0x00,0x00,0x00,0x00,0x00,0xFC,0xFF,0xFF,0xFF,0xFF,0xFF,0xFF,0xFF,0xFF,0xFF,0xC4,0x00,0x00,0x00,0xFC,
  0xFF,0xFF,0xFF,0xFF,0xFF,0xFF,0xFF,0xFF,0xFF,0xC4,0x00,0x00,0x00,0xFC,0xFF,0xFF,0xFF,0x28,0x00,0x00,
  0x00,0x00,0x00,0x00,0x00,0x00,0x00,0xFC,0xFF,0xFF,0xFF,0x28,0x00,0x00,0x00,0x00,0x00,0x00,0x00,0x00,
  0x00,0xFC,0xFF,0xFF,0xFF,0x28,0x00,0x00,0x00,0x00,0x00,0x00,0x00,0x00,0x00,0xFC,0xFF,0xFF,0xFF,0x28,
  0x00,0x00,0x00,0x00,0x00,0x00,0x00,0x00,0x00,0xFC,0xFF,0xFF,0xFF,0x28,0x00,0x00,0x00,0x00,0x00,0x00,
  0x00,0x00,0x00,0xFC,0xFF,0xFF,0xFF,0xFF,0xFF,0xFF,0xFF,0xFF,0xFF,0xFF,0x6C,0x00,0x00,0xFC,0xFF,0xFF,
  0xFF,0xFF,0xFF,0xFF,0xFF,0xFF,0xFF,0xFF,0x6C,0x00,0x00,0x00,0x00,0x00,0x00,0x00,0x00,0x00,0x00,0x00,
  0x00,0x00,0x44,0xFE,0xFF,0x9E,0x02,0x00,0x00,0x00,0x00,0x00,0x00,0x00,0x00,0x00,0x00,0x12,0xE5,0xFF,
  0x9A,0x01,0x00,0x00,0x00,0x00,0x00,0x00,0x00,0x00,0x00,0x00,0x00,0xAD,0xFF,0x95,0x01,0x00,0x00,0x00,
  0x00,0x00,0x00,0x00,0x5A,0xFF,0xFF,0xFF,0xBD,0x03,0x00,0x00,0x00,0x00,0x00,0x00,0x00,0x00,0x00,0x30,
  0xF6,0xF8,0x6B,0xCE,0xFF,0x8D,0x00,0x00,0x00,0x00,0x00,0x00,0x00,0x00,0x12,0xDF,0xEB,0x3A,0x00,0x0B,
  0xB2,0xFF,0x5A,0x00,0x00,0x00,0x00,0x00,0x00,0x00,0x00,0x00,0x00,0x00,0x00,0x00,0x00,0x00,0x00,0x00,
  0x00,0x00,0x00,0x00,0x00,0x00,0x00,0x00,0x00,0x00,0x00,0x00,0x00,0x00,0x00,0x00,0x00,0x00,0x00,0x00,
  0x00,0x00,0x0E,0x72,0xBF,0xEB,0xFB,0xEE,0xC1,0x6B,0x08,0x00,0x00,0x00,0x00,0x00,0x00,0x34,0xE2,0xFF,
  0xFF,0xFF,0xFF,0xFF,0xFF,0xFF,0xD1,0x1C,0x00,0x00,0x00,0x00,0x1A,0xEB,0xFF,0xFF,0xEA,0x4C,0x0D,0x45,
  0xEA,0xFF,0xFF,0xCE,0x03,0x00,0x00,0x00,0x92,0xFF,0xFF,0xFF,0x59,0x00,0x00,0x00,0x67,0xFF,0xFF,0xFF,
  0x5D,0x00,0x00,0x00,0xE0,0xFF,0xFF,0xFB,0x0A,0x00,0x00,0x00,0x29,0xFF,0xFF,0xFF,0xAC,0x00,0x00,0x03,
  0xFE,0xFF,0xFF,0xFF,0xFF,0xFF,0xFF,0xFF,0xFF,0xFF,0xFF,0xFF,0xCF,0x00,0x00,0x03,0xFE,0xFF,0xFF,0xFF,
  0xFF,0xFF,0xFF,0xFF,0xFF,0xFF,0xFF,0xFF,0xDB,0x00,0x00,0x00,0xE1,0xFF,0xFF,0xF5,0x04,0x00,0x00,0x00,
  0x00,0x00,0x00,0x00,0x00,0x00,0x00,0x00,0x93,0xFF,0xFF,0xFF,0x53,0x00,0x00,0x00,0x00,0x00,0x00,0x00,
  0x00,0x00,0x00,0x00,0x1B,0xED,0xFF,0xFF,0xED,0x61,0x18,0x09,0x22,0x3E,0x7D,0xC6,0x45,0x00,0x00,0x00,
  0x00,0x35,0xE2,0xFF,0xFF,0xFF,0xFF,0xFF,0xFF,0xFF,0xFF,0xFF,0x48,0x00,0x00,0x00,0x00,0x00,0x0D,0x6D,
  0xBC,0xE9,0xFA,0xF0,0xD9,0xBC,0x7D,0x37,0x02,0x00,0x00,0x00,0x00,0x00,0x00,0x00,0x00,0x23,0xE2,0xFF,
  0xD5,0x08,0x00,0x00,0x00,0x00,0x00,0x00,0x00,0x00,0x21,0xDF,0xFF,0x93,0x00,0x00,0x00,0x00,0x00,0x00,
  0x00,0x00,0x00,0x1E,0xDC,0xFF,0x49,0x00,0x00,0x00,0x5A,0xFF,0xFF,0xFF,0xBD,0x03,0x00,0x00,0x00,0x00,
  0x00,0x30,0xF6,0xF8,0x6B,0xCE,0xFF,0x8D,0x00,0x00,0x00,0x00,0x12,0xDF,0xEB,0x3A,0x00,0x0B,0xB2,0xFF,
  0x5A,0x00,0x00,0x00,0x00,0x00,0x00,0x00,0x00,0x00,0x00,0x00,0x00,0x00,0x00,0x00,0x00,0x00,0x00,0x00,
  0x00,0x00,0x00,0x00,0x00,0x00,0x00,0xFC,0xFF,0xFF,0xFF,0xFF,0xFF,0xFF,0xFF,0xFF,0xFF,0xFF,0x30,0xFC,
  0xFF,0xFF,0xFF,0xFF,0xFF,0xFF,0xFF,0xFF,0xFF,0xFF,0x30,0xFC,0xFF,0xFF,0xFF,0x28,0x00,0x00,0x00,0x00,
  0x00,0x00,0x00,0xFC,0xFF,0xFF,0xFF,0x28,0x00,0x00,0x00,0x00,0x00,0x00,0x00,0xFC,0xFF,0xFF,0xFF,0x28,
  0x00,0x00,0x00,0x00,0x00,0x00,0x00,0xFC,0xFF,0xFF,0xFF,0x28,0x00,0x00,0x00,0x00,0x00,0x00,0x00,0xFC,
  0xFF,0xFF,0xFF,0x28,0x00,0x00,0x00,0x00,0x00,0x00,0x00,0xFC,0xFF,0xFF,0xFF,0xFF,0xFF,0xFF,0xFF,0xFF,
  0xFF,0xC4,0x00,0xFC,0xFF,0xFF,0xFF,0xFF,0xFF,0xFF,0xFF,0xFF,0xFF,0xC4,0x00,0xFC,0xFF,0xFF,0xFF,0x28,
  0x00,0x00,0x00,0x00,0x00,0x00,0x00,0xFC,0xFF,0xFF,0xFF,0x28,0x00,0x00,0x00,0x00,0x00,0x00,0x00,0xFC,
  0xFF,0xFF,0xFF,0x28,0x00,0x00,0x00,0x00,0x00,0x00,0x00,0xFC,0xFF,0xFF,0xFF,0x28,0x00,0x00,0x00,0x00,
  0x00,0x00,0x00,0xFC,0xFF,0xFF,0xFF,0x28,0x00,0x00,0x00,0x00,0x00,0x00,0x00,0xFC,0xFF,0xFF,0xFF,0xFF,
  0xFF,0xFF,0xFF,0xFF,0xFF,0xFF,0x6C,0xFC,0xFF,0xFF,0xFF,0xFF,0xFF,0xFF,0xFF,0xFF,0xFF,0xFF,0x6C,0x00,
  0x00,0x00,0x00,0x00,0x00,0x00,0x00,0x81,0xFF,0xFF,0x62,0x00,0x00,0x00,0x00,0x00,0x00,0x00,0x00,0x00,
  0x00,0x00,0x7C,0xFF,0xF3,0x23,0x00,0x00,0x00,0x00,0x00,0x00,0x00,0x00,0x00,0x00,0x00,0x77,0xFF,0xC8,
  0x04,0x00,0x00,0x00,0x00,0x08,0xCD,0xFF,0xFF,0xFD,0x47,0x00,0x00,0x00,0x00,0x00,0x00,0x00,0x00,0xA2,
  0xFF,0xC2,0x74,0xFC,0xEE,0x22,0x00,0x00,0x00,0x00,0x00,0x00,0x6E,0xFF,0xA3,0x06,0x00,0x48,0xF1,0xD2,
  0x0B,0x00,0x00,0x00,0x00,0x00,0x00,0x00,0x00,0x00,0x00,0x00,0x00,0x00,0x00,0x00,0x00,0x00,0x00,0x00,
  0x00,0x00,0x00,0x00,0x00,0x00,0x00,0x00,0x00,0x00,0x00,0x00,0x00,0x00,0x0E,0x72,0xBF,0xEB,0xFB,0xEE,
  0xC1,0x6B,0x08,0x00,0x00,0x00,0x00,0x34,0xE2,0xFF,0xFF,0xFF,0xFF,0xFF,0xFF,0xFF,0xD1,0x1C,0x00,0x00,
  0x1A,0xEB,0xFF,0xFF,0xEA,0x4C,0x0D,0x45,0xEA,0xFF,0xFF,0xCE,0x03,0x00,0x92,0xFF,0xFF,0xFF,0x59,0x00,
  0x00,0x00,0x67,0xFF,0xFF,0xFF,0x5D,0x00,0xE0,0xFF,0xFF,0xFB,0x0A,0x00,0x00,0x00,0x29,0xFF,0xFF,0xFF,
  0xAC,0x03,0xFE,0xFF,0xFF,0xFF,0xFF,0xFF,0xFF,0xFF,0xFF,0xFF,0xFF,0xFF,0xCF,0x03,0xFE,0xFF,0xFF,0xFF,
  0xFF,0xFF,0xFF,0xFF,0xFF,0xFF,0xFF,0xFF,0xDB,0x00,0xE1,0xFF,0xFF,0xF5,0x04,0x00,0x00,0x00,0x00,0x00,
  0x00,0x00,0x00,0x00,0x93,0xFF,0xFF,0xFF,0x53,0x00,0x00,0x00,0x00,0x00,0x00,0x00,0x00,0x00,0x1B,0xED,
  0xFF,0xFF,0xED,0x61,0x18,0x09,0x22,0x3E,0x7D,0xC6,0x45,0x00,0x00,0x35,0xE2,0xFF,0xFF,0xFF,0xFF,0xFF,
  0xFF,0xFF,0xFF,0xFF,0x48,0x00,0x00,0x00,0x0D,0x6D,0xBC,0xE9,0xFA,0xF0,0xD9,0xBC,0x7D,0x37,0x02,0x00,
  0x00,0x00,0x00,0x00,0x00,0x00,0x0E,0x54,0x7D,0x81,0x5A,0x09,0x00,0x00,0x00,0x00,0x00,0x00,0x00,0x00,
  0x57,0xD2,0x99,0x9B,0xEF,0xC4,0x00,0x00,0x00,0x00,0x00,0x00,0x00,0x00,0x05,0x00,0x00,0x00,0xA7,0xFE,
  0x09,0x00,0x00,0x00,0x00,0x00,0x00,0x00,0x00,0x00,0x01,0x86,0xFF,0xA8,0x00,0x00,0x00,0x00,0x73,0xFF,
  0xFF,0xFF,0xA8,0x00,0x5B,0xFF,0x9C,0x03,0x00,0x00,0x00,0x42,0xFC,0xF1,0x65,0xDB,0xFF,0x75,0x39,0x70,
  0x1A,0x00,0x00,0x00,0x1E,0xEB,0xE1,0x2C,0x00,0x13,0xC2,0xFC,0x44,0x00,0x00,0x00,0x00,0x00,0x00,0x00,
  0x00,0x00,0x00,0x00,0x00,0x00,0x00,0x00,0x00,0x00,0x00,0x00,0x00,0x00,0x00,0x00,0x00,0x00,0x00,0x00,
  0x00,0x00,0x00,0x00,0x00,0xFC,0xFF,0xFF,0xFF,0xFF,0xFF,0xFF,0xFF,0xFF,0xFF,0xFF,0x30,0x00,0x00,0xFC,
  0xFF,0xFF,0xFF,0xFF,0xFF,0xFF,0xFF,0xFF,0xFF,0xFF,0x30,0x00,0x00,0xFC,0xFF,0xFF,0xFF,0x28,0x00,0x00,
  0x00,0x00,0x00,0x00,0x00,0x00,0x00,0xFC,0xFF,0xFF,0xFF,0x28,0x00,0x00,0x00,0x00,0x00,0x00,0x00,0x00,
  0x00,0xFC,0xFF,0xFF,0xFF,0x28,0x00,0x00,0x00,0x00,0x00,0x00,0x00,0x00,0x00,0xFC,0xFF,0xFF,0xFF,0x28,
  0x00,0x00,0x00,0x00,0x00,0x00,0x00,0x00,0x00,0xFC,0xFF,0xFF,0xFF,0x28,0x00,0x00,0x00,0x00,0x00,0x00,
  0x00,0x00,0x00,0xFC,0xFF,0xFF,0xFF,0xFF,0xFF,0xFF,0xFF,0xFF,0xFF,0xC4,0x00,0x00,0x00,0xFC,0xFF,0xFF,
  0xFF,0xFF,0xFF,0xFF,0xFF,0xFF,0xFF,0xC4,0x00,0x00,0x00,0xFC,0xFF,0xFF,0xFF,0x28,0x00,0x00,0x00,0x00,
  0x00,0x00,0x00,0x00,0x00,0xFC,0xFF,0xFF,0xFF,0x28,0x00,0x00,0x00,0x00,0x00,0x00,0x00,0x00,0x00,0xFC,
  0xFF,0xFF,0xFF,0x28,0x00,0x00,0x00,0x00,0x00,0x00,0x00,0x00,0x00,0xFC,0xFF,0xFF,0xFF,0x28,0x00,0x00,
  0x00,0x00,0x00,0x00,0x00,0x00,0x00,0xFC,0xFF,0xFF,0xFF,0x28,0x00,0x00,0x00,0x00,0x00,0x00,0x00,0x00,
  0x00,0xFC,0xFF,0xFF,0xFF,0xFF,0xFF,0xFF,0xFF,0xFF,0xFF,0xFF,0x6C,0x00,0x00,0xFC,0xFF,0xFF,0xFF,0xFF,
  0xFF,0xFF,0xFF,0xFF,0xFF,0xFF,0x6C,0x00,0x00,0x00,0x00,0x00,0x00,0x00,0x00,0x00,0x00,0x00,0x15,0x5B,
  0x80,0x7F,0x51,0x04,0x00,0x00,0x00,0x00,0x00,0x00,0x00,0x00,0x00,0x73,0xC9,0x97,0xA1,0xF6,0xA8,0x00,
  0x00,0x00,0x00,0x00,0x00,0x00,0x00,0x00,0x05,0x00,0x00,0x00,0xC2,0xEA,0x00,0x00,0x00,0x00,0x00,0x00,
  0x00,0x00,0x00,0x00,0x00,0x05,0x9D,0xFF,0x8C,0x00,0x00,0x00,0x00,0x00,0x8F,0xFF,0xFF,0xFF,0x8D,0x00,
  0x77,0xFF,0x83,0x00,0x00,0x00,0x00,0x00,0x5A,0xFF,0xE7,0x63,0xE8,0xFF,0x59,0x46,0x70,0x0E,0x00,0x00,
  0x00,0x00,0x2F,0xF6,0xD3,0x1E,0x00,0x1E,0xD3,0xF5,0x2F,0x00,0x00,0x00,0x00,0x00,0x00,0x00,0x00,0x00,
  0x00,0x00,0x00,0x00,0x00,0x00,0x00,0x00,0x00,0x00,0x00,0x00,0x00,0x00,0x00,0x00,0x00,0x00,0x00,0x00,
  0x00,0x00,0x00,0x00,0x00,0x00,0x00,0x0E,0x72,0xBF,0xEB,0xFB,0xEE,0xC1,0x6B,0x08,0x00,0x00,0x00,0x00,
  0x00,0x34,0xE2,0xFF,0xFF,0xFF,0xFF,0xFF,0xFF,0xFF,0xD1,0x1C,0x00,0x00,0x00,0x1A,0xEB,0xFF,0xFF,0xEA,
  0x4C,0x0D,0x45,0xEA,0xFF,0xFF,0xCE,0x03,0x00,0x00,0x92,0xFF,0xFF,0xFF,0x59,0x00,0x00,0x00,0x67,0xFF,
  0xFF,0xFF,0x5D,0x00,0x00,0xE0,0xFF,0xFF,0xFB,0x0A,0x00,0x00,0x00,0x29,0xFF,0xFF,0xFF,0xAC,0x00,0x03,
  0xFE,0xFF,0xFF,0xFF,0xFF,0xFF,0xFF,0xFF,0xFF,0xFF,0xFF,0xFF,0xCF,0x00,0x03,0xFE,0xFF,0xFF,0xFF,0xFF,
  0xFF,0xFF,0xFF,0xFF,0xFF,0xFF,0xFF,0xDB,0x00,0x00,0xE1,0xFF,0xFF,0xF5,0x04,0x00,0x00,0x00,0x00,0x00,
  0x00,0x00,0x00,0x00,0x00,0x93,0xFF,0xFF,0xFF,0x53,0x00,0x00,0x00,0x00,0x00,0x00,0x00,0x00,0x00,0x00,
  0x1B,0xED,0xFF,0xFF,0xED,0x61,0x18,0x09,0x22,0x3E,0x7D,0xC6,0x45,0x00,0x00,0x00,0x35,0xE2,0xFF,0xFF,
  0xFF,0xFF,0xFF,0xFF,0xFF,0xFF,0xFF,0x48,0x00,0x00,0x00,0x00,0x0D,0x6D,0xBC,0xE9,0xFA,0xF0,0xD9,0xBC,
  0x7D,0x37,0x02,0x00,0x00,0x00,0x79,0xEF,0xDD,0x7C,0x14,0x97,0xFF,0x0D,0x00,0x00,0x00,0x25,0xFE,0xFF,
  0xFF,0xFF,0xFF,0xFF,0xDC,0x00,0x00,0x00,0x00,0x55,0xFF,0x4B,0x31,0x9F,0xEF,0xE2,0x43,0x00,0x00,0x00,
  0x00,0x00,0x02,0xB7,0xFF,0xFF,0xFF,0x61,0x00,0x00,0x00,0x00,0x00,0x00,0x87,0xFF,0xD2,0x69,0xF6,0xF8,
  0x35,0x00,0x00,0x00,0x00,0x52,0xFF,0xB8,0x0E,0x00,0x36,0xE8,0xE3,0x16,0x00,0x00,0x00,0x00,0x00,0x00,
  0x00,0x00,0x00,0x00,0x00,0x00,0x00,0x00,0x00,0x00,0x00,0x00,0x00,0x00,0x00,0x00,0x00,0x00,0x00,0x00,
  0xFC,0xFF,0xFF,0xFF,0xFF,0xFF,0xFF,0xFF,0xFF,0xFF,0xFF,0x30,0xFC,0xFF,0xFF,0xFF,0xFF,0xFF,0xFF,0xFF,
  0xFF,0xFF,0xFF,0x30,0xFC,0xFF,0xFF,0xFF,0x28,0x00,0x00,0x00,0x00,0x00,0x00,0x00,0xFC,0xFF,0xFF,0xFF,
  0x28,0x00,0x00,0x00,0x00,0x00,0x00,0x00,0xFC,0xFF,0xFF,0xFF,0x28,0x00,0x00,0x00,0x00,0x00,0x00,0x00,
  0xFC,0xFF,0xFF,0xFF,0x28,0x00,0x00,0x00,0x00,0x00,0x00,0x00,0xFC,0xFF,0xFF,0xFF,0x28,0x00,0x00,0x00,
  0x00,0x00,0x00,0x00,0xFC,0xFF,0xFF,0xFF,0xFF,0xFF,0xFF,0xFF,0xFF,0xFF,0xC4,0x00,0xFC,0xFF,0xFF,0xFF,
  0xFF,0xFF,0xFF,0xFF,0xFF,0xFF,0xC4,0x00,0xFC,0xFF,0xFF,0xFF,0x28,0x00,0x00,0x00,0x00,0x00,0x00,0x00,
  0xFC,0xFF,0xFF,0xFF,0x28,0x00,0x00,0x00,0x00,0x00,0x00,0x00,0xFC,0xFF,0xFF,0xFF,0x28,0x00,0x00,0x00,
  0x00,0x00,0x00,0x00,0xFC,0xFF,0xFF,0xFF,0x28,0x00,0x00,0x00,0x00,0x00,0x00,0x00,0xFC,0xFF,0xFF,0xFF,
  0x28,0x00,0x00,0x00,0x00,0x00,0x00,0x00,0xFC,0xFF,0xFF,0xFF,0xFF,0xFF,0xFF,0xFF,0xFF,0xFF,0xFF,0x6C,
  0xFC,0xFF,0xFF,0xFF,0xFF,0xFF,0xFF,0xFF,0xFF,0xFF,0xFF,0x6C,0x00,0x00,0x00,0x00,0x6B,0xED,0xE1,0x84,
  0x17,0x89,0xFF,0x1C,0x00,0x00,0x00,0x00,0x00,0x19,0xFA,0xFF,0xFF,0xFF,0xFF,0xFF,0xEA,0x02,0x00,0x00,
  0x00,0x00,0x00,0x45,0xFF,0x5B,0x2B,0x98,0xEC,0xE6,0x4E,0x00,0x00,0x00,0x00,0x00,0x00,0x00,0x00,0xA9,
  0xFF,0xFF,0xFF,0x71,0x00,0x00,0x00,0x00,0x00,0x00,0x00,0x00,0x77,0xFF,0xDB,0x65,0xF1,0xFB,0x41,0x00,
  0x00,0x00,0x00,0x00,0x00,0x44,0xFC,0xC2,0x13,0x00,0x2C,0xE1,0xEA,0x1E,0x00,0x00,0x00,0x00,0x00,0x00,
  0x00,0x00,0x00,0x00,0x00,0x00,0x00,0x00,0x00,0x00,0x00,0x00,0x00,0x00,0x00,0x00,0x00,0x00,0x00,0x00,
  0x00,0x00,0x00,0x00,0x00,0x00,0x00,0x0E,0x72,0xBF,0xEB,0xFB,0xEE,0xC1,0x6B,0x08,0x00,0x00,0x00,0x00,
  0x34,0xE2,0xFF,0xFF,0xFF,0xFF,0xFF,0xFF,0xFF,0xD1,0x1C,0x00,0x00,0x1A,0xEB,0xFF,0xFF,0xEA,0x4C,0x0D,
  0x45,0xEA,0xFF,0xFF,0xCE,0x03,0x00,0x92,0xFF,0xFF,0xFF,0x59,0x00,0x00,0x00,0x67,0xFF,0xFF,0xFF,0x5D,
  0x00,0xE0,0xFF,0xFF,0xFB,0x0A,0x00,0x00,0x00,0x29,0xFF,0xFF,0xFF,0xAC,0x03,0xFE,0xFF,0xFF,0xFF,0xFF,
  0xFF,0xFF,0xFF,0xFF,0xFF,0xFF,0xFF,0xCF,0x03,0xFE,0xFF,0xFF,0xFF,0xFF,0xFF,0xFF,0xFF,0xFF,0xFF,0xFF,
  0xFF,0xDB,0x00,0xE1,0xFF,0xFF,0xF5,0x04,0x00,0x00,0x00,0x00,0x00,0x00,0x00,0x00,0x00,0x93,0xFF,0xFF,
  0xFF,0x53,0x00,0x00,0x00,0x00,0x00,0x00,0x00,0x00,0x00,0x1B,0xED,0xFF,0xFF,0xED,0x61,0x18,0x09,0x22,
  0x3E,0x7D,0xC6,0x45,0x00,0x00,0x35,0xE2,0xFF,0xFF,0xFF,0xFF,0xFF,0xFF,0xFF,0xFF,0xFF,0x48,0x00,0x00,
  0x00,0x0D,0x6D,0xBC,0xE9,0xFA,0xF0,0xD9,0xBC,0x7D,0x37,0x02,0x00,0x00,0x00,0x9E,0xFF,0xFF,0xFF,0x7D,
  0x00,0x00,0x00,0x00,0x00,0x00,0x6B,0xFF,0xE0,0x63,0xED,0xFD,0x4B,0x00,0x00,0x00,0x00,0x3B,0xFA,0xCA,
  0x17,0x00,0x26,0xDB,0xF0,0x25,0x00,0x00,0x00,0x00,0x00,0x00,0x00,0x00,0x00,0x00,0x00,0x00,0x00,0x00,
  0x00,0x00,0x00,0x00,0x00,0x00,0x00,0x00,0x00,0x00,0x00,0x00,0xFC,0xFF,0xFF,0xFF,0xFF,0xFF,0xFF,0xFF,
  0xFF,0xFF,0xFF,0x30,0xFC,0xFF,0xFF,0xFF,0xFF,0xFF,0xFF,0xFF,0xFF,0xFF,0xFF,0x30,0xFC,0xFF,0xFF,0xFF,
  0x28,0x00,0x00,0x00,0x00,0x00,0x00,0x00,0xFC,0xFF,0xFF,0xFF,0x28,0x00,0x00,0x00,0x00,0x00,0x00,0x00,
  0xFC,0xFF,0xFF,0xFF,0x28,0x00,0x00,0x00,0x00,0x00,0x00,0x00,0xFC,0xFF,0xFF,0xFF,0x28,0x00,0x00,0x00,
  0x00,0x00,0x00,0x00,0xFC,0xFF,0xFF,0xFF,0x28,0x00,0x00,0x00,0x00,0x00,0x00,0x00,0xFC,0xFF,0xFF,0xFF,
  0xFF,0xFF,0xFF,0xFF,0xFF,0xFF,0xC4,0x00,0xFC,0xFF,0xFF,0xFF,0xFF,0xFF,0xFF,0xFF,0xFF,0xFF,0xC4,0x00,
  0xFC,0xFF,0xFF,0xFF,0x28,0x00,0x00,0x00,0x00,0x00,0x00,0x00,0xFC,0xFF,0xFF,0xFF,0x28,0x00,0x00,0x00,
  0x00,0x00,0x00,0x00,0xFC,0xFF,0xFF,0xFF,0x28,0x00,0x00,0x00,0x00,0x00,0x00,0x00,0xFC,0xFF,0xFF,0xFF,
  0x28,0x00,0x00,0x00,0x00,0x00,0x00,0x00,0xFC,0xFF,0xFF,0xFF,0x28,0x00,0x00,0x00,0x00,0x00,0x00,0x00,
  0xFC,0xFF,0xFF,0xFF,0xFF,0xFF,0xFF,0xFF,0xFF,0xFF,0xFF,0x6C,0xFC,0xFF,0xFF,0xFF,0xFF,0xFF,0xFF,0xFF,
  0xFF,0xFF,0xFF,0x6C,0x00,0x00,0x00,0x00,0x00,0x00,0x00,0x00,0x00,0x00,0x00,0x00,0x00,0x00,0x00,0x3C,
  0x78,0x78,0x78,0x29,0x00,0x00,0x00,0x00,0x00,0x00,0x00,0x80,0xFF,0xFF,0xFF,0x58,0x00,0x00,0x00,0x00,
  0x00,0x00,0x00,0x80,0xFF,0xFF,0xFF,0x58,0x00,0x00,0x00,0x00,0x00,0x00,0x00,0x56,0xAC,0xAC,0xAC,0x3B,
  0x00,0x00,0x00,0x00,0x00,0x00,0x00,0x00,0x00,0x04,0xCB,0xFF,0xFF,0x77,0x00,0x00,0x00,0x00,0x00,0x00,
  0x00,0x00,0x00,0x81,0xFF,0xE1,0xFB,0xF9,0x2E,0x00,0x00,0x00,0x00,0x00,0x00,0x00,0x34,0xFB,0xE7,0x20,
  0x61,0xFF,0xD0,0x06,0x00,0x00,0x00,0x00,0x00,0x08,0xD7,0xF2,0x30,0x00,0x00,0x7B,0xFF,0x87,0x00,0x00,
  0x00,0x00,0x00,0x00,0x00,0x00,0x00,0x00,0x00,0x00,0x00,0x00,0x00,0x00,0x00,0x00,0x00,0x00,0x00,0x00,
  0x00,0x00,0x00,0x00,0x00,0x00,0x00,0x00,0x00,0x00,0x00,0x0E,0x72,0xBF,0xEB,0xFB,0xEE,0xC1,0x6B,0x08,
  0x00,0x00,0x00,0x00,0x34,0xE2,0xFF,0xFF,0xFF,0xFF,0xFF,0xFF,0xFF,0xD1,0x1C,0x00,0x00,0x1A,0xEB,0xFF,
  0xFF,0xEA,0x4C,0x0D,0x45,0xEA,0xFF,0xFF,0xCE,0x03,0x00,0x92,0xFF,0xFF,0xFF,0x59,0x00,0x00,0x00,0x67,
  0xFF,0xFF,0xFF,0x5D,0x00,0xE0,0xFF,0xFF,0xFB,0x0A,0x00,0x00,0x00,0x29,0xFF,0xFF,0xFF,0xAC,0x03,0xFE,
  0xFF,0xFF,0xFF,0xFF,0xFF,0xFF,0xFF,0xFF,0xFF,0xFF,0xFF,0xCF,0x03,0xFE,0xFF,0xFF,0xFF,0xFF,0xFF,0xFF,
  0xFF,0xFF,0xFF,0xFF,0xFF,0xDB,0x00,0xE1,0xFF,0xFF,0xF5,0x04,0x00,0x00,0x00,0x00,0x00,0x00,0x00,0x00,
  0x00,0x93,0xFF,0xFF,0xFF,0x53,0x00,0x00,0x00,0x00,0x00,0x00,0x00,0x00,0x00,0x1B,0xED,0xFF,0xFF,0xED,
  0x61,0x18,0x09,0x22,0x3E,0x7D,0xC6,0x45,0x00,0x00,0x35,0xE2,0xFF,0xFF,0xFF,0xFF,0xFF,0xFF,0xFF,0xFF,
  0xFF,0x48,0x00,0x00,0x00,0x0D,0x6D,0xBC,0xE9,0xFA,0xF0,0xD9,0xBC,0x7D,0x37,0x02,0x00,0x00,0x00,0x00,
  0x00,0x00,0x00,0x00,0x00,0x00,0x00,0x00,0x00,0x00,0x00,0x00,0x00,0x00,0x00,0x0D,0x78,0x78,0x78,0x58,
  0x00,0x00,0x00,0x00,0x00,0x00,0x00,0x00,0x00,0x1C,0xFF,0xFF,0xFF,0xBC,0x00,0x00,0x00,0x00,0x00,0x00,
  0x00,0x00,0x00,0x1C,0xFF,0xFF,0xFF,0xBC,0x00,0x00,0x00,0x00,0x00,0x00,0x00,0x00,0x00,0x12,0xAC,0xAC,
  0xAC,0x7E,0x00,0x00,0x00,0x00,0x1B,0x60,0x82,0x7D,0x49,0x02,0x89,0xC2,0x95,0xA7,0xFB,0x90,0x05,0x00,
  0x00,0x03,0xD7,0xD2,0x00,0x00,0x0B,0xB0,0xFF,0x75,0x00,0x00,0x8F,0xFF,0x6C,0x00,0x00,0x00,0x50,0x70,
  0x03,0x00,0x00,0x00,0x00,0x00,0x00,0x00,0x00,0xFC,0xFF,0xFF,0xFF,0x28,0x00,0xFC,0xFF,0xFF,0xFF,0x28,
  0x00,0xFC,0xFF,0xFF,0xFF,0x28,0x00,0xFC,0xFF,0xFF,0xFF,0x28,0x00,0xFC,0xFF,0xFF,0xFF,0x28,0x00,0xFC,
  0xFF,0xFF,0xFF,0x28,0x00,0xFC,0xFF,0xFF,0xFF,0x28,0x00,0xFC,0xFF,0xFF,0xFF,0x28,0x00,0xFC,0xFF,0xFF,
  0xFF,0x28,0x00,0xFC,0xFF,0xFF,0xFF,0x28,0x00,0xFC,0xFF,0xFF,0xFF,0x28,0x00,0xFC,0xFF,0xFF,0xFF,0x28,
  0x00,0xFC,0xFF,0xFF,0xFF,0x28,0x00,0xFC,0xFF,0xFF,0xFF,0x28,0x00,0xFC,0xFF,0xFF,0xFF,0x28,0x00,0xFC,
  0xFF,0xFF,0xFF,0x28,0x32,0x6D,0x85,0x75,0x2C,0x00,0xCB,0xAF,0x92,0xC2,0xFD,0x46,0x05,0x00,0x00,0x26,
  0xFF,0x86,0x00,0x00,0x2A,0xDD,0xF5,0x33,0x00,0x00,0xDB,0xEE,0x31,0x00,0x00,0x01,0x70,0x52,0x00,0x00,
  0x00,0x00,0x00,0x00,0x00,0x00,0x28,0xFF,0xFF,0xFF,0xB0,0x00,0x28,0xFF,0xFF,0xFF,0xB0,0x00,0x28,0xFF,
  0xFF,0xFF,0xB0,0x00,0x28,0xFF,0xFF,0xFF,0xB0,0x00,0x28,0xFF,0xFF,0xFF,0xB0,0x00,0x28,0xFF,0xFF,0xFF,
  0xB0,0x00,0x28,0xFF,0xFF,0xFF,0xB0,0x00,0x28,0xFF,0xFF,0xFF,0xB0,0x00,0x28,0xFF,0xFF,0xFF,0xB0,0x00,
  0x28,0xFF,0xFF,0xFF,0xB0,0x00,0x28,0xFF,0xFF,0xFF,0xB0,0x00,0x28,0xFF,0xFF,0xFF,0xB0,0x00,0xFC,0xFF,
  0xFF,0xFF,0x28,0xFC,0xFF,0xFF,0xFF,0x28,0xFC,0xFF,0xFF,0xFF,0x28,0xFC,0xFF,0xFF,0xFF,0x28,0xFC,0xFF,
  0xFF,0xFF,0x28,0xFC,0xFF,0xFF,0xFF,0x28,0xFC,0xFF,0xFF,0xFF,0x28,0xFC,0xFF,0xFF,0xFF,0x28,0xFC,0xFF,
  0xFF,0xFF,0x28,0xFC,0xFF,0xFF,0xFF,0x28,0xFC,0xFF,0xFF,0xFF,0x28,0xFC,0xFF,0xFF,0xFF,0x28,0xFC,0xFF,
  0xFF,0xFF,0x28,0xFC,0xFF,0xFF,0xFF,0x28,0xFC,0xFF,0xFF,0xFF,0x28,0xFC,0xFF,0xFF,0xFF,0x28,0x00,0x00,
  0x00,0x00,0x00,0x67,0x78,0x78,0x76,0x00,0xDC,0xFF,0xFF,0xFC,0x00,0xDC,0xFF,0xFF,0xFC,0x00,0x93,0xAC,
  0xAC,0xA9,0x00,0x28,0xFF,0xFF,0xFF,0xB0,0x28,0xFF,0xFF,0xFF,0xB0,0x28,0xFF,0xFF,0xFF,0xB0,0x28,0xFF,
  0xFF,0xFF,0xB0,0x00,0x00,0x00,0x00,0x00,0x28,0xFF,0xFF,0xFF,0xB0,0x28,0xFF,0xFF,0xFF,0xB0,0x28,0xFF,
  0xFF,0xFF,0xB0,0x28,0xFF,0xFF,0xFF,0xB0,0x28,0xFF,0xFF,0xFF,0xB0,0x28,0xFF,0xFF,0xFF,0xB0,0x28,0xFF,
  0xFF,0xFF,0xB0,0x28,0xFF,0xFF,0xFF,0xB0,0x28,0xFF,0xFF,0xFF,0xB0,0x28,0xFF,0xFF,0xFF,0xB0,0x28,0xFF,
  0xFF,0xFF,0xB0,0x28,0xFF,0xFF,0xFF,0xB0,0x00,0x00,0x00,0x00,0x00,0x14,0x78,0x78,0x78,0x50,0x2C,0xFF,
  0xFF,0xFF,0xAC,0x2C,0xFF,0xFF,0xFF,0xAC,0x1D,0xAC,0xAC,0xAC,0x73,0x00,0x00,0x00,0x00,0x47,0x9D,0xD7,
  0xF0,0xFA,0xEA,0xC8,0x89,0x25,0x00,0x00,0x00,0x00,0x00,0x00,0x1E,0xC6,0xFF,0xFF,0xFF,0xFF,0xFF,0xFF,
  0xFF,0xFF,0xFD,0x91,0x05,0x00,0x00,0x00,0x1E,0xE8,0xFF,0xFF,0xFE,0x88,0x1F,0x07,0x34,0xBB,0xFF,0xFF,
  0xFF,0xB3,0x02,0x00,0x00,0xC4,0xFF,0xFF,0xFF,0x7F,0x00,0x00,0x00,0x00,0x06,0xC9,0xFF,0xFF,0xFF,0x74,
  0x00,0x44,0xFF,0xFF,0xFF,0xEC,0x08,0x00,0x00,0x00,0x00,0x00,0x43,0xFF,0xFF,0xFF,0xEB,0x08,0x94,0xFF,
  0xFF,0xFF,0xA4,0x00,0x00,0x00,0x00,0x00,0x00,0x02,0xEF,0xFF,0xFF,0xFF,0x43,0xC9,0xFF,0xFF,0xFF,0x77,
  0x00,0x00,0x00,0x00,0x00,0x00,0x00,0xC5,0xFF,0xFF,0xFF,0x78,0xDE,0xFF,0xFF,0xFF,0x65,0x00,0x00,0x00,
  0x00,0x00,0x00,0x00,0xB2,0xFF,0xFF,0xFF,0x8E,0xDF,0xFF,0xFF,0xFF,0x65,0x00,0x00,0x00,0x00,0x00,0x00,
  0x00,0xB3,0xFF,0xFF,0xFF,0x8D,0xC9,0xFF,0xFF,0xFF,0x77,0x00,0x00,0x00,0x00,0x00,0x00,0x00,0xC5,0xFF,
  0xFF,0xFF,0x78,0x94,0xFF,0xFF,0xFF,0xA4,0x00,0x00,0x00,0x00,0x00,0x00,0x02,0xEF,0xFF,0xFF,0xFF,0x43,
  0x44,0xFF,0xFF,0xFF,0xEB,0x07,0x00,0x00,0x00,0x00,0x00,0x42,0xFF,0xFF,0xFF,0xEB,0x08,0x00,0xC4,0xFF,
  0xFF,0xFF,0x7C,0x00,0x00,0x00,0x00,0x05,0xC7,0xFF,0xFF,0xFF,0x74,0x00,0x00,0x1E,0xE8,0xFF,0xFF,0xFD,
  0x86,0x1E,0x07,0x33,0xBA,0xFF,0xFF,0xFF,0xB3,0x02,0x00,0x00,0x00,0x1F,0xC6,0xFF,0xFF,0xFF,0xFF,0xFF,
  0xFF,0xFF,0xFF,0xFD,0x92,0x05,0x00,0x00,0x00,0x00,0x00,0x00,0x47,0x9E,0xD8,0xF1,0xFB,0xEB,0xC9,0x89,
  0x25,0x00,0x00,0x00,0x00,0x00,0x00,0x00,0x00,0x00,0x00,0x00,0x00,0x00,0x00,0x00,0x00,0x00,0x00,0x00,
  0x00,0x00,0x00,0x00,0x00,0x00,0x00,0x00,0x47,0x78,0x78,0x78,0x1E,0x00,0x00,0x00,0x00,0x00,0x00,0x00,
  0x00,0x00,0x00,0x00,0x00,0x98,0xFF,0xFF,0xFF,0x40,0x00,0x00,0x00,0x00,0x00,0x00,0x00,0x00,0x00,0x00,
  0x00,0x00,0x98,0xFF,0xFF,0xFF,0x40,0x00,0x00,0x00,0x00,0x00,0x00,0x00,0x00,0x00,0x00,0x00,0x00,0x66,
  0xAC,0xAC,0xAC,0x2B,0x00,0x00,0x00,0x00,0x00,0x00,0x00,0x00,0x00,0x10,0x76,0xC2,0xEC,0xFB,0xEF,0xCB,
  0x84,0x1A,0x00,0x00,0x00,0x00,0x00,0x39,0xE6,0xFF,0xFF,0xFF,0xFF,0xFF,0xFF,0xFF,0xF1,0x4E,0x00,0x00,
  0x00,0x1C,0xEE,0xFF,0xFF,0xEC,0x46,0x07,0x36,0xDF,0xFF,0xFF,0xF8,0x31,0x00,0x00,0x94,0xFF,0xFF,0xFF,
  0x6F,0x00,0x00,0x00,0x54,0xFF,0xFF,0xFF,0xB4,0x00,0x00,0xE1,0xFF,0xFF,0xFF,0x1C,0x00,0x00,0x00,0x05,
  0xFB,0xFF,0xFF,0xF8,0x08,0x03,0xFE,0xFF,0xFF,0xFD,0x03,0x00,0x00,0x00,0x00,0xE5,0xFF,0xFF,0xFF,0x21,
  0x03,0xFE,0xFF,0xFF,0xFC,0x03,0x00,0x00,0x00,0x00,0xE5,0xFF,0xFF,0xFF,0x20,0x00,0xE1,0xFF,0xFF,0xFF,
  0x1C,0x00,0x00,0x00,0x05,0xFB,0xFF,0xFF,0xF8,0x08,0x00,0x94,0xFF,0xFF,0xFF,0x6F,0x00,0x00,0x00,0x54,
  0xFF,0xFF,0xFF,0xB4,0x00,0x00,0x1C,0xEE,0xFF,0xFF,0xEC,0x45,0x06,0x36,0xDF,0xFF,0xFF,0xF8,0x32,0x00,
  0x00,0x00,0x39,0xE7,0xFF,0xFF,0xFF,0xFF,0xFF,0xFF,0xFF,0xF1,0x4F,0x00,0x00,0x00,0x00,0x00,0x11,0x77,
  0xC3,0xED,0xFB,0xF0,0xCC,0x85,0x1A,0x00,0x00,0x00,0x00,0x00,0x00,0x00,0x00,0x00,0x00,0x00,0x00,0x00,
  0x00,0x00,0x00,0x00,0x00,0x00,0x00,0x00,0x00,0x00,0x2B,0x78,0x78,0x78,0x3A,0x00,0x00,0x00,0x00,0x00,
  0x00,0x00,0x00,0x00,0x00,0x5C,0xFF,0xFF,0xFF,0x7C,0x00,0x00,0x00,0x00,0x00,0x00,0x00,0x00,0x00,0x00,
  0x5C,0xFF,0xFF,0xFF,0x7C,0x00,0x00,0x00,0x00,0x00,0x00,0x00,0x00,0x00,0x00,0x3D,0xAC,0xAC,0xAC,0x53,
  0x00,0x00,0x00,0x00,0x00,0x00,0x00,0x00,0x00,0x00,0x0A,0x4F,0x7A,0x83,0x60,0x0D,0x00,0x00,0x00,0x00,
  0x00,0x00,0x00,0x00,0x00,0x00,0x00,0x40,0xD9,0x9D,0x98,0xE8,0xD7,0x04,0x00,0x00,0x00,0x00,0x00,0x00,
  0x00,0x00,0x00,0x00,0x05,0x00,0x00,0x00,0x8F,0xFF,0x1E,0x00,0x00,0x00,0x00,0x00,0x00,0x00,0x00,0x00,
  0x00,0x00,0x00,0x00,0x72,0xFD,0xC0,0x00,0x00,0x00,0x00,0x00,0x00,0x00,0x00,0x00,0x00,0x00,0x00,0x00,
  0x43,0xFF,0xAF,0x08,0x00,0x00,0x00,0x00,0x00,0x00,0x00,0x00,0x00,0x00,0x00,0x00,0x00,0x2F,0x70,0x24,
  0x00,0x00,0x00,0x00,0x00,0x00,0x00,0x00,0x00,0x00,0x00,0x00,0x00,0x00,0x00,0x00,0x00,0x00,0x00,0x00,
  0x00,0x00,0x00,0x00,0x00,0x00,0x00,0x00,0x47,0x9D,0xD7,0xF0,0xFA,0xEA,0xC8,0x89,0x25,0x00,0x00,0x00,
  0x00,0x00,0x00,0x1E,0xC6,0xFF,0xFF,0xFF,0xFF,0xFF,0xFF,0xFF,0xFF,0xFD,0x91,0x05,0x00,0x00,0x00,0x1E,
  0xE8,0xFF,0xFF,0xFE,0x88,0x1F,0x07,0x34,0xBB,0xFF,0xFF,0xFF,0xB3,0x02,0x00,0x00,0xC4,0xFF,0xFF,0xFF,
  0x7F,0x00,0x00,0x00,0x00,0x06,0xC9,0xFF,0xFF,0xFF,0x74,0x00,0x44,0xFF,0xFF,0xFF,0xEC,0x08,0x00,0x00,
  0x00,0x00,0x00,0x43,0xFF,0xFF,0xFF,0xEB,0x08,0x94,0xFF,0xFF,0xFF,0xA4,0x00,0x00,0x00,0x00,0x00,0x00,
  0x02,0xEF,0xFF,0xFF,0xFF,0x43,0xC9,0xFF,0xFF,0xFF,0x77,0x00,0x00,0x00,0x00,0x00,0x00,0x00,0xC5,0xFF,
  0xFF,0xFF,0x78,0xDE,0xFF,0xFF,0xFF,0x65,0x00,0x00,0x00,0x00,0x00,0x00,0x00,0xB2,0xFF,0xFF,0xFF,0x8E,
  0xDF,0xFF,0xFF,0xFF,0x65,0x00,0x00,0x00,0x00,0x00,0x00,0x00,0xB3,0xFF,0xFF,0xFF,0x8D,0xC9,0xFF,0xFF,
  0xFF,0x77,0x00,0x00,0x00,0x00,0x00,0x00,0x00,0xC5,0xFF,0xFF,0xFF,0x78,0x94,0xFF,0xFF,0xFF,0xA4,0x00,
  0x00,0x00,0x00,0x00,0x00,0x02,0xEF,0xFF,0xFF,0xFF,0x43,0x44,0xFF,0xFF,0xFF,0xEB,0x07,0x00,0x00,0x00,
  0x00,0x00,0x42,0xFF,0xFF,0xFF,0xEB,0x08,0x00,0xC4,0xFF,0xFF,0xFF,0x7C,0x00,0x00,0x00,0x00,0x05,0xC7,
  0xFF,0xFF,0xFF,0x74,0x00,0x00,0x1E,0xE8,0xFF,0xFF,0xFD,0x86,0x1E,0x07,0x33,0xBA,0xFF,0xFF,0xFF,0xB3,
  0x02,0x00,0x00,0x00,0x1F,0xC6,0xFF,0xFF,0xFF,0xFF,0xFF,0xFF,0xFF,0xFF,0xFD,0x92,0x05,0x00,0x00,0x00,
  0x00,0x00,0x00,0x47,0x9E,0xD8,0xF1,0xFB,0xEB,0xC9,0x89,0x25,0x00,0x00,0x00,0x00,0x00,0x00,0x00,0x00,
  0x01,0x42,0x74,0x85,0x6D,0x1B,0x00,0x00,0x00,0x00,0x00,0x00,0x00,0x00,0x00,0x08,0xE8,0xA6,0x92,0xD5,
  0xF1,0x22,0x00,0x00,0x00,0x00,0x00,0x00,0x00,0x00,0x00,0x04,0x00,0x00,0x57,0xFF,0x56,0x00,0x00,0x00,
  0x00,0x00,0x00,0x00,0x00,0x00,0x00,0x00,0x47,0xF0,0xE4,0x14,0x00,0x00,0x00,0x00,0x00,0x00,0x00,0x00,
  0x00,0x00,0x13,0xF8,0xD6,0x19,0x00,0x00,0x00,0x00,0x00,0x00,0x00,0x00,0x00,0x00,0x00,0x16,0x70,0x3D,
  0x00,0x00,0x00,0x00,0x00,0x00,0x00,0x00,0x00,0x00,0x00,0x00,0x00,0x00,0x00,0x00,0x00,0x00,0x00,0x00,
  0x00,0x00,0x00,0x00,0x10,0x76,0xC2,0xEC,0xFB,0xEF,0xCB,0x84,0x1A,0x00,0x00,0x00,0x00,0x00,0x39,0xE6,
  0xFF,0xFF,0xFF,0xFF,0xFF,0xFF,0xFF,0xF1,0x4E,0x00,0x00,0x00,0x1C,0xEE,0xFF,0xFF,0xEC,0x46,0x07,0x36,
  0xDF,0xFF,0xFF,0xF8,0x31,0x00,0x00,0x94,0xFF,0xFF,0xFF,0x6F,0x00,0x00,0x00,0x54,0xFF,0xFF,0xFF,0xB4,
  0x00,0x00,0xE1,0xFF,0xFF,0xFF,0x1C,0x00,0x00,0x00,0x05,0xFB,0xFF,0xFF,0xF8,0x08,0x03,0xFE,0xFF,0xFF,
  0xFD,0x03,0x00,0x00,0x00,0x00,0xE5,0xFF,0xFF,0xFF,0x21,0x03,0xFE,0xFF,0xFF,0xFC,0x03,0x00,0x00,0x00,
  0x00,0xE5,0xFF,0xFF,0xFF,0x20,0x00,0xE1,0xFF,0xFF,0xFF,0x1C,0x00,0x00,0x00,0x05,0xFB,0xFF,0xFF,0xF8,
  0x08,0x00,0x94,0xFF,0xFF,0xFF,0x6F,0x00,0x00,0x00,0x54,0xFF,0xFF,0xFF,0xB4,0x00,0x00,0x1C,0xEE,0xFF,
  0xFF,0xEC,0x45,0x06,0x36,0xDF,0xFF,0xFF,0xF8,0x32,0x00,0x00,0x00,0x39,0xE7,0xFF,0xFF,0xFF,0xFF,0xFF,
  0xFF,0xFF,0xF1,0x4F,0x00,0x00,0x00,0x00,0x00,0x11,0x77,0xC3,0xED,0xFB,0xF0,0xCC,0x85,0x1A,0x00,0x00,
  0x00,0x00,0x00,0x00,0x00,0x00,0x00,0x00,0x00,0x00,0x00,0x00,0x00,0x8B,0xFF,0xFC,0x5C,0x00,0x00,0x00,
  0x00,0x00,0x00,0x00,0x00,0x00,0x00,0x00,0x00,0x41,0xFE,0xFB,0x58,0x00,0x00,0x00,0x00,0x00,0x00,0x00,
  0x00,0x00,0x00,0x00,0x00,0x11,0xE3,0xFA,0x54,0x00,0x00,0x00,0x00,0x00,0x00,0x00,0x00,0x00,0xA2,0xFF,
  0xFF,0xFF,0x79,0x00,0x00,0x00,0x00,0x00,0x00,0x00,0x00,0x00,0x00,0x00,0x6F,0xFF,0xDF,0x64,0xEF,0xFD,
  0x47,0x00,0x00,0x00,0x00,0x00,0x00,0x00,0x00,0x00,0x3E,0xFB,0xC7,0x16,0x00,0x28,0xDD,0xEE,0x23,0x00,
  0x00,0x00,0x00,0x00,0x00,0x00,0x00,0x00,0x00,0x00,0x00,0x00,0x00,0x00,0x00,0x00,0x00,0x00,0x00,0x00,
  0x00,0x00,0x00,0x00,0x00,0x00,0x00,0x00,0x00,0x00,0x00,0x00,0x00,0x00,0x00,0x00,0x00,0x00,0x00,0x00,
  0x00,0x47,0x9D,0xD7,0xF0,0xFA,0xEA,0xC8,0x89,0x25,0x00,0x00,0x00,0x00,0x00,0x00,0x1E,0xC6,0xFF,0xFF,
  0xFF,0xFF,0xFF,0xFF,0xFF,0xFF,0xFD,0x91,0x05,0x00,0x00,0x00,0x1E,0xE8,0xFF,0xFF,0xFE,0x88,0x1F,0x07,
  0x34,0xBB,0xFF,0xFF,0xFF,0xB3,0x02,0x00,0x00,0xC4,0xFF,0xFF,0xFF,0x7F,0x00,0x00,0x00,0x00,0x06,0xC9,
  0xFF,0xFF,0xFF,0x74,0x00,0x44,0xFF,0xFF,0xFF,0xEC,0x08,0x00,0x00,0x00,0x00,0x00,0x43,0xFF,0xFF,0xFF,
  0xEB,0x08,0x94,0xFF,0xFF,0xFF,0xA4,0x00,0x00,0x00,0x00,0x00,0x00,0x02,0xEF,0xFF,0xFF,0xFF,0x43,0xC9,
  0xFF,0xFF,0xFF,0x77,0x00,0x00,0x00,0x00,0x00,0x00,0x00,0xC5,0xFF,0xFF,0xFF,0x78,0xDE,0xFF,0xFF,0xFF,
  0x65,0x00,0x00,0x00,0x00,0x00,0x00,0x00,0xB2,0xFF,0xFF,0xFF,0x8E,0xDF,0xFF,0xFF,0xFF,0x65,0x00,0x00,
  0x00,0x00,0x00,0x00,0x00,0xB3,0xFF,0xFF,0xFF,0x8D,0xC9,0xFF,0xFF,0xFF,0x77,0x00,0x00,0x00,0x00,0x00,
  0x00,0x00,0xC5,0xFF,0xFF,0xFF,0x78,0x94,0xFF,0xFF,0xFF,0xA4,0x00,0x00,0x00,0x00,0x00,0x00,0x02,0xEF,
  0xFF,0xFF,0xFF,0x43,0x44,0xFF,0xFF,0xFF,0xEB,0x07,0x00,0x00,0x00,0x00,0x00,0x42,0xFF,0xFF,0xFF,0xEB,
  0x08,0x00,0xC4,0xFF,0xFF,0xFF,0x7C,0x00,0x00,0x00,0x00,0x05,0xC7,0xFF,0xFF,0xFF,0x74,0x00,0x00,0x1E,
  0xE8,0xFF,0xFF,0xFD,0x86,0x1E,0x07,0x33,0xBA,0xFF,0xFF,0xFF,0xB3,0x02,0x00,0x00,0x00,0x1F,0xC6,0xFF,
  0xFF,0xFF,0xFF,0xFF,0xFF,0xFF,0xFF,0xFD,0x92,0x05,0x00,0x00,0x00,0x00,0x00,0x00,0x47,0x9E,0xD8,0xF1,
  0xFB,0xEB,0xC9,0x89,0x25,0x00,0x00,0x00,0x00,0x00,0x00,0x00,0x00,0x00,0x00,0x00,0x00,0x00,0x00,0x00,
  0x77,0xFF,0xFF,0x6E,0x00,0x00,0x00,0x00,0x00,0x00,0x00,0x00,0x00,0x00,0x32,0xFA,0xFE,0x69,0x00,0x00,
  0x00,0x00,0x00,0x00,0x00,0x00,0x00,0x00,0x09,0xD7,0xFE,0x64,0x00,0x00,0x00,0x00,0x00,0x00,0x00,0x8F,
  0xFF,0xFF,0xFF,0x8D,0x00,0x00,0x00,0x00,0x00,0x00,0x00,0x00,0x00,0x5A,0xFF,0xE7,0x63,0xE8,0xFF,0x59,
  0x00,0x00,0x00,0x00,0x00,0x00,0x00,0x2F,0xF6,0xD3,0x1E,0x00,0x1E,0xD3,0xF5,0x2F,0x00,0x00,0x00,0x00,
  0x00,0x00,0x00,0x00,0x00,0x00,0x00,0x00,0x00,0x00,0x00,0x00,0x00,0x00,0x00,0x00,0x00,0x00,0x00,0x00,
  0x00,0x00,0x00,0x00,0x00,0x00,0x00,0x00,0x00,0x00,0x00,0x00,0x10,0x76,0xC2,0xEC,0xFB,0xEF,0xCB,0x84,
  0x1A,0x00,0x00,0x00,0x00,0x00,0x39,0xE6,0xFF,0xFF,0xFF,0xFF,0xFF,0xFF,0xFF,0xF1,0x4E,0x00,0x00,0x00,
  0x1C,0xEE,0xFF,0xFF,0xEC,0x46,0x07,0x36,0xDF,0xFF,0xFF,0xF8,0x31,0x00,0x00,0x94,0xFF,0xFF,0xFF,0x6F,
  0x00,0x00,0x00,0x54,0xFF,0xFF,0xFF,0xB4,0x00,0x00,0xE1,0xFF,0xFF,0xFF,0x1C,0x00,0x00,0x00,0x05,0xFB,
  0xFF,0xFF,0xF8,0x08,0x03,0xFE,0xFF,0xFF,0xFD,0x03,0x00,0x00,0x00,0x00,0xE5,0xFF,0xFF,0xFF,0x21,0x03,
  0xFE,0xFF,0xFF,0xFC,0x03,0x00,0x00,0x00,0x00,0xE5,0xFF,0xFF,0xFF,0x20,0x00,0xE1,0xFF,0xFF,0xFF,0x1C,
  0x00,0x00,0x00,0x05,0xFB,0xFF,0xFF,0xF8,0x08,0x00,0x94,0xFF,0xFF,0xFF,0x6F,0x00,0x00,0x00,0x54,0xFF,
  0xFF,0xFF,0xB4,0x00,0x00,0x1C,0xEE,0xFF,0xFF,0xEC,0x45,0x06,0x36,0xDF,0xFF,0xFF,0xF8,0x32,0x00,0x00,
  0x00,0x39,0xE7,0xFF,0xFF,0xFF,0xFF,0xFF,0xFF,0xFF,0xF1,0x4F,0x00,0x00,0x00,0x00,0x00,0x11,0x77,0xC3,
  0xED,0xFB,0xF0,0xCC,0x85,0x1A,0x00,0x00,0x00,0x00,0x00,0x00,0x00,0x00,0x00,0x00,0x00,0x00,0x4C,0xF8,
  0xFF,0x9E,0x00,0x00,0x00,0x00,0x00,0x00,0x00,0x00,0x00,0x00,0x00,0x00,0x00,0x00,0x48,0xF7,0xFF,0x53,
  0x00,0x00,0x00,0x00,0x00,0x00,0x00,0x00,0x00,0x00,0x00,0x00,0x00,0x00,0x45,0xF6,0xED,0x1B,0x00,0x00,
  0x00,0x00,0x00,0x00,0x00,0x00,0x9A,0xFF,0xFF,0xFF,0x81,0x00,0x00,0x00,0x00,0x00,0x00,0x00,0x00,0x00,
  0x00,0x00,0x66,0xFF,0xE2,0x63,0xEC,0xFE,0x4E,0x00,0x00,0x00,0x00,0x00,0x00,0x00,0x00,0x00,0x38,0xF9,
  0xCC,0x19,0x00,0x24,0xD9,0xF1,0x28,0x00,0x00,0x00,0x00,0x00,0x00,0x00,0x00,0x00,0x00,0x00,0x00,0x00,
  0x00,0x00,0x00,0x00,0x00,0x00,0x00,0x00,0x00,0x00,0x00,0x00,0x00,0x00,0x00,0x00,0x00,0x00,0x00,0x00,
  0x00,0x00,0x00,0x00,0x00,0x00,0x00,0x00,0x00,0x47,0x9D,0xD7,0xF0,0xFA,0xEA,0xC8,0x89,0x25,0x00,0x00,
  0x00,0x00,0x00,0x00,0x1E,0xC6,0xFF,0xFF,0xFF,0xFF,0xFF,0xFF,0xFF,0xFF,0xFD,0x91,0x05,0x00,0x00,0x00,
  0x1E,0xE8,0xFF,0xFF,0xFE,0x88,0x1F,0x07,0x34,0xBB,0xFF,0xFF,0xFF,0xB3,0x02,0x00,0x00,0xC4,0xFF,0xFF,
  0xFF,0x7F,0x00,0x00,0x00,0x00,0x06,0xC9,0xFF,0xFF,0xFF,0x74,0x00,0x44,0xFF,0xFF,0xFF,0xEC,0x08,0x00,
  0x00,0x00,0x00,0x00,0x43,0xFF,0xFF,0xFF,0xEB,0x08,0x94,0xFF,0xFF,0xFF,0xA4,0x00,0x00,0x00,0x00,0x00,
  0x00,0x02,0xEF,0xFF,0xFF,0xFF,0x43,0xC9,0xFF,0xFF,0xFF,0x77,0x00,0x00,0x00,0x00,0x00,0x00,0x00,0xC5,
  0xFF,0xFF,0xFF,0x78,0xDE,0xFF,0xFF,0xFF,0x65,0x00,0x00,0x00,0x00,0x00,0x00,0x00,0xB2,0xFF,0xFF,0xFF,
  0x8E,0xDF,0xFF,0xFF,0xFF,0x65,0x00,0x00,0x00,0x00,0x00,0x00,0x00,0xB3,0xFF,0xFF,0xFF,0x8D,0xC9,0xFF,
  0xFF,0xFF,0x77,0x00,0x00,0x00,0x00,0x00,0x00,0x00,0xC5,0xFF,0xFF,0xFF,0x78,0x94,0xFF,0xFF,0xFF,0xA4,
  0x00,0x00,0x00,0x00,0x00,0x00,0x02,0xEF,0xFF,0xFF,0xFF,0x43,0x44,0xFF,0xFF,0xFF,0xEB,0x07,0x00,0x00,
  0x00,0x00,0x00,0x42,0xFF,0xFF,0xFF,0xEB,0x08,0x00,0xC4,0xFF,0xFF,0xFF,0x7C,0x00,0x00,0x00,0x00,0x05,
  0xC7,0xFF,0xFF,0xFF,0x74,0x00,0x00,0x1E,0xE8,0xFF,0xFF,0xFD,0x86,0x1E,0x07,0x33,0xBA,0xFF,0xFF,0xFF,
  0xB3,0x02,0x00,0x00,0x00,0x1F,0xC6,0xFF,0xFF,0xFF,0xFF,0xFF,0xFF,0xFF,0xFF,0xFD,0x92,0x05,0x00,0x00,
  0x00,0x00,0x00,0x00,0x47,0x9E,0xD8,0xF1,0xFB,0xEB,0xC9,0x89,0x25,0x00,0x00,0x00,0x00,0x00,0x00,0x00,
  0x00,0x00,0x00,0x00,0x00,0x44,0xF5,0xFF,0xA9,0x00,0x00,0x00,0x00,0x00,0x00,0x00,0x00,0x00,0x00,0x00,
  0x00,0x3F,0xF4,0xFF,0x5F,0x00,0x00,0x00,0x00,0x00,0x00,0x00,0x00,0x00,0x00,0x00,0x00,0x3C,0xF2,0xF2,
  0x22,0x00,0x00,0x00,0x00,0x00,0x00,0x8F,0xFF,0xFF,0xFF,0x8D,0x00,0x00,0x00,0x00,0x00,0x00,0x00,0x00,
  0x00,0x5A,0xFF,0xE7,0x63,0xE8,0xFF,0x59,0x00,0x00,0x00,0x00,0x00,0x00,0x00,0x2F,0xF6,0xD3,0x1E,0x00,
  0x1E,0xD3,0xF5,0x2F,0x00,0x00,0x00,0x00,0x00,0x00,0x00,0x00,0x00,0x00,0x00,0x00,0x00,0x00,0x00,0x00,
  0x00,0x00,0x00,0x00,0x00,0x00,0x00,0x00,0x00,0x00,0x00,0x00,0x00,0x00,0x00,0x00,0x00,0x00,0x00,0x00,
  0x10,0x76,0xC2,0xEC,0xFB,0xEF,0xCB,0x84,0x1A,0x00,0x00,0x00,0x00,0x00,0x39,0xE6,0xFF,0xFF,0xFF,0xFF,
  0xFF,0xFF,0xFF,0xF1,0x4E,0x00,0x00,0x00,0x1C,0xEE,0xFF,0xFF,0xEC,0x46,0x07,0x36,0xDF,0xFF,0xFF,0xF8,
  0x31,0x00,0x00,0x94,0xFF,0xFF,0xFF,0x6F,0x00,0x00,0x00,0x54,0xFF,0xFF,0xFF,0xB4,0x00,0x00,0xE1,0xFF,
  0xFF,0xFF,0x1C,0x00,0x00,0x00,0x05,0xFB,0xFF,0xFF,0xF8,0x08,0x03,0xFE,0xFF,0xFF,0xFD,0x03,0x00,0x00,
  0x00,0x00,0xE5,0xFF,0xFF,0xFF,0x21,0x03,0xFE,0xFF,0xFF,0xFC,0x03,0x00,0x00,0x00,0x00,0xE5,0xFF,0xFF,
  0xFF,0x20,0x00,0xE1,0xFF,0xFF,0xFF,0x1C,0x00,0x00,0x00,0x05,0xFB,0xFF,0xFF,0xF8,0x08,0x00,0x94,0xFF,
  0xFF,0xFF,0x6F,0x00,0x00,0x00,0x54,0xFF,0xFF,0xFF,0xB4,0x00,0x00,0x1C,0xEE,0xFF,0xFF,0xEC,0x45,0x06,
  0x36,0xDF,0xFF,0xFF,0xF8,0x32,0x00,0x00,0x00,0x39,0xE7,0xFF,0xFF,0xFF,0xFF,0xFF,0xFF,0xFF,0xF1,0x4F,
  0x00,0x00,0x00,0x00,0x00,0x11,0x77,0xC3,0xED,0xFB,0xF0,0xCC,0x85,0x1A,0x00,0x00,0x00,0x00,0x00,0x00,
  0x00,0x00,0x00,0x00,0x00,0x00,0x00,0x1E,0x62,0x82,0x7C,0x45,0x01,0x00,0x00,0x00,0x00,0x00,0x00,0x00,
  0x00,0x00,0x00,0x00,0x94,0xBE,0x94,0xAA,0xFD,0x84,0x00,0x00,0x00,0x00,0x00,0x00,0x00,0x00,0x00,0x00,
  0x00,0x05,0x00,0x00,0x05,0xE1,0xC6,0x00,0x00,0x00,0x00,0x00,0x00,0x00,0x00,0x00,0x00,0x00,0x00,0x00,
  0x0F,0xB8,0xFF,0x69,0x00,0x00,0x00,0x00,0x00,0x00,0x01,0xB0,0xFF,0xFF,0xFF,0x69,0x00,0x9B,0xFF,0x60,
  0x00,0x00,0x00,0x00,0x00,0x00,0x00,0x7F,0xFF,0xD7,0x67,0xF4,0xFA,0x3B,0x55,0x6E,0x00,0x00,0x00,0x00,
  0x00,0x00,0x00,0x4B,0xFE,0xBD,0x10,0x00,0x31,0xE4,0xE7,0x1A,0x00,0x00,0x00,0x00,0x00,0x00,0x00,0x00,
  0x00,0x00,0x00,0x00,0x00,0x00,0x00,0x00,0x00,0x00,0x00,0x00,0x00,0x00,0x00,0x00,0x00,0x00,0x00,0x00,
  0x00,0x00,0x00,0x00,0x00,0x00,0x00,0x00,0x00,0x00,0x00,0x00,0x00,0x00,0x47,0x9D,0xD7,0xF0,0xFA,0xEA,
  0xC8,0x89,0x25,0x00,0x00,0x00,0x00,0x00,0x00,0x1E,0xC6,0xFF,0xFF,0xFF,0xFF,0xFF,0xFF,0xFF,0xFF,0xFD,
  0x91,0x05,0x00,0x00,0x00,0x1E,0xE8,0xFF,0xFF,0xFE,0x88,0x1F,0x07,0x34,0xBB,0xFF,0xFF,0xFF,0xB3,0x02,
  0x00,0x00,0xC4,0xFF,0xFF,0xFF,0x7F,0x00,0x00,0x00,0x00,0x06,0xC9,0xFF,0xFF,0xFF,0x74,0x00,0x44,0xFF,
  0xFF,0xFF,0xEC,0x08,0x00,0x00,0x00,0x00,0x00,0x43,0xFF,0xFF,0xFF,0xEB,0x08,0x94,0xFF,0xFF,0xFF,0xA4,
  0x00,0x00,0x00,0x00,0x00,0x00,0x02,0xEF,0xFF,0xFF,0xFF,0x43,0xC9,0xFF,0xFF,0xFF,0x77,0x00,0x00,0x00,
  0x00,0x00,0x00,0x00,0xC5,0xFF,0xFF,0xFF,0x78,0xDE,0xFF,0xFF,0xFF,0x65,0x00,0x00,0x00,0x00,0x00,0x00,
  0x00,0xB2,0xFF,0xFF,0xFF,0x8E,0xDF,0xFF,0xFF,0xFF,0x65,0x00,0x00,0x00,0x00,0x00,0x00,0x00,0xB3,0xFF,
  0xFF,0xFF,0x8D,0xC9,0xFF,0xFF,0xFF,0x77,0x00,0x00,0x00,0x00,0x00,0x00,0x00,0xC5,0xFF,0xFF,0xFF,0x78,
  0x94,0xFF,0xFF,0xFF,0xA4,0x00,0x00,0x00,0x00,0x00,0x00,0x02,0xEF,0xFF,0xFF,0xFF,0x43,0x44,0xFF,0xFF,
  0xFF,0xEB,0x07,0x00,0x00,0x00,0x00,0x00,0x42,0xFF,0xFF,0xFF,0xEB,0x08,0x00,0xC4,0xFF,0xFF,0xFF,0x7C,
  0x00,0x00,0x00,0x00,0x05,0xC7,0xFF,0xFF,0xFF,0x74,0x00,0x00,0x1E,0xE8,0xFF,0xFF,0xFD,0x86,0x1E,0x07,
  0x33,0xBA,0xFF,0xFF,0xFF,0xB3,0x02,0x00,0x00,0x00,0x1F,0xC6,0xFF,0xFF,0xFF,0xFF,0xFF,0xFF,0xFF,0xFF,
  0xFD,0x92,0x05,0x00,0x00,0x00,0x00,0x00,0x00,0x47,0x9E,0xD8,0xF1,0xFB,0xEB,0xC9,0x89,0x25,0x00,0x00,
  0x00,0x00,0x00,0x00,0x00,0x00,0x00,0x00,0x00,0x00,0x00,0x0F,0x55,0x7D,0x81,0x58,0x08,0x00,0x00,0x00,
  0x00,0x00,0x00,0x00,0x00,0x00,0x00,0x5B,0xD1,0x99,0x9C,0xF0,0xC0,0x00,0x00,0x00,0x00,0x00,0x00,0x00,
  0x00,0x00,0x00,0x05,0x00,0x00,0x00,0xAB,0xFC,0x06,0x00,0x00,0x00,0x00,0x00,0x00,0x00,0x00,0x00,0x00,
  0x00,0x01,0x89,0xFF,0xA4,0x00,0x00,0x00,0x00,0x00,0x00,0x77,0xFF,0xFF,0xFF,0xA5,0x00,0x5F,0xFF,0x98,
  0x03,0x00,0x00,0x00,0x00,0x00,0x45,0xFC,0xF0,0x64,0xDD,0xFF,0x71,0x3B,0x70,0x18,0x00,0x00,0x00,0x00,
  0x00,0x20,0xED,0xDF,0x2A,0x00,0x15,0xC5,0xFB,0x41,0x00,0x00,0x00,0x00,0x00,0x00,0x00,0x00,0x00,0x00,
  0x00,0x00,0x00,0x00,0x00,0x00,0x00,0x00,0x00,0x00,0x00,0x00,0x00,0x00,0x00,0x00,0x00,0x00,0x00,0x00,
  0x00,0x00,0x00,0x00,0x00,0x00,0x00,0x00,0x00,0x10,0x76,0xC2,0xEC,0xFB,0xEF,0xCB,0x84,0x1A,0x00,0x00,
  0x00,0x00,0x00,0x00,0x39,0xE6,0xFF,0xFF,0xFF,0xFF,0xFF,0xFF,0xFF,0xF1,0x4E,0x00,0x00,0x00,0x00,0x1C,
  0xEE,0xFF,0xFF,0xEC,0x46,0x07,0x36,0xDF,0xFF,0xFF,0xF8,0x31,0x00,0x00,0x00,0x94,0xFF,0xFF,0xFF,0x6F,
  0x00,0x00,0x00,0x54,0xFF,0xFF,0xFF,0xB4,0x00,0x00,0x00,0xE1,0xFF,0xFF,0xFF,0x1C,0x00,0x00,0x00,0x05,
  0xFB,0xFF,0xFF,0xF8,0x08,0x00,0x03,0xFE,0xFF,0xFF,0xFD,0x03,0x00,0x00,0x00,0x00,0xE5,0xFF,0xFF,0xFF,
  0x21,0x00,0x03,0xFE,0xFF,0xFF,0xFC,0x03,0x00,0x00,0x00,0x00,0xE5,0xFF,0xFF,0xFF,0x20,0x00,0x00,0xE1,
  0xFF,0xFF,0xFF,0x1C,0x00,0x00,0x00,0x05,0xFB,0xFF,0xFF,0xF8,0x08,0x00,0x00,0x94,0xFF,0xFF,0xFF,0x6F,
  0x00,0x00,0x00,0x54,0xFF,0xFF,0xFF,0xB4,0x00,0x00,0x00,0x1C,0xEE,0xFF,0xFF,0xEC,0x45,0x06,0x36,0xDF,
  0xFF,0xFF,0xF8,0x32,0x00,0x00,0x00,0x00,0x39,0xE7,0xFF,0xFF,0xFF,0xFF,0xFF,0xFF,0xFF,0xF1,0x4F,0x00,
  0x00,0x00,0x00,0x00,0x00,0x11,0x77,0xC3,0xED,0xFB,0xF0,0xCC,0x85,0x1A,0x00,0x00,0x00,0x00,0x00,0x00,
  0x00,0x00,0x00,0x7C,0xF0,0xDC,0x7A,0x14,0x9B,0xFF,0x09,0x00,0x00,0x00,0x00,0x00,0x00,0x00,0x00,0x29,
  0xFE,0xFF,0xFF,0xFF,0xFF,0xFF,0xD8,0x00,0x00,0x00,0x00,0x00,0x00,0x00,0x00,0x00,0x59,0xFF,0x48,0x32,
  0xA0,0xF0,0xE0,0x40,0x00,0x00,0x00,0x00,0x00,0x00,0x00,0x00,0x00,0x00,0x03,0xBB,0xFF,0xFF,0xFF,0x5D,
  0x00,0x00,0x00,0x00,0x00,0x00,0x00,0x00,0x00,0x00,0x00,0x8B,0xFF,0xD0,0x6A,0xF7,0xF6,0x32,0x00,0x00,
  0x00,0x00,0x00,0x00,0x00,0x00,0x00,0x56,0xFF,0xB5,0x0C,0x00,0x38,0xE9,0xE0,0x14,0x00,0x00,0x00,0x00,
  0x00,0x00,0x00,0x00,0x00,0x00,0x00,0x00,0x00,0x00,0x00,0x00,0x00,0x00,0x00,0x00,0x00,0x00,0x00,0x00,
  0x00,0x00,0x00,0x00,0x00,0x00,0x00,0x00,0x00,0x00,0x00,0x00,0x00,0x00,0x00,0x00,0x00,0x00,0x47,0x9D,
  0xD7,0xF0,0xFA,0xEA,0xC8,0x89,0x25,0x00,0x00,0x00,0x00,0x00,0x00,0x1E,0xC6,0xFF,0xFF,0xFF,0xFF,0xFF,
  0xFF,0xFF,0xFF,0xFD,0x91,0x05,0x00,0x00,0x00,0x1E,0xE8,0xFF,0xFF,0xFE,0x88,0x1F,0x07,0x34,0xBB,0xFF,
  0xFF,0xFF,0xB3,0x02,0x00,0x00,0xC4,0xFF,0xFF,0xFF,0x7F,0x00,0x00,0x00,0x00,0x06,0xC9,0xFF,0xFF,0xFF,
  0x74,0x00,0x44,0xFF,0xFF,0xFF,0xEC,0x08,0x00,0x00,0x00,0x00,0x00,0x43,0xFF,0xFF,0xFF,0xEB,0x08,0x94,
  0xFF,0xFF,0xFF,0xA4,0x00,0x00,0x00,0x00,0x00,0x00,0x02,0xEF,0xFF,0xFF,0xFF,0x43,0xC9,0xFF,0xFF,0xFF,
  0x77,0x00,0x00,0x00,0x00,0x00,0x00,0x00,0xC5,0xFF,0xFF,0xFF,0x78,0xDE,0xFF,0xFF,0xFF,0x65,0x00,0x00,
  0x00,0x00,0x00,0x00,0x00,0xB2,0xFF,0xFF,0xFF,0x8E,0xDF,0xFF,0xFF,0xFF,0x65,0x00,0x00,0x00,0x00,0x00,
  0x00,0x00,0xB3,0xFF,0xFF,0xFF,0x8D,0xC9,0xFF,0xFF,0xFF,0x77,0x00,0x00,0x00,0x00,0x00,0x00,0x00,0xC5,
  0xFF,0xFF,0xFF,0x78,0x94,0xFF,0xFF,0xFF,0xA4,0x00,0x00,0x00,0x00,0x00,0x00,0x02,0xEF,0xFF,0xFF,0xFF,
  0x43,0x44,0xFF,0xFF,0xFF,0xEB,0x07,0x00,0x00,0x00,0x00,0x00,0x42,0xFF,0xFF,0xFF,0xEB,0x08,0x00,0xC4,
  0xFF,0xFF,0xFF,0x7C,0x00,0x00,0x00,0x00,0x05,0xC7,0xFF,0xFF,0xFF,0x74,0x00,0x00,0x1E,0xE8,0xFF,0xFF,
  0xFD,0x86,0x1E,0x07,0x33,0xBA,0xFF,0xFF,0xFF,0xB3,0x02,0x00,0x00,0x00,0x1F,0xC6,0xFF,0xFF,0xFF,0xFF,
  0xFF,0xFF,0xFF,0xFF,0xFD,0x92,0x05,0x00,0x00,0x00,0x00,0x00,0x00,0x47,0x9E,0xD8,0xF1,0xFB,0xEB,0xC9,
  0x89,0x25,0x00,0x00,0x00,0x00,0x00,0x00,0x00,0x00,0x52,0xE7,0xE8,0x92,0x20,0x6A,0xFF,0x3C,0x00,0x00,
  0x00,0x00,0x00,0x00,0x06,0xED,0xFF,0xFF,0xFF,0xFF,0xFF,0xF8,0x14,0x00,0x00,0x00,0x00,0x00,0x00,0x25,
  0xFF,0x7B,0x21,0x89,0xE6,0xED,0x67,0x00,0x00,0x00,0x00,0x00,0x00,0x00,0x00,0x00,0x8B,0xFF,0xFF,0xFF,
  0x91,0x00,0x00,0x00,0x00,0x00,0x00,0x00,0x00,0x00,0x56,0xFF,0xE9,0x62,0xE6,0xFF,0x5D,0x00,0x00,0x00,
  0x00,0x00,0x00,0x00,0x2D,0xF4,0xD5,0x20,0x00,0x1D,0xD1,0xF6,0x32,0x00,0x00,0x00,0x00,0x00,0x00,0x00,
  0x00,0x00,0x00,0x00,0x00,0x00,0x00,0x00,0x00,0x00,0x00,0x00,0x00,0x00,0x00,0x00,0x00,0x00,0x00,0x00,
  0x00,0x00,0x00,0x00,0x00,0x00,0x00,0x00,0x00,0x10,0x76,0xC2,0xEC,0xFB,0xEF,0xCB,0x84,0x1A,0x00,0x00,
  0x00,0x00,0x00,0x39,0xE6,0xFF,0xFF,0xFF,0xFF,0xFF,0xFF,0xFF,0xF1,0x4E,0x00,0x00,0x00,0x1C,0xEE,0xFF,
  0xFF,0xEC,0x46,0x07,0x36,0xDF,0xFF,0xFF,0xF8,0x31,0x00,0x00,0x94,0xFF,0xFF,0xFF,0x6F,0x00,0x00,0x00,
  0x54,0xFF,0xFF,0xFF,0xB4,0x00,0x00,0xE1,0xFF,0xFF,0xFF,0x1C,0x00,0x00,0x00,0x05,0xFB,0xFF,0xFF,0xF8,
  0x08,0x03,0xFE,0xFF,0xFF,0xFD,0x03,0x00,0x00,0x00,0x00,0xE5,0xFF,0xFF,0xFF,0x21,0x03,0xFE,0xFF,0xFF,
  0xFC,0x03,0x00,0x00,0x00,0x00,0xE5,0xFF,0xFF,0xFF,0x20,0x00,0xE1,0xFF,0xFF,0xFF,0x1C,0x00,0x00,0x00,
  0x05,0xFB,0xFF,0xFF,0xF8,0x08,0x00,0x94,0xFF,0xFF,0xFF,0x6F,0x00,0x00,0x00,0x54,0xFF,0xFF,0xFF,0xB4,
  0x00,0x00,0x1C,0xEE,0xFF,0xFF,0xEC,0x45,0x06,0x36,0xDF,0xFF,0xFF,0xF8,0x32,0x00,0x00,0x00,0x39,0xE7,
  0xFF,0xFF,0xFF,0xFF,0xFF,0xFF,0xFF,0xF1,0x4F,0x00,0x00,0x00,0x00,0x00,0x11,0x77,0xC3,0xED,0xFB,0xF0,
  0xCC,0x85,0x1A,0x00,0x00,0x00,0x00,0x00,0x00,0x00,0x00,0x14,0xE1,0xFF,0xFF,0xF5,0x2F,0x00,0x00,0x00,
  0x00,0x00,0x00,0x00,0x00,0x00,0x00,0x04,0xBE,0xFF,0xAC,0x87,0xFF,0xDE,0x12,0x00,0x00,0x00,0x00,0x00,
  0x00,0x00,0x00,0x00,0x8E,0xFF,0x89,0x01,0x00,0x60,0xFA,0xBA,0x03,0x00,0x00,0x00,0x00,0x00,0x00,0x00,
  0x00,0x00,0x00,0x00,0x00,0x00,0x00,0x00,0x00,0x00,0x00,0x00,0x00,0x00,0x00,0x00,0x00,0x00,0x00,0x00,
  0x00,0x00,0x00,0x00,0x00,0x00,0x00,0x00,0x00,0x00,0x00,0x00,0x00,0x00,0x00,0x47,0x9D,0xD7,0xF0,0xFA,
  0xEA,0xC8,0x89,0x25,0x00,0x00,0x00,0x00,0x00,0x00,0x1E,0xC6,0xFF,0xFF,0xFF,0xFF,0xFF,0xFF,0xFF,0xFF,
  0xFD,0x91,0x05,0x00,0x00,0x00,0x1E,0xE8,0xFF,0xFF,0xFE,0x88,0x1F,0x07,0x34,0xBB,0xFF,0xFF,0xFF,0xB3,
  0x02,0x00,0x00,0xC4,0xFF,0xFF,0xFF,0x7F,0x00,0x00,0x00,0x00,0x06,0xC9,0xFF,0xFF,0xFF,0x74,0x00,0x44,
  0xFF,0xFF,0xFF,0xEC,0x08,0x00,0x00,0x00,0x00,0x00,0x43,0xFF,0xFF,0xFF,0xEB,0x08,0x94,0xFF,0xFF,0xFF,
  0xA4,0x00,0x00,0x00,0x00,0x00,0x00,0x02,0xEF,0xFF,0xFF,0xFF,0x43,0xC9,0xFF,0xFF,0xFF,0x77,0x00,0x00,
  0x00,0x00,0x00,0x00,0x00,0xC5,0xFF,0xFF,0xFF,0x78,0xDE,0xFF,0xFF,0xFF,0x65,0x00,0x00,0x00,0x00,0x00,
  0x00,0x00,0xB2,0xFF,0xFF,0xFF,0x8E,0xDF,0xFF,0xFF,0xFF,0x65,0x00,0x00,0x00,0x00,0x00,0x00,0x00,0xB3,
  0xFF,0xFF,0xFF,0x8D,0xC9,0xFF,0xFF,0xFF,0x77,0x00,0x00,0x00,0x00,0x00,0x00,0x00,0xC5,0xFF,0xFF,0xFF,
  0x78,0x94,0xFF,0xFF,0xFF,0xA4,0x00,0x00,0x00,0x00,0x00,0x00,0x02,0xEF,0xFF,0xFF,0xFF,0x43,0x44,0xFF,
  0xFF,0xFF,0xEB,0x07,0x00,0x00,0x00,0x00,0x00,0x42,0xFF,0xFF,0xFF,0xEB,0x08,0x00,0xC4,0xFF,0xFF,0xFF,
  0x7C,0x00,0x00,0x00,0x00,0x05,0xC7,0xFF,0xFF,0xFF,0x74,0x00,0x00,0x1E,0xE8,0xFF,0xFF,0xFD,0x86,0x1E,
  0x07,0x33,0xBA,0xFF,0xFF,0xFF,0xB3,0x02,0x00,0x00,0x00,0x1F,0xC6,0xFF,0xFF,0xFF,0xFF,0xFF,0xFF,0xFF,
  0xFF,0xFD,0x92,0x05,0x00,0x00,0x00,0x00,0x00,0x00,0x47,0x9E,0xD8,0xF1,0xFB,0xEB,0xC9,0x89,0x25,0x00,
  0x00,0x00,0x00,0x00,0x00,0x00,0x00,0x00,0x00,0x00,0x00,0x00,0x00,0x00,0x00,0x00,0x00,0x00,0x00,0x00,
  0x00,0x00,0x00,0x00,0x00,0x00,0x47,0x78,0x78,0x78,0x1E,0x00,0x00,0x00,0x00,0x00,0x00,0x00,0x00,0x00,
  0x00,0x00,0x00,0x98,0xFF,0xFF,0xFF,0x40,0x00,0x00,0x00,0x00,0x00,0x00,0x00,0x00,0x00,0x00,0x00,0x00,
  0x98,0xFF,0xFF,0xFF,0x40,0x00,0x00,0x00,0x00,0x00,0x00,0x00,0x00,0x00,0x00,0x00,0x00,0x66,0xAC,0xAC,
  0xAC,0x2B,0x00,0x00,0x00,0x00,0x00,0x00,0x00,0x00,0x00,0x00,0x00,0x23,0xF4,0xFF,0xFB,0x33,0x00,0x00,
  0x00,0x00,0x00,0x00,0x00,0x00,0x00,0x02,0xC5,0xFF,0xDD,0xFF,0xD6,0x08,0x00,0x00,0x00,0x00,0x00,0x00,
  0x00,0x00,0x79,0xFF,0xBA,0x07,0xA6,0xFF,0x8F,0x00,0x00,0x00,0x00,0x00,0x00,0x00,0x2E,0xF9,0xCD,0x0D,
  0x00,0x06,0xBC,0xFE,0x41,0x00,0x00,0x00,0x00,0x00,0x00,0x00,0x00,0x00,0x00,0x00,0x00,0x00,0x00,0x00,
  0x00,0x00,0x00,0x00,0x00,0x00,0x00,0x00,0x00,0x00,0x00,0x00,0x00,0x00,0x00,0x00,0x00,0x00,0x00,0x00,
  0x00,0x10,0x76,0xC2,0xEC,0xFB,0xEF,0xCB,0x84,0x1A,0x00,0x00,0x00,0x00,0x00,0x39,0xE6,0xFF,0xFF,0xFF,
  0xFF,0xFF,0xFF,0xFF,0xF1,0x4E,0x00,0x00,0x00,0x1C,0xEE,0xFF,0xFF,0xEC,0x46,0x07,0x36,0xDF,0xFF,0xFF,
  0xF8,0x31,0x00,0x00,0x94,0xFF,0xFF,0xFF,0x6F,0x00,0x00,0x00,0x54,0xFF,0xFF,0xFF,0xB4,0x00,0x00,0xE1,
  0xFF,0xFF,0xFF,0x1C,0x00,0x00,0x00,0x05,0xFB,0xFF,0xFF,0xF8,0x08,0x03,0xFE,0xFF,0xFF,0xFD,0x03,0x00,
  0x00,0x00,0x00,0xE5,0xFF,0xFF,0xFF,0x21,0x03,0xFE,0xFF,0xFF,0xFC,0x03,0x00,0x00,0x00,0x00,0xE5,0xFF,
  0xFF,0xFF,0x20,0x00,0xE1,0xFF,0xFF,0xFF,0x1C,0x00,0x00,0x00,0x05,0xFB,0xFF,0xFF,0xF8,0x08,0x00,0x94,
  0xFF,0xFF,0xFF,0x6F,0x00,0x00,0x00,0x54,0xFF,0xFF,0xFF,0xB4,0x00,0x00,0x1C,0xEE,0xFF,0xFF,0xEC,0x45,
  0x06,0x36,0xDF,0xFF,0xFF,0xF8,0x32,0x00,0x00,0x00,0x39,0xE7,0xFF,0xFF,0xFF,0xFF,0xFF,0xFF,0xFF,0xF1,
  0x4F,0x00,0x00,0x00,0x00,0x00,0x11,0x77,0xC3,0xED,0xFB,0xF0,0xCC,0x85,0x1A,0x00,0x00,0x00,0x00,0x00,
  0x00,0x00,0x00,0x00,0x00,0x00,0x00,0x00,0x00,0x00,0x00,0x00,0x00,0x00,0x00,0x00,0x00,0x00,0x2B,0x78,
  0x78,0x78,0x3A,0x00,0x00,0x00,0x00,0x00,0x00,0x00,0x00,0x00,0x00,0x5C,0xFF,0xFF,0xFF,0x7C,0x00,0x00,
  0x00,0x00,0x00,0x00,0x00,0x00,0x00,0x00,0x5C,0xFF,0xFF,0xFF,0x7C,0x00,0x00,0x00,0x00,0x00,0x00,0x00,
  0x00,0x00,0x00,0x3D,0xAC,0xAC,0xAC,0x53,0x00,0x00,0x00,0x00,0x00,0x00,0x00,0x00,0x00,0x00,0x00,0x00,
  0x00,0xB6,0xFF,0xF2,0x3B,0x00,0x00,0x00,0x00,0x00,0x00,0x00,0x00,0x00,0x00,0x00,0x00,0x00,0x6C,0xFF,
  0xF0,0x37,0x00,0x00,0x00,0x00,0x00,0x00,0x00,0x00,0x00,0x00,0x00,0x00,0x00,0x2A,0xF6,0xEE,0x34,0x00,
  0x00,0x00,0x00,0x00,0x00,0x00,0x00,0x00,0x00,0x00,0x00,0x00,0x00,0x00,0x00,0x00,0x00,0x00,0x00,0x00,
  0x00,0x00,0x00,0x00,0x00,0x00,0x00,0x00,0x00,0x00,0x00,0x00,0x00,0x00,0x00,0x00,0x00,0x00,0x00,0x00,
  0x08,0x68,0x3A,0x00,0x00,0x00,0x00,0x40,0x99,0xD4,0xEE,0xFA,0xEB,0xCC,0x8E,0x2B,0x00,0x00,0x00,0xE7,
  0xAE,0x00,0x00,0x18,0xBC,0xFF,0xFF,0xFF,0xFF,0xFF,0xFF,0xFF,0xFF,0xFE,0xC9,0x0D,0x00,0xDD,0xC2,0x00,
  0x15,0xDF,0xFF,0xFF,0xFF,0x92,0x23,0x07,0x30,0xB1,0xFF,0xFF,0xFF,0xFF,0xB5,0xFF,0xAB,0x00,0xB5,0xFF,
  0xFF,0xFF,0x8F,0x00,0x00,0x00,0x00,0x02,0xBC,0xFF,0xFF,0xFF,0xFF,0xF6,0x3F,0x34,0xFF,0xFF,0xFF,0xF5,
  0x0E,0x00,0x00,0x00,0x00,0x00,0x33,0xFF,0xFF,0xFF,0xFF,0x20,0x00,0x84,0xFF,0xFF,0xFF,0xB4,0x00,0x00,
  0x00,0x00,0x00,0x00,0x00,0xE1,0xFF,0xFF,0xFF,0x53,0x00,0xB9,0xFF,0xFF,0xFF,0x87,0x00,0x00,0x00,0x00,
  0x00,0x00,0x00,0xB5,0xFF,0xFF,0xFF,0x88,0x00,0xCE,0xFF,0xFF,0xFF,0x75,0x00,0x00,0x00,0x00,0x00,0x00,
  0x00,0xA2,0xFF,0xFF,0xFF,0x9E,0x00,0xCF,0xFF,0xFF,0xFF,0x75,0x00,0x00,0x00,0x00,0x00,0x00,0x00,0xA3,
  0xFF,0xFF,0xFF,0x9D,0x00,0xB9,0xFF,0xFF,0xFF,0x87,0x00,0x00,0x00,0x00,0x00,0x00,0x00,0xB5,0xFF,0xFF,
  0xFF,0x88,0x00,0x84,0xFF,0xFF,0xFF,0xB4,0x00,0x00,0x00,0x00,0x00,0x00,0x00,0xE1,0xFF,0xFF,0xFF,0x53,
  0x00,0x34,0xFF,0xFF,0xFF,0xF5,0x0E,0x00,0x00,0x00,0x00,0x00,0x32,0xFF,0xFF,0xFF,0xF3,0x10,0x00,0x00,
  0xB5,0xFF,0xFF,0xFF,0x8C,0x00,0x00,0x00,0x00,0x02,0xBA,0xFF,0xFF,0xFF,0x84,0x00,0x00,0x00,0x16,0xE0,
  0xFF,0xFF,0xFF,0x90,0x21,0x06,0x2E,0xAF,0xFF,0xFF,0xFF,0xC0,0x05,0x00,0x00,0x00,0x00,0x18,0xBC,0xFF,
  0xFF,0xFF,0xFF,0xFF,0xFF,0xFF,0xFF,0xFE,0x9D,0x09,0x00,0x00,0x00,0x00,0x00,0x00,0x00,0x40,0x9A,0xD5,
  0xEF,0xFB,0xEC,0xCC,0x8E,0x2C,0x00,0x00,0x00,0x00,0x00,0x00,0x00,0x00,0x00,0x00,0x00,0x00,0x29,0xF4,
  0xFF,0xC1,0x0B,0x00,0x00,0x00,0x00,0x00,0x00,0x00,0x00,0x00,0x0A,0xD4,0xFF,0xC3,0x0C,0x00,0x00,0x00,
  0x00,0x00,0x00,0x00,0x00,0x00,0x00,0xA1,0xFF,0xC5,0x0D,0x00,0x00,0x00,0x00,0x00,0x00,0x00,0x00,0x00,
  0x00,0x63,0xFF,0xC8,0x0E,0x00,0x00,0x00,0x00,0x00,0x00,0x00,0x00,0x00,0x00,0x00,0x00,0x00,0x00,0x00,
  0x00,0x00,0x00,0x1D,0x68,0x25,0x00,0x00,0x00,0x00,0x00,0x00,0x00,0x00,0x00,0x00,0x00,0x00,0x1B,0xFF,
  0x7A,0x00,0x00,0x0C,0x6E,0xBD,0xEA,0xFA,0xF0,0xCF,0x8B,0x51,0x00,0x12,0xFF,0x8E,0x00,0x2D,0xDE,0xFF,
  0xFF,0xFF,0xFF,0xFF,0xFF,0xFF,0xFF,0xFF,0xC4,0xFF,0x77,0x11,0xE5,0xFF,0xFF,0xF4,0x51,0x07,0x2E,0xD5,
  0xFF,0xFF,0xFF,0xFF,0xE6,0x1C,0x80,0xFF,0xFF,0xFF,0x83,0x00,0x00,0x00,0x40,0xFF,0xFF,0xFF,0xEE,0x08,
  0x00,0xCD,0xFF,0xFF,0xFF,0x30,0x00,0x00,0x00,0x00,0xEC,0xFF,0xFF,0xFE,0x15,0x00,0xED,0xFF,0xFF,0xFF,
  0x14,0x00,0x00,0x00,0x00,0xD1,0xFF,0xFF,0xFF,0x35,0x00,0xEE,0xFF,0xFF,0xFF,0x14,0x00,0x00,0x00,0x00,
  0xD1,0xFF,0xFF,0xFF,0x34,0x00,0xCD,0xFF,0xFF,0xFF,0x30,0x00,0x00,0x00,0x00,0xEC,0xFF,0xFF,0xFF,0x16,
  0x00,0x80,0xFF,0xFF,0xFF,0x83,0x00,0x00,0x00,0x40,0xFF,0xFF,0xFF,0xC8,0x00,0x00,0x11,0xE5,0xFF,0xFF,
  0xF4,0x50,0x07,0x2D,0xD4,0xFF,0xFF,0xFD,0x42,0x00,0x00,0x00,0x2D,0xDE,0xFF,0xFF,0xFF,0xFF,0xFF,0xFF,
  0xFF,0xF6,0x5D,0x00,0x00,0x00,0x00,0x00,0x0C,0x6F,0xBF,0xEB,0xFB,0xF2,0xD0,0x8C,0x21,0x00,0x00,0x00,
  0x00,0x00,0x00,0x00,0x00,0x1F,0xDE,0xFF,0xDA,0x0B,0x00,0x00,0x00,0x00,0x00,0x00,0x00,0x00,0x00,0x00,
  0x00,0x00,0x00,0x00,0x1D,0xDB,0xFF,0x9B,0x00,0x00,0x00,0x00,0x00,0x00,0x00,0x00,0x00,0x00,0x00,0x00,
  0x00,0x00,0x00,0x1A,0xD8,0xFF,0x51,0x00,0x00,0x00,0x00,0x00,0x00,0x00,0x00,0x00,0x00,0x00,0x00,0x00,
  0x00,0x00,0x00,0x00,0x00,0x00,0x00,0x00,0x00,0x00,0x00,0x00,0x00,0x00,0x00,0x00,0x00,0x00,0x00,0x00,
  0x00,0x00,0x00,0x00,0x00,0x00,0x00,0x00,0x08,0x68,0x3A,0x00,0x00,0x00,0x00,0x40,0x99,0xD4,0xEE,0xFA,
  0xEB,0xCC,0x8E,0x2B,0x00,0x00,0x00,0xE7,0xAE,0x00,0x00,0x18,0xBC,0xFF,0xFF,0xFF,0xFF,0xFF,0xFF,0xFF,
  0xFF,0xFE,0xC9,0x0D,0x00,0xDD,0xC2,0x00,0x15,0xDF,0xFF,0xFF,0xFF,0x92,0x23,0x07,0x30,0xB1,0xFF,0xFF,
  0xFF,0xFF,0xB5,0xFF,0xAB,0x00,0xB5,0xFF,0xFF,0xFF,0x8F,0x00,0x00,0x00,0x00,0x02,0xBC,0xFF,0xFF,0xFF,
  0xFF,0xF6,0x3F,0x34,0xFF,0xFF,0xFF,0xF5,0x0E,0x00,0x00,0x00,0x00,0x00,0x33,0xFF,0xFF,0xFF,0xFF,0x20,
  0x00,0x84,0xFF,0xFF,0xFF,0xB4,0x00,0x00,0x00,0x00,0x00,0x00,0x00,0xE1,0xFF,0xFF,0xFF,0x53,0x00,0xB9,
  0xFF,0xFF,0xFF,0x87,0x00,0x00,0x00,0x00,0x00,0x00,0x00,0xB5,0xFF,0xFF,0xFF,0x88,0x00,0xCE,0xFF,0xFF,
  0xFF,0x75,0x00,0x00,0x00,0x00,0x00,0x00,0x00,0xA2,0xFF,0xFF,0xFF,0x9E,0x00,0xCF,0xFF,0xFF,0xFF,0x75,
  0x00,0x00,0x00,0x00,0x00,0x00,0x00,0xA3,0xFF,0xFF,0xFF,0x9D,0x00,0xB9,0xFF,0xFF,0xFF,0x87,0x00,0x00,
  0x00,0x00,0x00,0x00,0x00,0xB5,0xFF,0xFF,0xFF,0x88,0x00,0x84,0xFF,0xFF,0xFF,0xB4,0x00,0x00,0x00,0x00,
  0x00,0x00,0x00,0xE1,0xFF,0xFF,0xFF,0x53,0x00,0x34,0xFF,0xFF,0xFF,0xF5,0x0E,0x00,0x00,0x00,0x00,0x00,
  0x32,0xFF,0xFF,0xFF,0xF3,0x10,0x00,0x00,0xB5,0xFF,0xFF,0xFF,0x8C,0x00,0x00,0x00,0x00,0x02,0xBA,0xFF,
  0xFF,0xFF,0x84,0x00,0x00,0x00,0x16,0xE0,0xFF,0xFF,0xFF,0x90,0x21,0x06,0x2E,0xAF,0xFF,0xFF,0xFF,0xC0,
  0x05,0x00,0x00,0x00,0x00,0x18,0xBC,0xFF,0xFF,0xFF,0xFF,0xFF,0xFF,0xFF,0xFF,0xFE,0x9D,0x09,0x00,0x00,
  0x00,0x00,0x00,0x00,0x00,0x40,0x9A,0xD5,0xEF,0xFB,0xEC,0xCC,0x8E,0x2C,0x00,0x00,0x00,0x00,0x00,0x00,
  0x00,0x3B,0xF3,0xFF,0xBA,0x02,0x00,0x00,0x00,0x00,0x00,0x00,0x00,0x00,0x00,0x00,0x00,0x3D,0xF4,0xFF,
  0x7E,0x00,0x00,0x00,0x00,0x00,0x00,0x00,0x00,0x00,0x00,0x00,0x00,0x3F,0xF5,0xFD,0x42,0x00,0x00,0x00,
  0x00,0x00,0x00,0x00,0x00,0x00,0x00,0x00,0x00,0x41,0xF5,0xE8,0x19,0x00,0x00,0x00,0x00,0x00,0x00,0x00,
  0x00,0x00,0x00,0x00,0x00,0x00,0x00,0x00,0x00,0x00,0x00,0x1D,0x68,0x25,0x00,0x00,0x00,0x00,0x00,0x00,
  0x00,0x00,0x00,0x00,0x00,0x00,0x1B,0xFF,0x7A,0x00,0x00,0x0C,0x6E,0xBD,0xEA,0xFA,0xF0,0xCF,0x8B,0x51,
  0x00,0x12,0xFF,0x8E,0x00,0x2D,0xDE,0xFF,0xFF,0xFF,0xFF,0xFF,0xFF,0xFF,0xFF,0xFF,0xC4,0xFF,0x77,0x11,
  0xE5,0xFF,0xFF,0xF4,0x51,0x07,0x2E,0xD5,0xFF,0xFF,0xFF,0xFF,0xE6,0x1C,0x80,0xFF,0xFF,0xFF,0x83,0x00,
  0x00,0x00,0x40,0xFF,0xFF,0xFF,0xEE,0x08,0x00,0xCD,0xFF,0xFF,0xFF,0x30,0x00,0x00,0x00,0x00,0xEC,0xFF,
  0xFF,0xFE,0x15,0x00,0xED,0xFF,0xFF,0xFF,0x14,0x00,0x00,0x00,0x00,0xD1,0xFF,0xFF,0xFF,0x35,0x00,0xEE,
  0xFF,0xFF,0xFF,0x14,0x00,0x00,0x00,0x00,0xD1,0xFF,0xFF,0xFF,0x34,0x00,0xCD,0xFF,0xFF,0xFF,0x30,0x00,
  0x00,0x00,0x00,0xEC,0xFF,0xFF,0xFF,0x16,0x00,0x80,0xFF,0xFF,0xFF,0x83,0x00,0x00,0x00,0x40,0xFF,0xFF,
  0xFF,0xC8,0x00,0x00,0x11,0xE5,0xFF,0xFF,0xF4,0x50,0x07,0x2D,0xD4,0xFF,0xFF,0xFD,0x42,0x00,0x00,0x00,
  0x2D,0xDE,0xFF,0xFF,0xFF,0xFF,0xFF,0xFF,0xFF,0xF6,0x5D,0x00,0x00,0x00,0x00,0x00,0x0C,0x6F,0xBF,0xEB,
  0xFB,0xF2,0xD0,0x8C,0x21,0x00,0x00,0x00,0x00,0x00,0x00,0x00,0x00,0x00,0x0A,0x4F,0x7A,0x83,0x60,0x0D,
  0x00,0x00,0x00,0x00,0x00,0x00,0x00,0x00,0x00,0x00,0x00,0x00,0x40,0xD9,0x9D,0x98,0xE8,0xD7,0x04,0x00,
  0x00,0x00,0x00,0x00,0x00,0x00,0x00,0x00,0x00,0x00,0x05,0x00,0x00,0x00,0x8F,0xFF,0x1E,0x00,0x00,0x00,
  0x00,0x00,0x00,0x00,0x00,0x00,0x00,0x00,0x00,0x00,0x00,0x72,0xFD,0xC0,0x00,0x00,0x00,0x00,0x00,0x00,
  0x00,0x00,0x00,0x00,0x00,0x00,0x00,0x00,0x43,0xFF,0xAF,0x08,0x00,0x00,0x00,0x00,0x00,0x00,0x00,0x00,
  0x00,0x00,0x00,0x00,0x00,0x00,0x2F,0x70,0x24,0x00,0x00,0x00,0x00,0x00,0x00,0x00,0x00,0x00,0x00,0x00,
  0x00,0x00,0x00,0x00,0x00,0x00,0x00,0x00,0x00,0x00,0x00,0x00,0x08,0x68,0x3A,0x00,0x00,0x00,0x00,0x40,
  0x99,0xD4,0xEE,0xFA,0xEB,0xCC,0x8E,0x2B,0x00,0x00,0x00,0xE7,0xAE,0x00,0x00,0x18,0xBC,0xFF,0xFF,0xFF,
  0xFF,0xFF,0xFF,0xFF,0xFF,0xFE,0xC9,0x0D,0x00,0xDD,0xC2,0x00,0x15,0xDF,0xFF,0xFF,0xFF,0x92,0x23,0x07,
  0x30,0xB1,0xFF,0xFF,0xFF,0xFF,0xB5,0xFF,0xAB,0x00,0xB5,0xFF,0xFF,0xFF,0x8F,0x00,0x00,0x00,0x00,0x02,
  0xBC,0xFF,0xFF,0xFF,0xFF,0xF6,0x3F,0x34,0xFF,0xFF,0xFF,0xF5,0x0E,0x00,0x00,0x00,0x00,0x00,0x33,0xFF,
  0xFF,0xFF,0xFF,0x20,0x00,0x84,0xFF,0xFF,0xFF,0xB4,0x00,0x00,0x00,0x00,0x00,0x00,0x00,0xE1,0xFF,0xFF,
  0xFF,0x53,0x00,0xB9,0xFF,0xFF,0xFF,0x87,0x00,0x00,0x00,0x00,0x00,0x00,0x00,0xB5,0xFF,0xFF,0xFF,0x88,
  0x00,0xCE,0xFF,0xFF,0xFF,0x75,0x00,0x00,0x00,0x00,0x00,0x00,0x00,0xA2,0xFF,0xFF,0xFF,0x9E,0x00,0xCF,
  0xFF,0xFF,0xFF,0x75,0x00,0x00,0x00,0x00,0x00,0x00,0x00,0xA3,0xFF,0xFF,0xFF,0x9D,0x00,0xB9,0xFF,0xFF,
  0xFF,0x87,0x00,0x00,0x00,0x00,0x00,0x00,0x00,0xB5,0xFF,0xFF,0xFF,0x88,0x00,0x84,0xFF,0xFF,0xFF,0xB4,
  0x00,0x00,0x00,0x00,0x00,0x00,0x00,0xE1,0xFF,0xFF,0xFF,0x53,0x00,0x34,0xFF,0xFF,0xFF,0xF5,0x0E,0x00,
  0x00,0x00,0x00,0x00,0x32,0xFF,0xFF,0xFF,0xF3,0x10,0x00,0x00,0xB5,0xFF,0xFF,0xFF,0x8C,0x00,0x00,0x00,
  0x00,0x02,0xBA,0xFF,0xFF,0xFF,0x84,0x00,0x00,0x00,0x16,0xE0,0xFF,0xFF,0xFF,0x90,0x21,0x06,0x2E,0xAF,
  0xFF,0xFF,0xFF,0xC0,0x05,0x00,0x00,0x00,0x00,0x18,0xBC,0xFF,0xFF,0xFF,0xFF,0xFF,0xFF,0xFF,0xFF,0xFE,
  0x9D,0x09,0x00,0x00,0x00,0x00,0x00,0x00,0x00,0x40,0x9A,0xD5,0xEF,0xFB,0xEC,0xCC,0x8E,0x2C,0x00,0x00,
  0x00,0x00,0x00,0x00,0x00,0x00,0x01,0x42,0x74,0x85,0x6D,0x1B,0x00,0x00,0x00,0x00,0x00,0x00,0x00,0x00,
  0x00,0x08,0xE8,0xA6,0x92,0xD5,0xF1,0x22,0x00,0x00,0x00,0x00,0x00,0x00,0x00,0x00,0x00,0x04,0x00,0x00,
  0x57,0xFF,0x56,0x00,0x00,0x00,0x00,0x00,0x00,0x00,0x00,0x00,0x00,0x00,0x47,0xF0,0xE4,0x14,0x00,0x00,
  0x00,0x00,0x00,0x00,0x00,0x00,0x00,0x00,0x13,0xF8,0xD6,0x19,0x00,0x00,0x00,0x00,0x00,0x00,0x00,0x00,
  0x00,0x00,0x00,0x16,0x70,0x3D,0x00,0x00,0x00,0x00,0x1D,0x68,0x25,0x00,0x00,0x00,0x00,0x00,0x00,0x00,
  0x00,0x00,0x00,0x00,0x00,0x1B,0xFF,0x7A,0x00,0x00,0x0C,0x6E,0xBD,0xEA,0xFA,0xF0,0xCF,0x8B,0x51,0x00,
  0x12,0xFF,0x8E,0x00,0x2D,0xDE,0xFF,0xFF,0xFF,0xFF,0xFF,0xFF,0xFF,0xFF,0xFF,0xC4,0xFF,0x77,0x11,0xE5,
  0xFF,0xFF,0xF4,0x51,0x07,0x2E,0xD5,0xFF,0xFF,0xFF,0xFF,0xE6,0x1C,0x80,0xFF,0xFF,0xFF,0x83,0x00,0x00,
  0x00,0x40,0xFF,0xFF,0xFF,0xEE,0x08,0x00,0xCD,0xFF,0xFF,0xFF,0x30,0x00,0x00,0x00,0x00,0xEC,0xFF,0xFF,
  0xFE,0x15,0x00,0xED,0xFF,0xFF,0xFF,0x14,0x00,0x00,0x00,0x00,0xD1,0xFF,0xFF,0xFF,0x35,0x00,0xEE,0xFF,
  0xFF,0xFF,0x14,0x00,0x00,0x00,0x00,0xD1,0xFF,0xFF,0xFF,0x34,0x00,0xCD,0xFF,0xFF,0xFF,0x30,0x00,0x00,
  0x00,0x00,0xEC,0xFF,0xFF,0xFF,0x16,0x00,0x80,0xFF,0xFF,0xFF,0x83,0x00,0x00,0x00,0x40,0xFF,0xFF,0xFF,
  0xC8,0x00,0x00,0x11,0xE5,0xFF,0xFF,0xF4,0x50,0x07,0x2D,0xD4,0xFF,0xFF,0xFD,0x42,0x00,0x00,0x00,0x2D,
  0xDE,0xFF,0xFF,0xFF,0xFF,0xFF,0xFF,0xFF,0xF6,0x5D,0x00,0x00,0x00,0x00,0x00,0x0C,0x6F,0xBF,0xEB,0xFB,
  0xF2,0xD0,0x8C,0x21,0x00,0x00,0x00,0x00,0x00,0x00,0x00,0x00,0x00,0x79,0xEF,0xDD,0x7C,0x14,0x97,0xFF,
  0x0D,0x00,0x00,0x00,0x00,0x00,0x00,0x00,0x00,0x00,0x25,0xFE,0xFF,0xFF,0xFF,0xFF,0xFF,0xDC,0x00,0x00,
  0x00,0x00,0x00,0x00,0x00,0x00,0x00,0x00,0x55,0xFF,0x4B,0x31,0x9F,0xEF,0xE2,0x43,0x00,0x00,0x00,0x00,
  0x00,0x00,0x00,0x00,0x00,0x00,0x00,0x00,0x00,0x00,0x00,0x00,0x00,0x00,0x00,0x00,0x00,0x00,0x00,0x00,
  0x00,0x00,0x00,0x00,0x00,0x00,0x00,0x00,0x00,0x00,0x00,0x00,0x00,0x00,0x00,0x08,0x68,0x3A,0x00,0x00,
  0x00,0x00,0x40,0x99,0xD4,0xEE,0xFA,0xEB,0xCC,0x8E,0x2B,0x00,0x00,0x00,0xE7,0xAE,0x00,0x00,0x18,0xBC,
  0xFF,0xFF,0xFF,0xFF,0xFF,0xFF,0xFF,0xFF,0xFE,0xC9,0x0D,0x00,0xDD,0xC2,0x00,0x15,0xDF,0xFF,0xFF,0xFF,
  0x92,0x23,0x07,0x30,0xB1,0xFF,0xFF,0xFF,0xFF,0xB5,0xFF,0xAB,0x00,0xB5,0xFF,0xFF,0xFF,0x8F,0x00,0x00,
  0x00,0x00,0x02,0xBC,0xFF,0xFF,0xFF,0xFF,0xF6,0x3F,0x34,0xFF,0xFF,0xFF,0xF5,0x0E,0x00,0x00,0x00,0x00,
  0x00,0x33,0xFF,0xFF,0xFF,0xFF,0x20,0x00,0x84,0xFF,0xFF,0xFF,0xB4,0x00,0x00,0x00,0x00,0x00,0x00,0x00,
  0xE1,0xFF,0xFF,0xFF,0x53,0x00,0xB9,0xFF,0xFF,0xFF,0x87,0x00,0x00,0x00,0x00,0x00,0x00,0x00,0xB5,0xFF,
  0xFF,0xFF,0x88,0x00,0xCE,0xFF,0xFF,0xFF,0x75,0x00,0x00,0x00,0x00,0x00,0x00,0x00,0xA2,0xFF,0xFF,0xFF,
  0x9E,0x00,0xCF,0xFF,0xFF,0xFF,0x75,0x00,0x00,0x00,0x00,0x00,0x00,0x00,0xA3,0xFF,0xFF,0xFF,0x9D,0x00,
  0xB9,0xFF,0xFF,0xFF,0x87,0x00,0x00,0x00,0x00,0x00,0x00,0x00,0xB5,0xFF,0xFF,0xFF,0x88,0x00,0x84,0xFF,
  0xFF,0xFF,0xB4,0x00,0x00,0x00,0x00,0x00,0x00,0x00,0xE1,0xFF,0xFF,0xFF,0x53,0x00,0x34,0xFF,0xFF,0xFF,
  0xF5,0x0E,0x00,0x00,0x00,0x00,0x00,0x32,0xFF,0xFF,0xFF,0xF3,0x10,0x00,0x00,0xB5,0xFF,0xFF,0xFF,0x8C,
  0x00,0x00,0x00,0x00,0x02,0xBA,0xFF,0xFF,0xFF,0x84,0x00,0x00,0x00,0x16,0xE0,0xFF,0xFF,0xFF,0x90,0x21,
  0x06,0x2E,0xAF,0xFF,0xFF,0xFF,0xC0,0x05,0x00,0x00,0x00,0x00,0x18,0xBC,0xFF,0xFF,0xFF,0xFF,0xFF,0xFF,
  0xFF,0xFF,0xFE,0x9D,0x09,0x00,0x00,0x00,0x00,0x00,0x00,0x00,0x40,0x9A,0xD5,0xEF,0xFB,0xEC,0xCC,0x8E,
  0x2C,0x00,0x00,0x00,0x00,0x00,0x00,0x00,0x00,0x5A,0xEF,0xBF,0x1D,0x00,0x5B,0xF8,0x18,0x00,0x00,0x00,
  0x00,0x00,0x00,0x03,0xEB,0xFF,0xFF,0xE1,0x2C,0x9E,0xFC,0x05,0x00,0x00,0x00,0x00,0x00,0x00,0x33,0xFF,
  0x6A,0x4E,0xF5,0xFF,0xFF,0xBC,0x00,0x00,0x00,0x00,0x00,0x00,0x00,0x47,0xF8,0x2C,0x00,0x3B,0xDA,0xE4,
  0x35,0x00,0x00,0x00,0x00,0x00,0x00,0x00,0x00,0x00,0x00,0x00,0x00,0x00,0x00,0x00,0x00,0x00,0x1D,0x68,
  0x25,0x00,0x00,0x00,0x00,0x00,0x00,0x00,0x00,0x00,0x00,0x00,0x00,0x1B,0xFF,0x7A,0x00,0x00,0x0C,0x6E,
  0xBD,0xEA,0xFA,0xF0,0xCF,0x8B,0x51,0x00,0x12,0xFF,0x8E,0x00,0x2D,0xDE,0xFF,0xFF,0xFF,0xFF,0xFF,0xFF,
  0xFF,0xFF,0xFF,0xC4,0xFF,0x77,0x11,0xE5,0xFF,0xFF,0xF4,0x51,0x07,0x2E,0xD5,0xFF,0xFF,0xFF,0xFF,0xE6,
  0x1C,0x80,0xFF,0xFF,0xFF,0x83,0x00,0x00,0x00,0x40,0xFF,0xFF,0xFF,0xEE,0x08,0x00,0xCD,0xFF,0xFF,0xFF,
  0x30,0x00,0x00,0x00,0x00,0xEC,0xFF,0xFF,0xFE,0x15,0x00,0xED,0xFF,0xFF,0xFF,0x14,0x00,0x00,0x00,0x00,
  0xD1,0xFF,0xFF,0xFF,0x35,0x00,0xEE,0xFF,0xFF,0xFF,0x14,0x00,0x00,0x00,0x00,0xD1,0xFF,0xFF,0xFF,0x34,
  0x00,0xCD,0xFF,0xFF,0xFF,0x30,0x00,0x00,0x00,0x00,0xEC,0xFF,0xFF,0xFF,0x16,0x00,0x80,0xFF,0xFF,0xFF,
  0x83,0x00,0x00,0x00,0x40,0xFF,0xFF,0xFF,0xC8,0x00,0x00,0x11,0xE5,0xFF,0xFF,0xF4,0x50,0x07,0x2D,0xD4,
  0xFF,0xFF,0xFD,0x42,0x00,0x00,0x00,0x2D,0xDE,0xFF,0xFF,0xFF,0xFF,0xFF,0xFF,0xFF,0xF6,0x5D,0x00,0x00,
  0x00,0x00,0x00,0x0C,0x6F,0xBF,0xEB,0xFB,0xF2,0xD0,0x8C,0x21,0x00,0x00,0x00,0x00,0x00,0x00,0x00,0x00,
  0x00,0x00,0x00,0x00,0x00,0x00,0x00,0x00,0x00,0x00,0x00,0x08,0x68,0x3A,0x00,0x00,0x00,0x00,0x40,0x99,
  0xD4,0xEE,0xFA,0xEB,0xCC,0x8E,0x2B,0x00,0x00,0x00,0xE7,0xAE,0x00,0x00,0x18,0xBC,0xFF,0xFF,0xFF,0xFF,
  0xFF,0xFF,0xFF,0xFF,0xFE,0xC9,0x0D,0x00,0xDD,0xC2,0x00,0x15,0xDF,0xFF,0xFF,0xFF,0x92,0x23,0x07,0x30,
  0xB1,0xFF,0xFF,0xFF,0xFF,0xB5,0xFF,0xAB,0x00,0xB5,0xFF,0xFF,0xFF,0x8F,0x00,0x00,0x00,0x00,0x02,0xBC,
  0xFF,0xFF,0xFF,0xFF,0xF6,0x3F,0x34,0xFF,0xFF,0xFF,0xF5,0x0E,0x00,0x00,0x00,0x00,0x00,0x33,0xFF,0xFF,
  0xFF,0xFF,0x20,0x00,0x84,0xFF,0xFF,0xFF,0xB4,0x00,0x00,0x00,0x00,0x00,0x00,0x00,0xE1,0xFF,0xFF,0xFF,
  0x53,0x00,0xB9,0xFF,0xFF,0xFF,0x87,0x00,0x00,0x00,0x00,0x00,0x00,0x00,0xB5,0xFF,0xFF,0xFF,0x88,0x00,
  0xCE,0xFF,0xFF,0xFF,0x75,0x00,0x00,0x00,0x00,0x00,0x00,0x00,0xA2,0xFF,0xFF,0xFF,0x9E,0x00,0xCF,0xFF,
  0xFF,0xFF,0x75,0x00,0x00,0x00,0x00,0x00,0x00,0x00,0xA3,0xFF,0xFF,0xFF,0x9D,0x00,0xB9,0xFF,0xFF,0xFF,
  0x87,0x00,0x00,0x00,0x00,0x00,0x00,0x00,0xB5,0xFF,0xFF,0xFF,0x88,0x00,0x84,0xFF,0xFF,0xFF,0xB4,0x00,
  0x00,0x00,0x00,0x00,0x00,0x00,0xE1,0xFF,0xFF,0xFF,0x53,0x00,0x34,0xFF,0xFF,0xFF,0xF5,0x0E,0x00,0x00,
  0x00,0x00,0x00,0x32,0xFF,0xFF,0xFF,0xF3,0x10,0x00,0x00,0xB5,0xFF,0xFF,0xFF,0x8C,0x00,0x00,0x00,0x00,
  0x02,0xBA,0xFF,0xFF,0xFF,0x84,0x00,0x00,0x00,0x16,0xE0,0xFF,0xFF,0xFF,0x90,0x21,0x06,0x2E,0xAF,0xFF,
  0xFF,0xFF,0xC0,0x05,0x00,0x00,0x00,0x00,0x18,0xBC,0xFF,0xFF,0xFF,0xFF,0xFF,0xFF,0xFF,0xFF,0xFE,0x9D,
  0x09,0x00,0x00,0x00,0x00,0x00,0x00,0x00,0x40,0x9A,0xD5,0xEF,0xFB,0xEC,0xCC,0x8E,0x2C,0x00,0x00,0x00,
  0x00,0x00,0x00,0x00,0x00,0x00,0x00,0x00,0x00,0x00,0x00,0x00,0x00,0x00,0x00,0x00,0x00,0x00,0x00,0x00,
  0x00,0x00,0x00,0x00,0x00,0x00,0x47,0x78,0x78,0x78,0x1E,0x00,0x00,0x00,0x00,0x00,0x00,0x00,0x00,0x00,
  0x00,0x00,0x00,0x00,0x98,0xFF,0xFF,0xFF,0x40,0x00,0x00,0x00,0x00,0x00,0x00,0x00,0x00,0x00,0x00,0x00,
  0x00,0x00,0x98,0xFF,0xFF,0xFF,0x40,0x00,0x00,0x00,0x00,0x00,0x00,0x00,0x00,0x00,0x00,0x00,0x00,0x00,
  0x66,0xAC,0xAC,0xAC,0x2B,0x00,0x00,0x00,0x00,0x00,0x00,0x00,0x00,0x00,0x00,0x00,0x00,0x00,0x00,0x00,
  0x00,0x00,0x00,0x00,0x1D,0x68,0x25,0x00,0x00,0x00,0x00,0x00,0x00,0x00,0x00,0x00,0x00,0x00,0x00,0x1B,
  0xFF,0x7A,0x00,0x00,0x0C,0x6E,0xBD,0xEA,0xFA,0xF0,0xCF,0x8B,0x51,0x00,0x12,0xFF,0x8E,0x00,0x2D,0xDE,
  0xFF,0xFF,0xFF,0xFF,0xFF,0xFF,0xFF,0xFF,0xFF,0xC4,0xFF,0x77,0x11,0xE5,0xFF,0xFF,0xF4,0x51,0x07,0x2E,
  0xD5,0xFF,0xFF,0xFF,0xFF,0xE6,0x1C,0x80,0xFF,0xFF,0xFF,0x83,0x00,0x00,0x00,0x40,0xFF,0xFF,0xFF,0xEE,
  0x08,0x00,0xCD,0xFF,0xFF,0xFF,0x30,0x00,0x00,0x00,0x00,0xEC,0xFF,0xFF,0xFE,0x15,0x00,0xED,0xFF,0xFF,
  0xFF,0x14,0x00,0x00,0x00,0x00,0xD1,0xFF,0xFF,0xFF,0x35,0x00,0xEE,0xFF,0xFF,0xFF,0x14,0x00,0x00,0x00,
  0x00,0xD1,0xFF,0xFF,0xFF,0x34,0x00,0xCD,0xFF,0xFF,0xFF,0x30,0x00,0x00,0x00,0x00,0xEC,0xFF,0xFF,0xFF,
  0x16,0x00,0x80,0xFF,0xFF,0xFF,0x83,0x00,0x00,0x00,0x40,0xFF,0xFF,0xFF,0xC8,0x00,0x00,0x11,0xE5,0xFF,
  0xFF,0xF4,0x50,0x07,0x2D,0xD4,0xFF,0xFF,0xFD,0x42,0x00,0x00,0x00,0x2D,0xDE,0xFF,0xFF,0xFF,0xFF,0xFF,
  0xFF,0xFF,0xF6,0x5D,0x00,0x00,0x00,0x00,0x00,0x0C,0x6F,0xBF,0xEB,0xFB,0xF2,0xD0,0x8C,0x21,0x00,0x00,
  0x00,0x00,0x00,0x00,0x00,0x00,0x00,0x00,0x00,0x00,0x00,0x00,0x00,0x00,0x00,0x00,0x00,0x00,0x00,0x00,
  0x00,0x2B,0x78,0x78,0x78,0x3A,0x00,0x00,0x00,0x00,0x00,0x00,0x00,0x00,0x00,0x00,0x5C,0xFF,0xFF,0xFF,
  0x7C,0x00,0x00,0x00,0x00,0x00,0x00,0x00,0x00,0x00,0x00,0x5C,0xFF,0xFF,0xFF,0x7C,0x00,0x00,0x00,0x00,
  0x00,0x00,0x00,0x00,0x00,0x00,0x3D,0xAC,0xAC,0xAC,0x53,0x00,0x00,0x00,0x00,0x00,0x00,0xFC,0xFF,0xFF,
  0xFF,0x28,0x00,0x00,0x00,0x00,0x4C,0xFF,0xFF,0xFF,0xD8,0xFC,0xFF,0xFF,0xFF,0x28,0x00,0x00,0x00,0x00,
  0x4C,0xFF,0xFF,0xFF,0xD8,0xFC,0xFF,0xFF,0xFF,0x28,0x00,0x00,0x00,0x00,0x4C,0xFF,0xFF,0xFF,0xD8,0xFC,
  0xFF,0xFF,0xFF,0x28,0x00,0x00,0x00,0x00,0x4C,0xFF,0xFF,0xFF,0xD8,0xFC,0xFF,0xFF,0xFF,0x28,0x00,0x00,
  0x00,0x00,0x4C,0xFF,0xFF,0xFF,0xD8,0xFC,0xFF,0xFF,0xFF,0x28,0x00,0x00,0x00,0x00,0x4C,0xFF,0xFF,0xFF,
  0xD8,0xFC,0xFF,0xFF,0xFF,0x28,0x00,0x00,0x00,0x00,0x4C,0xFF,0xFF,0xFF,0xD8,0xFC,0xFF,0xFF,0xFF,0x28,
  0x00,0x00,0x00,0x00,0x4C,0xFF,0xFF,0xFF,0xD8,0xFC,0xFF,0xFF,0xFF,0x28,0x00,0x00,0x00,0x00,0x4C,0xFF,
  0xFF,0xFF,0xD8,0xFC,0xFF,0xFF,0xFF,0x28,0x00,0x00,0x00,0x00,0x4C,0xFF,0xFF,0xFF,0xD8,0xF4,0xFF,0xFF,
  0xFF,0x2C,0x00,0x00,0x00,0x00,0x50,0xFF,0xFF,0xFF,0xCF,0xDB,0xFF,0xFF,0xFF,0x41,0x00,0x00,0x00,0x00,
  0x67,0xFF,0xFF,0xFF,0xB6,0x9A,0xFF,0xFF,0xFF,0x83,0x00,0x00,0x00,0x00,0xAA,0xFF,0xFF,0xFF,0x75,0x28,
  0xF9,0xFF,0xFF,0xF5,0x60,0x13,0x19,0x78,0xFD,0xFF,0xFF,0xEA,0x10,0x00,0x51,0xF2,0xFF,0xFF,0xFF,0xFF,
  0xFF,0xFF,0xFF,0xFF,0xE5,0x35,0x00,0x00,0x00,0x1A,0x7E,0xC2,0xEA,0xFA,0xF8,0xE6,0xBA,0x70,0x0F,0x00,
  0x00,0x00,0x00,0x00,0x00,0x00,0x00,0x00,0x00,0x00,0x00,0x00,0x00,0x00,0x00,0x00,0x00,0x00,0x00,0x01,
  0x78,0x78,0x78,0x63,0x00,0x00,0x00,0x00,0x00,0x00,0x00,0x00,0x00,0x04,0xFF,0xFF,0xFF,0xD4,0x00,0x00,
  0x00,0x00,0x00,0x00,0x00,0x00,0x00,0x04,0xFF,0xFF,0xFF,0xD4,0x00,0x00,0x00,0x00,0x00,0x00,0x00,0x00,
  0x00,0x02,0xAC,0xAC,0xAC,0x8E,0x00,0x00,0x00,0x00,0x00,0x48,0xFF,0xFF,0xFF,0x98,0x00,0x00,0x00,0x08,
  0xFF,0xFF,0xFF,0xD0,0x48,0xFF,0xFF,0xFF,0x97,0x00,0x00,0x00,0x08,0xFF,0xFF,0xFF,0xD0,0x48,0xFF,0xFF,
  0xFF,0x96,0x00,0x00,0x00,0x08,0xFF,0xFF,0xFF,0xD0,0x48,0xFF,0xFF,0xFF,0x94,0x00,0x00,0x00,0x08,0xFF,
  0xFF,0xFF,0xD0,0x48,0xFF,0xFF,0xFF,0x92,0x00,0x00,0x00,0x08,0xFF,0xFF,0xFF,0xD0,0x48,0xFF,0xFF,0xFF,
  0x90,0x00,0x00,0x00,0x08,0xFF,0xFF,0xFF,0xD0,0x48,0xFF,0xFF,0xFF,0x91,0x00,0x00,0x00,0x0F,0xFF,0xFF,
  0xFF,0xD0,0x47,0xFF,0xFF,0xFF,0x98,0x00,0x00,0x00,0x2A,0xFF,0xFF,0xFF,0xD0,0x3A,0xFF,0xFF,0xFF,0xB3,
  0x00,0x00,0x00,0x7D,0xFF,0xFF,0xFF,0xD0,0x0C,0xF7,0xFF,0xFF,0xF8,0x4F,0x0F,0x58,0xF4,0xFF,0xFF,0xFF,
  0xD0,0x00,0x82,0xFF,0xFF,0xFF,0xFF,0xFF,0xFF,0x7E,0xFF,0xFF,0xFF,0xD0,0x00,0x00,0x67,0xCF,0xF7,0xF2,
  0xBC,0x44,0x08,0xFF,0xFF,0xFF,0xD0,0x00,0x00,0x00,0x00,0x00,0x00,0x00,0x00,0x00,0x00,0x00,0x00,0x00,
  0x00,0x00,0x00,0x00,0x12,0x78,0x78,0x78,0x52,0x00,0x00,0x00,0x00,0x00,0x00,0x00,0x00,0x28,0xFF,0xFF,
  0xFF,0xB0,0x00,0x00,0x00,0x00,0x00,0x00,0x00,0x00,0x28,0xFF,0xFF,0xFF,0xB0,0x00,0x00,0x00,0x00,0x00,
  0x00,0x00,0x00,0x1A,0xAC,0xAC,0xAC,0x76,0x00,0x00,0x00,0x00,0x00,0x00,0x00,0x00,0x25,0x67,0x84,0x79,
  0x3C,0x00,0x00,0x00,0x00,0x00,0x00,0x00,0x00,0x00,0xA9,0xB8,0x93,0xB2,0xFF,0x6C,0x00,0x00,0x00,0x00,
  0x00,0x00,0x00,0x00,0x05,0x00,0x00,0x0C,0xF1,0xAE,0x00,0x00,0x00,0x00,0x00,0x00,0x00,0x00,0x00,0x00,
  0x17,0xC7,0xFD,0x53,0x00,0x00,0x00,0x00,0x00,0x00,0x00,0x00,0x00,0x00,0xB3,0xFC,0x4C,0x00,0x00,0x00,
  0x00,0x00,0x00,0x00,0x00,0x00,0x00,0x00,0x60,0x63,0x00,0x00,0x00,0x00,0x00,0x00,0x00,0x00,0x00,0x00,
  0x00,0x00,0x00,0x00,0x00,0x00,0x00,0x00,0x00,0x00,0xFC,0xFF,0xFF,0xFF,0x28,0x00,0x00,0x00,0x00,0x4C,
  0xFF,0xFF,0xFF,0xD8,0xFC,0xFF,0xFF,0xFF,0x28,0x00,0x00,0x00,0x00,0x4C,0xFF,0xFF,0xFF,0xD8,0xFC,0xFF,
  0xFF,0xFF,0x28,0x00,0x00,0x00,0x00,0x4C,0xFF,0xFF,0xFF,0xD8,0xFC,0xFF,0xFF,0xFF,0x28,0x00,0x00,0x00,
  0x00,0x4C,0xFF,0xFF,0xFF,0xD8,0xFC,0xFF,0xFF,0xFF,0x28,0x00,0x00,0x00,0x00,0x4C,0xFF,0xFF,0xFF,0xD8,
  0xFC,0xFF,0xFF,0xFF,0x28,0x00,0x00,0x00,0x00,0x4C,0xFF,0xFF,0xFF,0xD8,0xFC,0xFF,0xFF,0xFF,0x28,0x00,
  0x00,0x00,0x00,0x4C,0xFF,0xFF,0xFF,0xD8,0xFC,0xFF,0xFF,0xFF,0x28,0x00,0x00,0x00,0x00,0x4C,0xFF,0xFF,
  0xFF,0xD8,0xFC,0xFF,0xFF,0xFF,0x28,0x00,0x00,0x00,0x00,0x4C,0xFF,0xFF,0xFF,0xD8,0xFC,0xFF,0xFF,0xFF,
  0x28,0x00,0x00,0x00,0x00,0x4C,0xFF,0xFF,0xFF,0xD8,0xF4,0xFF,0xFF,0xFF,0x2C,0x00,0x00,0x00,0x00,0x50,
  0xFF,0xFF,0xFF,0xCF,0xDB,0xFF,0xFF,0xFF,0x41,0x00,0x00,0x00,0x00,0x67,0xFF,0xFF,0xFF,0xB6,0x9A,0xFF,
  0xFF,0xFF,0x83,0x00,0x00,0x00,0x00,0xAA,0xFF,0xFF,0xFF,0x75,0x28,0xF9,0xFF,0xFF,0xF5,0x60,0x13,0x19,
  0x78,0xFD,0xFF,0xFF,0xEA,0x10,0x00,0x51,0xF2,0xFF,0xFF,0xFF,0xFF,0xFF,0xFF,0xFF,0xFF,0xE5,0x35,0x00,
  0x00,0x00,0x1A,0x7E,0xC2,0xEA,0xFA,0xF8,0xE6,0xBA,0x70,0x0F,0x00,0x00,0x00,0x00,0x00,0x00,0x30,0x6C,
  0x85,0x75,0x2D,0x00,0x00,0x00,0x00,0x00,0x00,0x00,0x00,0xC8,0xB0,0x92,0xC0,0xFD,0x4A,0x00,0x00,0x00,
  0x00,0x00,0x00,0x00,0x05,0x00,0x00,0x23,0xFF,0x8A,0x00,0x00,0x00,0x00,0x00,0x00,0x00,0x00,0x00,0x28,
  0xDB,0xF6,0x36,0x00,0x00,0x00,0x00,0x00,0x00,0x00,0x00,0x00,0xD7,0xF0,0x34,0x00,0x00,0x00,0x00,0x00,
  0x00,0x00,0x00,0x00,0x00,0x70,0x54,0x00,0x00,0x00,0x00,0x00,0x00,0x00,0x00,0x00,0x00,0x00,0x00,0x00,
  0x00,0x00,0x00,0x00,0x00,0x48,0xFF,0xFF,0xFF,0x98,0x00,0x00,0x00,0x08,0xFF,0xFF,0xFF,0xD0,0x48,0xFF,
  0xFF,0xFF,0x97,0x00,0x00,0x00,0x08,0xFF,0xFF,0xFF,0xD0,0x48,0xFF,0xFF,0xFF,0x96,0x00,0x00,0x00,0x08,
  0xFF,0xFF,0xFF,0xD0,0x48,0xFF,0xFF,0xFF,0x94,0x00,0x00,0x00,0x08,0xFF,0xFF,0xFF,0xD0,0x48,0xFF,0xFF,
  0xFF,0x92,0x00,0x00,0x00,0x08,0xFF,0xFF,0xFF,0xD0,0x48,0xFF,0xFF,0xFF,0x90,0x00,0x00,0x00,0x08,0xFF,
  0xFF,0xFF,0xD0,0x48,0xFF,0xFF,0xFF,0x91,0x00,0x00,0x00,0x0F,0xFF,0xFF,0xFF,0xD0,0x47,0xFF,0xFF,0xFF,
  0x98,0x00,0x00,0x00,0x2A,0xFF,0xFF,0xFF,0xD0,0x3A,0xFF,0xFF,0xFF,0xB3,0x00,0x00,0x00,0x7D,0xFF,0xFF,
  0xFF,0xD0,0x0C,0xF7,0xFF,0xFF,0xF8,0x4F,0x0F,0x58,0xF4,0xFF,0xFF,0xFF,0xD0,0x00,0x82,0xFF,0xFF,0xFF,
  0xFF,0xFF,0xFF,0x7E,0xFF,0xFF,0xFF,0xD0,0x00,0x00,0x67,0xCF,0xF7,0xF2,0xBC,0x44,0x08,0xFF,0xFF,0xFF,
  0xD0,0x00,0x00,0x00,0x00,0x00,0x00,0x2B,0xF7,0xFF,0xB8,0x08,0x00,0x00,0x00,0x00,0x00,0x00,0x00,0x00,
  0x00,0x00,0x00,0x07,0xD1,0xFF,0xB4,0x07,0x00,0x00,0x00,0x00,0x00,0x00,0x00,0x00,0x00,0x00,0x00,0x00,
  0x8D,0xFF,0xB0,0x06,0x00,0x00,0x00,0x00,0x00,0x00,0x00,0x00,0x00,0x00,0x00,0x00,0x00,0x00,0x00,0x00,
  0x00,0x00,0x00,0x00,0x00,0x00,0x00,0x00,0x00,0x00,0x00,0x00,0x00,0x00,0x00,0x00,0x00,0x00,0x00,0x00,
  0x00,0x00,0x00,0x37,0x68,0x0B,0xFF,0xFF,0xFF,0xFF,0x24,0x00,0x00,0x00,0x00,0x50,0xFF,0xFF,0xFF,0xD4,
  0x5B,0xFF,0x3A,0xFF,0xFF,0xFF,0xFF,0x24,0x00,0x00,0x00,0x00,0x50,0xFF,0xFF,0xFF,0xD4,0x52,0xFF,0x4E,
  0xFF,0xFF,0xFF,0xFF,0x24,0x00,0x00,0x00,0x00,0x50,0xFF,0xFF,0xFF,0xFF,0xDD,0xFF,0x37,0xFF,0xFF,0xFF,
  0xFF,0x24,0x00,0x00,0x00,0x00,0x50,0xFF,0xFF,0xFF,0xFF,0xFF,0xC0,0x01,0xFF,0xFF,0xFF,0xFF,0x24,0x00,
  0x00,0x00,0x00,0x50,0xFF,0xFF,0xFF,0xDE,0x24,0x02,0x00,0xFF,0xFF,0xFF,0xFF,0x24,0x00,0x00,0x00,0x00,
  0x50,0xFF,0xFF,0xFF,0xD4,0x00,0x00,0x00,0xFF,0xFF,0xFF,0xFF,0x24,0x00,0x00,0x00,0x00,0x50,0xFF,0xFF,
  0xFF,0xD4,0x00,0x00,0x00,0xFF,0xFF,0xFF,0xFF,0x24,0x00,0x00,0x00,0x00,0x50,0xFF,0xFF,0xFF,0xD4,0x00,
  0x00,0x00,0xFF,0xFF,0xFF,0xFF,0x24,0x00,0x00,0x00,0x00,0x50,0xFF,0xFF,0xFF,0xD4,0x00,0x00,0x00,0xFF,
  0xFF,0xFF,0xFF,0x24,0x00,0x00,0x00,0x00,0x50,0xFF,0xFF,0xFF,0xD4,0x00,0x00,0x00,0xF8,0xFF,0xFF,0xFF,
  0x28,0x00,0x00,0x00,0x00,0x54,0xFF,0xFF,0xFF,0xCB,0x00,0x00,0x00,0xDF,0xFF,0xFF,0xFF,0x3D,0x00,0x00,
  0x00,0x00,0x6B,0xFF,0xFF,0xFF,0xB2,0x00,0x00,0x00,0x9E,0xFF,0xFF,0xFF,0x7F,0x00,0x00,0x00,0x00,0xAE,
  0xFF,0xFF,0xFF,0x71,0x00,0x00,0x00,0x2B,0xFA,0xFF,0xFF,0xF4,0x5E,0x12,0x1A,0x7B,0xFE,0xFF,0xFF,0xE8,
  0x0E,0x00,0x00,0x00,0x00,0x53,0xF3,0xFF,0xFF,0xFF,0xFF,0xFF,0xFF,0xFF,0xFF,0xE3,0x33,0x00,0x00,0x00,
  0x00,0x00,0x00,0x1B,0x7F,0xC3,0xEB,0xFA,0xF8,0xE6,0xB9,0x6E,0x0E,0x00,0x00,0x00,0x00,0x00,0x00,0x00,
  0x00,0x00,0x00,0x00,0x00,0x07,0xCD,0xFF,0xEA,0x2B,0x00,0x00,0x00,0x00,0x00,0x00,0x00,0x00,0x00,0x00,
  0x00,0x98,0xFF,0xEB,0x2C,0x00,0x00,0x00,0x00,0x00,0x00,0x00,0x00,0x00,0x00,0x00,0x59,0xFF,0xEC,0x2E,
  0x00,0x00,0x00,0x00,0x00,0x00,0x00,0x00,0x00,0x00,0x00,0x27,0xF3,0xED,0x30,0x00,0x00,0x00,0x00,0x00,
  0x00,0x00,0x00,0x00,0x00,0x00,0x00,0x00,0x00,0x00,0x00,0x00,0x00,0x00,0x00,0x4C,0x5E,0x00,0x00,0x00,
  0x00,0x00,0x00,0x00,0x00,0x00,0x00,0x00,0x00,0x00,0x00,0x8F,0xFD,0x08,0x58,0xFF,0xFF,0xFF,0x88,0x00,
  0x00,0x00,0x18,0xFF,0xFF,0xFF,0xC0,0x86,0xFF,0x1A,0x58,0xFF,0xFF,0xFF,0x87,0x00,0x00,0x00,0x18,0xFF,
  0xFF,0xFF,0xFF,0xF0,0xFB,0x07,0x58,0xFF,0xFF,0xFF,0x86,0x00,0x00,0x00,0x18,0xFF,0xFF,0xFF,0xFF,0xFF,
  0x8E,0x00,0x58,0xFF,0xFF,0xFF,0x84,0x00,0x00,0x00,0x18,0xFF,0xFF,0xFF,0xD2,0x1F,0x00,0x00,0x58,0xFF,
  0xFF,0xFF,0x82,0x00,0x00,0x00,0x18,0xFF,0xFF,0xFF,0xC0,0x00,0x00,0x00,0x58,0xFF,0xFF,0xFF,0x80,0x00,
  0x00,0x00,0x18,0xFF,0xFF,0xFF,0xC0,0x00,0x00,0x00,0x58,0xFF,0xFF,0xFF,0x81,0x00,0x00,0x00,0x1F,0xFF,
  0xFF,0xFF,0xC0,0x00,0x00,0x00,0x57,0xFF,0xFF,0xFF,0x88,0x00,0x00,0x00,0x3A,0xFF,0xFF,0xFF,0xC0,0x00,
  0x00,0x00,0x4A,0xFF,0xFF,0xFF,0xA3,0x00,0x00,0x00,0x8D,0xFF,0xFF,0xFF,0xC0,0x00,0x00,0x00,0x17,0xFC,
  0xFF,0xFF,0xF3,0x46,0x10,0x61,0xF8,0xFF,0xFF,0xFF,0xC0,0x00,0x00,0x00,0x00,0x92,0xFF,0xFF,0xFF,0xFF,
  0xFF,0xFE,0x80,0xFF,0xFF,0xFF,0xC0,0x00,0x00,0x00,0x00,0x02,0x70,0xD3,0xF9,0xF0,0xB7,0x3C,0x18,0xFF,
  0xFF,0xFF,0xC0,0x00,0x00,0x00,0x00,0x00,0x00,0x6B,0xFE,0xFF,0x7A,0x00,0x00,0x00,0x00,0x00,0x00,0x00,
  0x00,0x00,0x00,0x00,0x00,0x00,0x00,0x65,0xFE,0xFA,0x34,0x00,0x00,0x00,0x00,0x00,0x00,0x00,0x00,0x00,
  0x00,0x00,0x00,0x00,0x00,0x61,0xFD,0xD9,0x0B,0x00,0x00,0x00,0x00,0x00,0x00,0x00,0x00,0x00,0x00,0x00,
  0x00,0x00,0x00,0x00,0x00,0x00,0x00,0x00,0x00,0x00,0x00,0x00,0x00,0x00,0x00,0x00,0x00,0x00,0x00,0x00,
  0x00,0x00,0x00,0x00,0x00,0x00,0x00,0x00,0x37,0x68,0x0B,0xFF,0xFF,0xFF,0xFF,0x24,0x00,0x00,0x00,0x00,
  0x50,0xFF,0xFF,0xFF,0xD4,0x5B,0xFF,0x3A,0xFF,0xFF,0xFF,0xFF,0x24,0x00,0x00,0x00,0x00,0x50,0xFF,0xFF,
  0xFF,0xD4,0x52,0xFF,0x4E,0xFF,0xFF,0xFF,0xFF,0x24,0x00,0x00,0x00,0x00,0x50,0xFF,0xFF,0xFF,0xFF,0xDD,
  0xFF,0x37,0xFF,0xFF,0xFF,0xFF,0x24,0x00,0x00,0x00,0x00,0x50,0xFF,0xFF,0xFF,0xFF,0xFF,0xC0,0x01,0xFF,
  0xFF,0xFF,0xFF,0x24,0x00,0x00,0x00,0x00,0x50,0xFF,0xFF,0xFF,0xDE,0x24,0x02,0x00,0xFF,0xFF,0xFF,0xFF,
  0x24,0x00,0x00,0x00,0x00,0x50,0xFF,0xFF,0xFF,0xD4,0x00,0x00,0x00,0xFF,0xFF,0xFF,0xFF,0x24,0x00,0x00,
  0x00,0x00,0x50,0xFF,0xFF,0xFF,0xD4,0x00,0x00,0x00,0xFF,0xFF,0xFF,0xFF,0x24,0x00,0x00,0x00,0x00,0x50,
  0xFF,0xFF,0xFF,0xD4,0x00,0x00,0x00,0xFF,0xFF,0xFF,0xFF,0x24,0x00,0x00,0x00,0x00,0x50,0xFF,0xFF,0xFF,
  0xD4,0x00,0x00,0x00,0xFF,0xFF,0xFF,0xFF,0x24,0x00,0x00,0x00,0x00,0x50,0xFF,0xFF,0xFF,0xD4,0x00,0x00,
  0x00,0xF8,0xFF,0xFF,0xFF,0x28,0x00,0x00,0x00,0x00,0x54,0xFF,0xFF,0xFF,0xCB,0x00,0x00,0x00,0xDF,0xFF,
  0xFF,0xFF,0x3D,0x00,0x00,0x00,0x00,0x6B,0xFF,0xFF,0xFF,0xB2,0x00,0x00,0x00,0x9E,0xFF,0xFF,0xFF,0x7F,
  0x00,0x00,0x00,0x00,0xAE,0xFF,0xFF,0xFF,0x71,0x00,0x00,0x00,0x2B,0xFA,0xFF,0xFF,0xF4,0x5E,0x12,0x1A,
  0x7B,0xFE,0xFF,0xFF,0xE8,0x0E,0x00,0x00,0x00,0x00,0x53,0xF3,0xFF,0xFF,0xFF,0xFF,0xFF,0xFF,0xFF,0xFF,
  0xE3,0x33,0x00,0x00,0x00,0x00,0x00,0x00,0x1B,0x7F,0xC3,0xEB,0xFA,0xF8,0xE6,0xB9,0x6E,0x0E,0x00,0x00,
  0x00,0x00,0x00,0x00,0x00,0x14,0xD2,0xFF,0xE9,0x1A,0x00,0x00,0x00,0x00,0x00,0x00,0x00,0x00,0x00,0x00,
  0x00,0x00,0x15,0xD4,0xFF,0xC2,0x03,0x00,0x00,0x00,0x00,0x00,0x00,0x00,0x00,0x00,0x00,0x00,0x00,0x16,
  0xD5,0xFF,0x88,0x00,0x00,0x00,0x00,0x00,0x00,0x00,0x00,0x00,0x00,0x00,0x00,0x00,0x17,0xD7,0xFE,0x4B,
  0x00,0x00,0x00,0x00,0x00,0x00,0x00,0x00,0x00,0x00,0x00,0x00,0x00,0x00,0x00,0x00,0x00,0x00,0x00,0x00,
  0x4C,0x5E,0x00,0x00,0x00,0x00,0x00,0x00,0x00,0x00,0x00,0x00,0x00,0x00,0x00,0x00,0x8F,0xFD,0x08,0x58,
  0xFF,0xFF,0xFF,0x88,0x00,0x00,0x00,0x18,0xFF,0xFF,0xFF,0xC0,0x86,0xFF,0x1A,0x58,0xFF,0xFF,0xFF,0x87,
  0x00,0x00,0x00,0x18,0xFF,0xFF,0xFF,0xFF,0xF0,0xFB,0x07,0x58,0xFF,0xFF,0xFF,0x86,0x00,0x00,0x00,0x18,
  0xFF,0xFF,0xFF,0xFF,0xFF,0x8E,0x00,0x58,0xFF,0xFF,0xFF,0x84,0x00,0x00,0x00,0x18,0xFF,0xFF,0xFF,0xD2,
  0x1F,0x00,0x00,0x58,0xFF,0xFF,0xFF,0x82,0x00,0x00,0x00,0x18,0xFF,0xFF,0xFF,0xC0,0x00,0x00,0x00,0x58,
  0xFF,0xFF,0xFF,0x80,0x00,0x00,0x00,0x18,0xFF,0xFF,0xFF,0xC0,0x00,0x00,0x00,0x58,0xFF,0xFF,0xFF,0x81,
  0x00,0x00,0x00,0x1F,0xFF,0xFF,0xFF,0xC0,0x00,0x00,0x00,0x57,0xFF,0xFF,0xFF,0x88,0x00,0x00,0x00,0x3A,
  0xFF,0xFF,0xFF,0xC0,0x00,0x00,0x00,0x4A,0xFF,0xFF,0xFF,0xA3,0x00,0x00,0x00,0x8D,0xFF,0xFF,0xFF,0xC0,
  0x00,0x00,0x00,0x17,0xFC,0xFF,0xFF,0xF3,0x46,0x10,0x61,0xF8,0xFF,0xFF,0xFF,0xC0,0x00,0x00,0x00,0x00,
  0x92,0xFF,0xFF,0xFF,0xFF,0xFF,0xFE,0x80,0xFF,0xFF,0xFF,0xC0,0x00,0x00,0x00,0x00,0x02,0x70,0xD3,0xF9,
  0xF0,0xB7,0x3C,0x18,0xFF,0xFF,0xFF,0xC0,0x00,0x00,0x00,0x00,0x00,0x00,0x00,0x25,0x67,0x84,0x79,0x3C,
  0x00,0x00,0x00,0x00,0x00,0x00,0x00,0x00,0x00,0x00,0x00,0x00,0xA9,0xB8,0x93,0xB2,0xFF,0x6C,0x00,0x00,
  0x00,0x00,0x00,0x00,0x00,0x00,0x00,0x00,0x00,0x05,0x00,0x00,0x0C,0xF1,0xAE,0x00,0x00,0x00,0x00,0x00,
  0x00,0x00,0x00,0x00,0x00,0x00,0x00,0x00,0x17,0xC7,0xFD,0x53,0x00,0x00,0x00,0x00,0x00,0x00,0x00,0x00,
  0x00,0x00,0x00,0x00,0x00,0xB3,0xFC,0x4C,0x00,0x00,0x00,0x00,0x00,0x00,0x00,0x00,0x00,0x00,0x00,0x00,
  0x00,0x00,0x60,0x63,0x00,0x00,0x00,0x00,0x00,0x00,0x00,0x00,0x00,0x00,0x00,0x00,0x00,0x00,0x00,0x00,
  0x00,0x00,0x00,0x00,0x00,0x00,0x00,0x37,0x68,0x0B,0xFF,0xFF,0xFF,0xFF,0x24,0x00,0x00,0x00,0x00,0x50,
  0xFF,0xFF,0xFF,0xD4,0x5B,0xFF,0x3A,0xFF,0xFF,0xFF,0xFF,0x24,0x00,0x00,0x00,0x00,0x50,0xFF,0xFF,0xFF,
  0xD4,0x52,0xFF,0x4E,0xFF,0xFF,0xFF,0xFF,0x24,0x00,0x00,0x00,0x00,0x50,0xFF,0xFF,0xFF,0xFF,0xDD,0xFF,
  0x37,0xFF,0xFF,0xFF,0xFF,0x24,0x00,0x00,0x00,0x00,0x50,0xFF,0xFF,0xFF,0xFF,0xFF,0xC0,0x01,0xFF,0xFF,
  0xFF,0xFF,0x24,0x00,0x00,0x00,0x00,0x50,0xFF,0xFF,0xFF,0xDE,0x24,0x02,0x00,0xFF,0xFF,0xFF,0xFF,0x24,
  0x00,0x00,0x00,0x00,0x50,0xFF,0xFF,0xFF,0xD4,0x00,0x00,0x00,0xFF,0xFF,0xFF,0xFF,0x24,0x00,0x00,0x00,
  0x00,0x50,0xFF,0xFF,0xFF,0xD4,0x00,0x00,0x00,0xFF,0xFF,0xFF,0xFF,0x24,0x00,0x00,0x00,0x00,0x50,0xFF,
  0xFF,0xFF,0xD4,0x00,0x00,0x00,0xFF,0xFF,0xFF,0xFF,0x24,0x00,0x00,0x00,0x00,0x50,0xFF,0xFF,0xFF,0xD4,
  0x00,0x00,0x00,0xFF,0xFF,0xFF,0xFF,0x24,0x00,0x00,0x00,0x00,0x50,0xFF,0xFF,0xFF,0xD4,0x00,0x00,0x00,
  0xF8,0xFF,0xFF,0xFF,0x28,0x00,0x00,0x00,0x00,0x54,0xFF,0xFF,0xFF,0xCB,0x00,0x00,0x00,0xDF,0xFF,0xFF,
  0xFF,0x3D,0x00,0x00,0x00,0x00,0x6B,0xFF,0xFF,0xFF,0xB2,0x00,0x00,0x00,0x9E,0xFF,0xFF,0xFF,0x7F,0x00,
  0x00,0x00,0x00,0xAE,0xFF,0xFF,0xFF,0x71,0x00,0x00,0x00,0x2B,0xFA,0xFF,0xFF,0xF4,0x5E,0x12,0x1A,0x7B,
  0xFE,0xFF,0xFF,0xE8,0x0E,0x00,0x00,0x00,0x00,0x53,0xF3,0xFF,0xFF,0xFF,0xFF,0xFF,0xFF,0xFF,0xFF,0xE3,
  0x33,0x00,0x00,0x00,0x00,0x00,0x00,0x1B,0x7F,0xC3,0xEB,0xFA,0xF8,0xE6,0xB9,0x6E,0x0E,0x00,0x00,0x00,
  0x00,0x00,0x00,0x00,0x00,0x00,0x30,0x6C,0x85,0x75,0x2D,0x00,0x00,0x00,0x00,0x00,0x00,0x00,0x00,0x00,
  0x00,0x00,0xC8,0xB0,0x92,0xC0,0xFD,0x4A,0x00,0x00,0x00,0x00,0x00,0x00,0x00,0x00,0x00,0x00,0x05,0x00,
  0x00,0x23,0xFF,0x8A,0x00,0x00,0x00,0x00,0x00,0x00,0x00,0x00,0x00,0x00,0x00,0x00,0x28,0xDB,0xF6,0x36,
  0x00,0x00,0x00,0x00,0x00,0x00,0x00,0x00,0x00,0x00,0x00,0x00,0xD7,0xF0,0x34,0x00,0x00,0x00,0x00,0x00,
  0x00,0x00,0x00,0x00,0x00,0x00,0x00,0x00,0x70,0x54,0x00,0x00,0x00,0x00,0x00,0x4C,0x5E,0x00,0x00,0x00,
  0x00,0x00,0x00,0x00,0x00,0x00,0x00,0x00,0x00,0x00,0x00,0x8F,0xFD,0x08,0x58,0xFF,0xFF,0xFF,0x88,0x00,
  0x00,0x00,0x18,0xFF,0xFF,0xFF,0xC0,0x86,0xFF,0x1A,0x58,0xFF,0xFF,0xFF,0x87,0x00,0x00,0x00,0x18,0xFF,
  0xFF,0xFF,0xFF,0xF0,0xFB,0x07,0x58,0xFF,0xFF,0xFF,0x86,0x00,0x00,0x00,0x18,0xFF,0xFF,0xFF,0xFF,0xFF,
  0x8E,0x00,0x58,0xFF,0xFF,0xFF,0x84,0x00,0x00,0x00,0x18,0xFF,0xFF,0xFF,0xD2,0x1F,0x00,0x00,0x58,0xFF,
  0xFF,0xFF,0x82,0x00,0x00,0x00,0x18,0xFF,0xFF,0xFF,0xC0,0x00,0x00,0x00,0x58,0xFF,0xFF,0xFF,0x80,0x00,
  0x00,0x00,0x18,0xFF,0xFF,0xFF,0xC0,0x00,0x00,0x00,0x58,0xFF,0xFF,0xFF,0x81,0x00,0x00,0x00,0x1F,0xFF,
  0xFF,0xFF,0xC0,0x00,0x00,0x00,0x57,0xFF,0xFF,0xFF,0x88,0x00,0x00,0x00,0x3A,0xFF,0xFF,0xFF,0xC0,0x00,
  0x00,0x00,0x4A,0xFF,0xFF,0xFF,0xA3,0x00,0x00,0x00,0x8D,0xFF,0xFF,0xFF,0xC0,0x00,0x00,0x00,0x17,0xFC,
  0xFF,0xFF,0xF3,0x46,0x10,0x61,0xF8,0xFF,0xFF,0xFF,0xC0,0x00,0x00,0x00,0x00,0x92,0xFF,0xFF,0xFF,0xFF,
  0xFF,0xFE,0x80,0xFF,0xFF,0xFF,0xC0,0x00,0x00,0x00,0x00,0x02,0x70,0xD3,0xF9,0xF0,0xB7,0x3C,0x18,0xFF,
  0xFF,0xFF,0xC0,0x00,0x00,0x00,0x00,0x00,0x00,0x18,0xC3,0xF4,0xBA,0x46,0x19,0xF3,0x9C,0x00,0x00,0x00,
  0x00,0x00,0x00,0x00,0x00,0x00,0x94,0xFF,0xFF,0xFF,0xFF,0xFF,0xFF,0x6C,0x00,0x00,0x00,0x00,0x00,0x00,
  0x00,0x00,0x00,0xC5,0xD4,0x12,0x5E,0xCB,0xF6,0xB0,0x09,0x00,0x00,0x00,0x00,0x00,0x00,0x00,0x00,0x00,
  0x00,0x00,0x00,0x00,0x00,0x00,0x00,0x00,0x00,0x00,0x00,0x00,0x00,0x00,0x00,0x00,0x00,0x00,0x00,0x00,
  0x00,0x00,0x00,0x00,0x00,0x00,0x00,0x00,0x37,0x68,0x0B,0xFF,0xFF,0xFF,0xFF,0x24,0x00,0x00,0x00,0x00,
  0x50,0xFF,0xFF,0xFF,0xD4,0x5B,0xFF,0x3A,0xFF,0xFF,0xFF,0xFF,0x24,0x00,0x00,0x00,0x00,0x50,0xFF,0xFF,
  0xFF,0xD4,0x52,0xFF,0x4E,0xFF,0xFF,0xFF,0xFF,0x24,0x00,0x00,0x00,0x00,0x50,0xFF,0xFF,0xFF,0xFF,0xDD,
  0xFF,0x37,0xFF,0xFF,0xFF,0xFF,0x24,0x00,0x00,0x00,0x00,0x50,0xFF,0xFF,0xFF,0xFF,0xFF,0xC0,0x01,0xFF,
  0xFF,0xFF,0xFF,0x24,0x00,0x00,0x00,0x00,0x50,0xFF,0xFF,0xFF,0xDE,0x24,0x02,0x00,0xFF,0xFF,0xFF,0xFF,
  0x24,0x00,0x00,0x00,0x00,0x50,0xFF,0xFF,0xFF,0xD4,0x00,0x00,0x00,0xFF,0xFF,0xFF,0xFF,0x24,0x00,0x00,
  0x00,0x00,0x50,0xFF,0xFF,0xFF,0xD4,0x00,0x00,0x00,0xFF,0xFF,0xFF,0xFF,0x24,0x00,0x00,0x00,0x00,0x50,
  0xFF,0xFF,0xFF,0xD4,0x00,0x00,0x00,0xFF,0xFF,0xFF,0xFF,0x24,0x00,0x00,0x00,0x00,0x50,0xFF,0xFF,0xFF,
  0xD4,0x00,0x00,0x00,0xFF,0xFF,0xFF,0xFF,0x24,0x00,0x00,0x00,0x00,0x50,0xFF,0xFF,0xFF,0xD4,0x00,0x00,
  0x00,0xF8,0xFF,0xFF,0xFF,0x28,0x00,0x00,0x00,0x00,0x54,0xFF,0xFF,0xFF,0xCB,0x00,0x00,0x00,0xDF,0xFF,
  0xFF,0xFF,0x3D,0x00,0x00,0x00,0x00,0x6B,0xFF,0xFF,0xFF,0xB2,0x00,0x00,0x00,0x9E,0xFF,0xFF,0xFF,0x7F,
  0x00,0x00,0x00,0x00,0xAE,0xFF,0xFF,0xFF,0x71,0x00,0x00,0x00,0x2B,0xFA,0xFF,0xFF,0xF4,0x5E,0x12,0x1A,
  0x7B,0xFE,0xFF,0xFF,0xE8,0x0E,0x00,0x00,0x00,0x00,0x53,0xF3,0xFF,0xFF,0xFF,0xFF,0xFF,0xFF,0xFF,0xFF,
  0xE3,0x33,0x00,0x00,0x00,0x00,0x00,0x00,0x1B,0x7F,0xC3,0xEB,0xFA,0xF8,0xE6,0xB9,0x6E,0x0E,0x00,0x00,
  0x00,0x00,0x00,0x00,0x00,0x00,0x1A,0xD1,0xE5,0x55,0x00,0x01,0xF5,0x75,0x00,0x00,0x00,0x00,0x00,0x00,
  0x00,0x00,0x8F,0xFF,0xFF,0xFE,0x6C,0x41,0xFF,0x61,0x00,0x00,0x00,0x00,0x00,0x00,0x00,0x00,0xD3,0xC5,
  0x1F,0xC9,0xFF,0xFF,0xFE,0x1D,0x00,0x00,0x00,0x00,0x00,0x00,0x00,0x00,0xE2,0x89,0x00,0x0D,0xAC,0xF4,
  0x81,0x00,0x00,0x00,0x00,0x00,0x00,0x00,0x00,0x00,0x00,0x00,0x00,0x00,0x00,0x00,0x00,0x00,0x00,0x00,
  0x4C,0x5E,0x00,0x00,0x00,0x00,0x00,0x00,0x00,0x00,0x00,0x00,0x00,0x00,0x00,0x00,0x8F,0xFD,0x08,0x58,
  0xFF,0xFF,0xFF,0x88,0x00,0x00,0x00,0x18,0xFF,0xFF,0xFF,0xC0,0x86,0xFF,0x1A,0x58,0xFF,0xFF,0xFF,0x87,
  0x00,0x00,0x00,0x18,0xFF,0xFF,0xFF,0xFF,0xF0,0xFB,0x07,0x58,0xFF,0xFF,0xFF,0x86,0x00,0x00,0x00,0x18,
  0xFF,0xFF,0xFF,0xFF,0xFF,0x8E,0x00,0x58,0xFF,0xFF,0xFF,0x84,0x00,0x00,0x00,0x18,0xFF,0xFF,0xFF,0xD2,
  0x1F,0x00,0x00,0x58,0xFF,0xFF,0xFF,0x82,0x00,0x00,0x00,0x18,0xFF,0xFF,0xFF,0xC0,0x00,0x00,0x00,0x58,
  0xFF,0xFF,0xFF,0x80,0x00,0x00,0x00,0x18,0xFF,0xFF,0xFF,0xC0,0x00,0x00,0x00,0x58,0xFF,0xFF,0xFF,0x81,
  0x00,0x00,0x00,0x1F,0xFF,0xFF,0xFF,0xC0,0x00,0x00,0x00,0x57,0xFF,0xFF,0xFF,0x88,0x00,0x00,0x00,0x3A,
  0xFF,0xFF,0xFF,0xC0,0x00,0x00,0x00,0x4A,0xFF,0xFF,0xFF,0xA3,0x00,0x00,0x00,0x8D,0xFF,0xFF,0xFF,0xC0,
  0x00,0x00,0x00,0x17,0xFC,0xFF,0xFF,0xF3,0x46,0x10,0x61,0xF8,0xFF,0xFF,0xFF,0xC0,0x00,0x00,0x00,0x00,
  0x92,0xFF,0xFF,0xFF,0xFF,0xFF,0xFE,0x80,0xFF,0xFF,0xFF,0xC0,0x00,0x00,0x00,0x00,0x02,0x70,0xD3,0xF9,
  0xF0,0xB7,0x3C,0x18,0xFF,0xFF,0xFF,0xC0,0x00,0x00,0x00,0x00,0x00,0x00,0x00,0x00,0x00,0x00,0x00,0x00,
  0x00,0x00,0x00,0x00,0x00,0x37,0x68,0x0B,0xFF,0xFF,0xFF,0xFF,0x24,0x00,0x00,0x00,0x00,0x50,0xFF,0xFF,
  0xFF,0xD4,0x5B,0xFF,0x3A,0xFF,0xFF,0xFF,0xFF,0x24,0x00,0x00,0x00,0x00,0x50,0xFF,0xFF,0xFF,0xD4,0x52,
  0xFF,0x4E,0xFF,0xFF,0xFF,0xFF,0x24,0x00,0x00,0x00,0x00,0x50,0xFF,0xFF,0xFF,0xFF,0xDD,0xFF,0x37,0xFF,
  0xFF,0xFF,0xFF,0x24,0x00,0x00,0x00,0x00,0x50,0xFF,0xFF,0xFF,0xFF,0xFF,0xC0,0x01,0xFF,0xFF,0xFF,0xFF,
  0x24,0x00,0x00,0x00,0x00,0x50,0xFF,0xFF,0xFF,0xDE,0x24,0x02,0x00,0xFF,0xFF,0xFF,0xFF,0x24,0x00,0x00,
  0x00,0x00,0x50,0xFF,0xFF,0xFF,0xD4,0x00,0x00,0x00,0xFF,0xFF,0xFF,0xFF,0x24,0x00,0x00,0x00,0x00,0x50,
  0xFF,0xFF,0xFF,0xD4,0x00,0x00,0x00,0xFF,0xFF,0xFF,0xFF,0x24,0x00,0x00,0x00,0x00,0x50,0xFF,0xFF,0xFF,
  0xD4,0x00,0x00,0x00,0xFF,0xFF,0xFF,0xFF,0x24,0x00,0x00,0x00,0x00,0x50,0xFF,0xFF,0xFF,0xD4,0x00,0x00,
  0x00,0xFF,0xFF,0xFF,0xFF,0x24,0x00,0x00,0x00,0x00,0x50,0xFF,0xFF,0xFF,0xD4,0x00,0x00,0x00,0xF8,0xFF,
  0xFF,0xFF,0x28,0x00,0x00,0x00,0x00,0x54,0xFF,0xFF,0xFF,0xCB,0x00,0x00,0x00,0xDF,0xFF,0xFF,0xFF,0x3D,
  0x00,0x00,0x00,0x00,0x6B,0xFF,0xFF,0xFF,0xB2,0x00,0x00,0x00,0x9E,0xFF,0xFF,0xFF,0x7F,0x00,0x00,0x00,
  0x00,0xAE,0xFF,0xFF,0xFF,0x71,0x00,0x00,0x00,0x2B,0xFA,0xFF,0xFF,0xF4,0x5E,0x12,0x1A,0x7B,0xFE,0xFF,
  0xFF,0xE8,0x0E,0x00,0x00,0x00,0x00,0x53,0xF3,0xFF,0xFF,0xFF,0xFF,0xFF,0xFF,0xFF,0xFF,0xE3,0x33,0x00,
  0x00,0x00,0x00,0x00,0x00,0x1B,0x7F,0xC3,0xEB,0xFA,0xF8,0xE6,0xB9,0x6E,0x0E,0x00,0x00,0x00,0x00,0x00,
  0x00,0x00,0x00,0x00,0x00,0x00,0x00,0x00,0x00,0x00,0x00,0x00,0x00,0x00,0x00,0x00,0x00,0x00,0x00,0x00,
  0x00,0x01,0x78,0x78,0x78,0x63,0x00,0x00,0x00,0x00,0x00,0x00,0x00,0x00,0x00,0x00,0x00,0x00,0x04,0xFF,
  0xFF,0xFF,0xD4,0x00,0x00,0x00,0x00,0x00,0x00,0x00,0x00,0x00,0x00,0x00,0x00,0x04,0xFF,0xFF,0xFF,0xD4,
  0x00,0x00,0x00,0x00,0x00,0x00,0x00,0x00,0x00,0x00,0x00,0x00,0x02,0xAC,0xAC,0xAC,0x8E,0x00,0x00,0x00,
  0x00,0x00,0x00,0x00,0x00,0x00,0x00,0x00,0x00,0x00,0x00,0x00,0x00,0x00,0x00,0x00,0x00,0x00,0x4C,0x5E,
  0x00,0x00,0x00,0x00,0x00,0x00,0x00,0x00,0x00,0x00,0x00,0x00,0x00,0x00,0x8F,0xFD,0x08,0x58,0xFF,0xFF,
  0xFF,0x88,0x00,0x00,0x00,0x18,0xFF,0xFF,0xFF,0xC0,0x86,0xFF,0x1A,0x58,0xFF,0xFF,0xFF,0x87,0x00,0x00,
  0x00,0x18,0xFF,0xFF,0xFF,0xFF,0xF0,0xFB,0x07,0x58,0xFF,0xFF,0xFF,0x86,0x00,0x00,0x00,0x18,0xFF,0xFF,
  0xFF,0xFF,0xFF,0x8E,0x00,0x58,0xFF,0xFF,0xFF,0x84,0x00,0x00,0x00,0x18,0xFF,0xFF,0xFF,0xD2,0x1F,0x00,
  0x00,0x58,0xFF,0xFF,0xFF,0x82,0x00,0x00,0x00,0x18,0xFF,0xFF,0xFF,0xC0,0x00,0x00,0x00,0x58,0xFF,0xFF,
  0xFF,0x80,0x00,0x00,0x00,0x18,0xFF,0xFF,0xFF,0xC0,0x00,0x00,0x00,0x58,0xFF,0xFF,0xFF,0x81,0x00,0x00,
  0x00,0x1F,0xFF,0xFF,0xFF,0xC0,0x00,0x00,0x00,0x57,0xFF,0xFF,0xFF,0x88,0x00,0x00,0x00,0x3A,0xFF,0xFF,
  0xFF,0xC0,0x00,0x00,0x00,0x4A,0xFF,0xFF,0xFF,0xA3,0x00,0x00,0x00,0x8D,0xFF,0xFF,0xFF,0xC0,0x00,0x00,
  0x00,0x17,0xFC,0xFF,0xFF,0xF3,0x46,0x10,0x61,0xF8,0xFF,0xFF,0xFF,0xC0,0x00,0x00,0x00,0x00,0x92,0xFF,
  0xFF,0xFF,0xFF,0xFF,0xFE,0x80,0xFF,0xFF,0xFF,0xC0,0x00,0x00,0x00,0x00,0x02,0x70,0xD3,0xF9,0xF0,0xB7,
  0x3C,0x18,0xFF,0xFF,0xFF,0xC0,0x00,0x00,0x00,0x00,0x00,0x00,0x00,0x00,0x00,0x00,0x00,0x00,0x00,0x00,
  0x00,0x00,0x00,0x00,0x00,0x00,0x00,0x00,0x00,0x12,0x78,0x78,0x78,0x52,0x00,0x00,0x00,0x00,0x00,0x00,
  0x00,0x00,0x00,0x00,0x00,0x28,0xFF,0xFF,0xFF,0xB0,0x00,0x00,0x00,0x00,0x00,0x00,0x00,0x00,0x00,0x00,
  0x00,0x28,0xFF,0xFF,0xFF,0xB0,0x00,0x00,0x00,0x00,0x00,0x00,0x00,0x00,0x00,0x00,0x00,0x1A,0xAC,0xAC,
  0xAC,0x76,0x00,0x00,0x00,0x00,0x00,0x00,0x00,0x00,0x00,0x00,0x00,0x00,0x33,0xEE,0xFF,0xBF,0x02,0x00,
  0x00,0x00,0x00,0x00,0x00,0x00,0x00,0x00,0x00,0x00,0x00,0x00,0x00,0x30,0xEC,0xFF,0x77,0x00,0x00,0x00,
  0x00,0x00,0x00,0x00,0x00,0x00,0x00,0x00,0x00,0x00,0x00,0x00,0x2D,0xE9,0xFA,0x32,0x00,0x00,0x00,0x00,
  0x00,0x00,0x00,0x00,0x00,0x00,0x00,0x00,0x00,0x00,0x00,0x00,0x00,0x00,0x00,0x00,0x00,0x00,0x00,0x00,
  0x00,0x00,0x00,0x00,0x00,0x00,0x00,0x00,0x00,0x00,0x00,0x00,0x00,0x00,0x00,0x00,0x00,0x00,0x00,0x09,
  0xDA,0xFF,0xFF,0xFF,0x9D,0x00,0x00,0x00,0x00,0x00,0x00,0xB6,0xFF,0xFF,0xFF,0xCB,0x03,0x00,0x3D,0xFE,
  0xFF,0xFF,0xFF,0x42,0x00,0x00,0x00,0x00,0x5B,0xFF,0xFF,0xFF,0xF9,0x2C,0x00,0x00,0x00,0x92,0xFF,0xFF,
  0xFF,0xDC,0x09,0x00,0x00,0x13,0xEA,0xFF,0xFF,0xFF,0x7D,0x00,0x00,0x00,0x00,0x0B,0xDE,0xFF,0xFF,0xFF,
  0x8A,0x00,0x00,0xA3,0xFF,0xFF,0xFF,0xD0,0x05,0x00,0x00,0x00,0x00,0x00,0x41,0xFE,0xFF,0xFF,0xFC,0x32,
  0x47,0xFF,0xFF,0xFF,0xFB,0x31,0x00,0x00,0x00,0x00,0x00,0x00,0x00,0x98,0xFF,0xFF,0xFF,0xCF,0xDF,0xFF,
  0xFF,0xFF,0x83,0x00,0x00,0x00,0x00,0x00,0x00,0x00,0x00,0x0D,0xE1,0xFF,0xFF,0xFF,0xFF,0xFF,0xFF,0xD4,
  0x06,0x00,0x00,0x00,0x00,0x00,0x00,0x00,0x00,0x00,0x47,0xFF,0xFF,0xFF,0xFF,0xFF,0xFC,0x35,0x00,0x00,
  0x00,0x00,0x00,0x00,0x00,0x00,0x00,0x00,0x00,0x9D,0xFF,0xFF,0xFF,0xFF,0x88,0x00,0x00,0x00,0x00,0x00,
  0x00,0x00,0x00,0x00,0x00,0x00,0x00,0x21,0xFF,0xFF,0xFF,0xFF,0x0D,0x00,0x00,0x00,0x00,0x00,0x00,0x00,
  0x00,0x00,0x00,0x00,0x00,0x1C,0xFF,0xFF,0xFF,0xFF,0x08,0x00,0x00,0x00,0x00,0x00,0x00,0x00,0x00,0x00,
  0x00,0x00,0x00,0x1C,0xFF,0xFF,0xFF,0xFF,0x08,0x00,0x00,0x00,0x00,0x00,0x00,0x00,0x00,0x00,0x00,0x00,
  0x00,0x1C,0xFF,0xFF,0xFF,0xFF,0x08,0x00,0x00,0x00,0x00,0x00,0x00,0x00,0x00,0x00,0x00,0x00,0x00,0x1C,
  0xFF,0xFF,0xFF,0xFF,0x08,0x00,0x00,0x00,0x00,0x00,0x00,0x00,0x00,0x00,0x00,0x00,0x00,0x1C,0xFF,0xFF,
  0xFF,0xFF,0x08,0x00,0x00,0x00,0x00,0x00,0x00,0x00,0x00,0x00,0x00,0x00,0x00,0x1C,0xFF,0xFF,0xFF,0xFF,
  0x08,0x00,0x00,0x00,0x00,0x00,0x00,0x00,0x00,0x6A,0xFF,0xFF,0x80,0x00,0x00,0x00,0x00,0x00,0x00,0x00,
  0x00,0x00,0x00,0x00,0x6D,0xFF,0xFD,0x44,0x00,0x00,0x00,0x00,0x00,0x00,0x00,0x00,0x00,0x00,0x00,0x70,
  0xFF,0xE9,0x1A,0x00,0x00,0x00,0x00,0x00,0x00,0x00,0x00,0x00,0x00,0x00,0x73,0xFF,0xC2,0x04,0x00,0x00,
  0x00,0x00,0x00,0x00,0x00,0x00,0x00,0x00,0x00,0x00,0x00,0x00,0x00,0x00,0x00,0x00,0x00,0x00,0x00,0x00,
  0x00,0x00,0x00,0x00,0x00,0x00,0x00,0x00,0x00,0x00,0x00,0x87,0xFF,0xFF,0xFF,0x4E,0x00,0x00,0x00,0x00,
  0x16,0xFC,0xFF,0xFF,0xC0,0x1E,0xFC,0xFF,0xFF,0xB4,0x00,0x00,0x00,0x00,0x6A,0xFF,0xFF,0xFF,0x63,0x00,
  0xAF,0xFF,0xFF,0xFC,0x1D,0x00,0x00,0x00,0xC0,0xFF,0xFF,0xF7,0x0F,0x00,0x43,0xFF,0xFF,0xFF,0x7F,0x00,
  0x00,0x19,0xFD,0xFF,0xFF,0xA9,0x00,0x00,0x00,0xD6,0xFF,0xFF,0xE2,0x02,0x00,0x6D,0xFF,0xFF,0xFF,0x4C,
  0x00,0x00,0x00,0x6C,0xFF,0xFF,0xFF,0x4B,0x00,0xC4,0xFF,0xFF,0xEA,0x04,0x00,0x00,0x00,0x0D,0xF2,0xFF,
  0xFF,0xB0,0x1C,0xFE,0xFF,0xFF,0x91,0x00,0x00,0x00,0x00,0x00,0x94,0xFF,0xFF,0xFB,0x8B,0xFF,0xFF,0xFF,
  0x34,0x00,0x00,0x00,0x00,0x00,0x29,0xFF,0xFF,0xFF,0xFE,0xFF,0xFF,0xD7,0x00,0x00,0x00,0x00,0x00,0x00,
  0x00,0xBD,0xFF,0xFF,0xFF,0xFF,0xFF,0x7A,0x00,0x00,0x00,0x00,0x00,0x00,0x00,0x51,0xFF,0xFF,0xFF,0xFF,
  0xFE,0x1E,0x00,0x00,0x00,0x00,0x00,0x00,0x00,0x03,0xE2,0xFF,0xFF,0xFF,0xBF,0x00,0x00,0x00,0x00,0x00,
  0x00,0x00,0x00,0x00,0x80,0xFF,0xFF,0xFF,0x62,0x00,0x00,0x00,0x00,0x00,0x00,0x00,0x00,0x00,0x9F,0xFF,
  0xFF,0xF6,0x0E,0x00,0x00,0x00,0x00,0x00,0x00,0x00,0x05,0x46,0xF7,0xFF,0xFF,0x91,0x00,0x00,0x00,0x00,
  0x00,0x00,0x00,0xCC,0xFF,0xFF,0xFF,0xFF,0xDB,0x0F,0x00,0x00,0x00,0x00,0x00,0x00,0x00,0xCC,0xFF,0xFB,
  0xE0,0x95,0x18,0x00,0x00,0x00,0x00,0x00,0x00,0x09,0xDA,0xFF,0xFF,0xFF,0x9D,0x00,0x00,0x00,0x00,0x00,
  0x00,0xB6,0xFF,0xFF,0xFF,0xCB,0x03,0x00,0x3D,0xFE,0xFF,0xFF,0xFF,0x42,0x00,0x00,0x00,0x00,0x5B,0xFF,
  0xFF,0xFF,0xF9,0x2C,0x00,0x00,0x00,0x92,0xFF,0xFF,0xFF,0xDC,0x09,0x00,0x00,0x13,0xEA,0xFF,0xFF,0xFF,
  0x7D,0x00,0x00,0x00,0x00,0x0B,0xDE,0xFF,0xFF,0xFF,0x8A,0x00,0x00,0xA3,0xFF,0xFF,0xFF,0xD0,0x05,0x00,
  0x00,0x00,0x00,0x00,0x41,0xFE,0xFF,0xFF,0xFC,0x32,0x47,0xFF,0xFF,0xFF,0xFB,0x31,0x00,0x00,0x00,0x00,
  0x00,0x00,0x00,0x98,0xFF,0xFF,0xFF,0xCF,0xDF,0xFF,0xFF,0xFF,0x83,0x00,0x00,0x00,0x00,0x00,0x00,0x00,
  0x00,0x0D,0xE1,0xFF,0xFF,0xFF,0xFF,0xFF,0xFF,0xD4,0x06,0x00,0x00,0x00,0x00,0x00,0x00,0x00,0x00,0x00,
  0x47,0xFF,0xFF,0xFF,0xFF,0xFF,0xFC,0x35,0x00,0x00,0x00,0x00,0x00,0x00,0x00,0x00,0x00,0x00,0x00,0x9D,
  0xFF,0xFF,0xFF,0xFF,0x88,0x00,0x00,0x00,0x00,0x00,0x00,0x00,0x00,0x00,0x00,0x00,0x00,0x21,0xFF,0xFF,
  0xFF,0xFF,0x0D,0x00,0x00,0x00,0x00,0x00,0x00,0x00,0x00,0x00,0x00,0x00,0x00,0x1C,0xFF,0xFF,0xFF,0xFF,
  0x08,0x00,0x00,0x00,0x00,0x00,0x00,0x00,0x00,0x00,0x00,0x00,0x00,0x1C,0xFF,0xFF,0xFF,0xFF,0x08,0x00,
  0x00,0x00,0x00,0x00,0x00,0x00,0x00,0x00,0x00,0x00,0x00,0x1C,0xFF,0xFF,0xFF,0xFF,0x08,0x00,0x00,0x00,
  0x00,0x00,0x00,0x00,0x00,0x00,0x00,0x00,0x00,0x1C,0xFF,0xFF,0xFF,0xFF,0x08,0x00,0x00,0x00,0x00,0x00,
  0x00,0x00,0x00,0x00,0x00,0x00,0x00,0x1C,0xFF,0xFF,0xFF,0xFF,0x08,0x00,0x00,0x00,0x00,0x00,0x00,0x00,
  0x00,0x00,0x00,0x00,0x00,0x1C,0xFF,0xFF,0xFF,0xFF,0x08,0x00,0x00,0x00,0x00,0x00,0x00,0x00,0x00,0x00,
  0x00,0x00,0x00,0x00,0x00,0x00,0x00,0x00,0x00,0x00,0x00,0x00,0x00,0x00,0x00,0x00,0x00,0x00,0x00,0x00,
  0x00,0x09,0x78,0x78,0x78,0x5B,0x00,0x00,0x00,0x00,0x00,0x00,0x00,0x00,0x00,0x00,0x00,0x00,0x00,0x14,
  0xFF,0xFF,0xFF,0xC4,0x00,0x00,0x00,0x00,0x00,0x00,0x00,0x00,0x00,0x00,0x00,0x00,0x00,0x14,0xFF,0xFF,
  0xFF,0xC4,0x00,0x00,0x00,0x00,0x00,0x00,0x00,0x00,0x00,0x00,0x00,0x00,0x00,0x0D,0xAC,0xAC,0xAC,0x83,
  0x00,0x00,0x00,0x00,0x00,0x00,0x00,0x87,0xFF,0xFF,0xFF,0x4E,0x00,0x00,0x00,0x00,0x16,0xFC,0xFF,0xFF,
  0xC0,0x1E,0xFC,0xFF,0xFF,0xB4,0x00,0x00,0x00,0x00,0x6A,0xFF,0xFF,0xFF,0x63,0x00,0xAF,0xFF,0xFF,0xFC,
  0x1D,0x00,0x00,0x00,0xC0,0xFF,0xFF,0xF7,0x0F,0x00,0x43,0xFF,0xFF,0xFF,0x7F,0x00,0x00,0x19,0xFD,0xFF,
  0xFF,0xA9,0x00,0x00,0x00,0xD6,0xFF,0xFF,0xE2,0x02,0x00,0x6D,0xFF,0xFF,0xFF,0x4C,0x00,0x00,0x00,0x6C,
  0xFF,0xFF,0xFF,0x4B,0x00,0xC4,0xFF,0xFF,0xEA,0x04,0x00,0x00,0x00,0x0D,0xF2,0xFF,0xFF,0xB0,0x1C,0xFE,
  0xFF,0xFF,0x91,0x00,0x00,0x00,0x00,0x00,0x94,0xFF,0xFF,0xFB,0x8B,0xFF,0xFF,0xFF,0x34,0x00,0x00,0x00,
  0x00,0x00,0x29,0xFF,0xFF,0xFF,0xFE,0xFF,0xFF,0xD7,0x00,0x00,0x00,0x00,0x00,0x00,0x00,0xBD,0xFF,0xFF,
  0xFF,0xFF,0xFF,0x7A,0x00,0x00,0x00,0x00,0x00,0x00,0x00,0x51,0xFF,0xFF,0xFF,0xFF,0xFE,0x1E,0x00,0x00,
  0x00,0x00,0x00,0x00,0x00,0x03,0xE2,0xFF,0xFF,0xFF,0xBF,0x00,0x00,0x00,0x00,0x00,0x00,0x00,0x00,0x00,
  0x80,0xFF,0xFF,0xFF,0x62,0x00,0x00,0x00,0x00,0x00,0x00,0x00,0x00,0x00,0x9F,0xFF,0xFF,0xF6,0x57,0x78,
  0x78,0x78,0x1C,0x00,0x00,0x00,0x05,0x46,0xF7,0xFF,0xFF,0x91,0x9C,0xFF,0xFF,0xFF,0x3C,0x00,0x00,0xCC,
  0xFF,0xFF,0xFF,0xFF,0xDB,0x0F,0x9C,0xFF,0xFF,0xFF,0x3C,0x00,0x00,0xCC,0xFF,0xFB,0xE0,0x95,0x18,0x00,
  0x68,0xAC,0xAC,0xAC,0x28,0x00,0x00,0x00,0x00,0x00,0x00,0x21,0x64,0x83,0x7A,0x40,0x00,0x00,0x00,0x00,
  0x00,0x00,0x00,0x00,0x00,0x00,0x00,0x00,0x00,0x9F,0xBB,0x93,0xAE,0xFE,0x78,0x00,0x00,0x00,0x00,0x00,
  0x00,0x00,0x00,0x00,0x00,0x00,0x00,0x05,0x00,0x00,0x08,0xEA,0xBA,0x00,0x00,0x00,0x00,0x00,0x00,0x00,
  0x00,0x00,0x00,0x00,0x00,0x00,0x00,0x13,0xC0,0xFE,0x5E,0x00,0x00,0x00,0x00,0x00,0x00,0x00,0x00,0x00,
  0x00,0x00,0x00,0x00,0x00,0xA7,0xFE,0x55,0x00,0x00,0x00,0x00,0x00,0x00,0x00,0x00,0x00,0x00,0x00,0x00,
  0x00,0x00,0x00,0x5B,0x69,0x00,0x00,0x00,0x00,0x00,0x00,0x00,0x00,0x00,0x00,0x00,0x00,0x00,0x00,0x00,
  0x00,0x00,0x00,0x00,0x00,0x00,0x00,0x00,0x00,0x00,0x00,0x09,0xDA,0xFF,0xFF,0xFF,0x9D,0x00,0x00,0x00,
  0x00,0x00,0x00,0xB6,0xFF,0xFF,0xFF,0xCB,0x03,0x00,0x3D,0xFE,0xFF,0xFF,0xFF,0x42,0x00,0x00,0x00,0x00,
  0x5B,0xFF,0xFF,0xFF,0xF9,0x2C,0x00,0x00,0x00,0x92,0xFF,0xFF,0xFF,0xDC,0x09,0x00,0x00,0x13,0xEA,0xFF,
  0xFF,0xFF,0x7D,0x00,0x00,0x00,0x00,0x0B,0xDE,0xFF,0xFF,0xFF,0x8A,0x00,0x00,0xA3,0xFF,0xFF,0xFF,0xD0,
  0x05,0x00,0x00,0x00,0x00,0x00,0x41,0xFE,0xFF,0xFF,0xFC,0x32,0x47,0xFF,0xFF,0xFF,0xFB,0x31,0x00,0x00,
  0x00,0x00,0x00,0x00,0x00,0x98,0xFF,0xFF,0xFF,0xCF,0xDF,0xFF,0xFF,0xFF,0x83,0x00,0x00,0x00,0x00,0x00,
  0x00,0x00,0x00,0x0D,0xE1,0xFF,0xFF,0xFF,0xFF,0xFF,0xFF,0xD4,0x06,0x00,0x00,0x00,0x00,0x00,0x00,0x00,
  0x00,0x00,0x47,0xFF,0xFF,0xFF,0xFF,0xFF,0xFC,0x35,0x00,0x00,0x00,0x00,0x00,0x00,0x00,0x00,0x00,0x00,
  0x00,0x9D,0xFF,0xFF,0xFF,0xFF,0x88,0x00,0x00,0x00,0x00,0x00,0x00,0x00,0x00,0x00,0x00,0x00,0x00,0x21,
  0xFF,0xFF,0xFF,0xFF,0x0D,0x00,0x00,0x00,0x00,0x00,0x00,0x00,0x00,0x00,0x00,0x00,0x00,0x1C,0xFF,0xFF,
  0xFF,0xFF,0x08,0x00,0x00,0x00,0x00,0x00,0x00,0x00,0x00,0x00,0x00,0x00,0x00,0x1C,0xFF,0xFF,0xFF,0xFF,
  0x08,0x00,0x00,0x00,0x00,0x00,0x00,0x00,0x00,0x00,0x00,0x00,0x00,0x1C,0xFF,0xFF,0xFF,0xFF,0x08,0x00,
  0x00,0x00,0x00,0x00,0x00,0x00,0x00,0x00,0x00,0x00,0x00,0x1C,0xFF,0xFF,0xFF,0xFF,0x08,0x00,0x00,0x00,
  0x00,0x00,0x00,0x00,0x00,0x00,0x00,0x00,0x00,0x1C,0xFF,0xFF,0xFF,0xFF,0x08,0x00,0x00,0x00,0x00,0x00,
  0x00,0x00,0x00,0x00,0x00,0x00,0x00,0x1C,0xFF,0xFF,0xFF,0xFF,0x08,0x00,0x00,0x00,0x00,0x00,0x00,0x00,
  0x00,0x00,0x00,0x18,0x5D,0x81,0x7E,0x4D,0x03,0x00,0x00,0x00,0x00,0x00,0x00,0x00,0x00,0x7E,0xC5,0x96,
  0xA4,0xF9,0x9C,0x00,0x00,0x00,0x00,0x00,0x00,0x00,0x00,0x05,0x00,0x00,0x01,0xCD,0xDE,0x00,0x00,0x00,
  0x00,0x00,0x00,0x00,0x00,0x00,0x00,0x08,0xA7,0xFF,0x80,0x00,0x00,0x00,0x00,0x00,0x00,0x00,0x00,0x00,
  0x00,0x83,0xFF,0x78,0x00,0x00,0x00,0x00,0x00,0x00,0x00,0x00,0x00,0x00,0x00,0x4B,0x70,0x08,0x00,0x00,
  0x00,0x00,0x00,0x00,0x00,0x00,0x00,0x00,0x00,0x00,0x00,0x00,0x00,0x00,0x00,0x00,0x00,0x87,0xFF,0xFF,
  0xFF,0x4E,0x00,0x00,0x00,0x00,0x16,0xFC,0xFF,0xFF,0xC0,0x1E,0xFC,0xFF,0xFF,0xB4,0x00,0x00,0x00,0x00,
  0x6A,0xFF,0xFF,0xFF,0x63,0x00,0xAF,0xFF,0xFF,0xFC,0x1D,0x00,0x00,0x00,0xC0,0xFF,0xFF,0xF7,0x0F,0x00,
  0x43,0xFF,0xFF,0xFF,0x7F,0x00,0x00,0x19,0xFD,0xFF,0xFF,0xA9,0x00,0x00,0x00,0xD6,0xFF,0xFF,0xE2,0x02,
  0x00,0x6D,0xFF,0xFF,0xFF,0x4C,0x00,0x00,0x00,0x6C,0xFF,0xFF,0xFF,0x4B,0x00,0xC4,0xFF,0xFF,0xEA,0x04,
  0x00,0x00,0x00,0x0D,0xF2,0xFF,0xFF,0xB0,0x1C,0xFE,0xFF,0xFF,0x91,0x00,0x00,0x00,0x00,0x00,0x94,0xFF,
  0xFF,0xFB,0x8B,0xFF,0xFF,0xFF,0x34,0x00,0x00,0x00,0x00,0x00,0x29,0xFF,0xFF,0xFF,0xFE,0xFF,0xFF,0xD7,
  0x00,0x00,0x00,0x00,0x00,0x00,0x00,0xBD,0xFF,0xFF,0xFF,0xFF,0xFF,0x7A,0x00,0x00,0x00,0x00,0x00,0x00,
  0x00,0x51,0xFF,0xFF,0xFF,0xFF,0xFE,0x1E,0x00,0x00,0x00,0x00,0x00,0x00,0x00,0x03,0xE2,0xFF,0xFF,0xFF,
  0xBF,0x00,0x00,0x00,0x00,0x00,0x00,0x00,0x00,0x00,0x80,0xFF,0xFF,0xFF,0x62,0x00,0x00,0x00,0x00,0x00,
  0x00,0x00,0x00,0x00,0x9F,0xFF,0xFF,0xF6,0x0E,0x00,0x00,0x00,0x00,0x00,0x00,0x00,0x05,0x46,0xF7,0xFF,
  0xFF,0x91,0x00,0x00,0x00,0x00,0x00,0x00,0x00,0xCC,0xFF,0xFF,0xFF,0xFF,0xDB,0x0F,0x00,0x00,0x00,0x00,
  0x00,0x00,0x00,0xCC,0xFF,0xFB,0xE0,0x95,0x18,0x00,0x00,0x00,0x00,0x00,0x00,0x00,0x00,0x00,0x00,0x00,
  0x15,0xBF,0xF4,0xBD,0x4A,0x17,0xEE,0xA4,0x00,0x00,0x00,0x00,0x00,0x00,0x00,0x00,0x00,0x00,0x8C,0xFF,
  0xFF,0xFF,0xFF,0xFF,0xFF,0x74,0x00,0x00,0x00,0x00,0x00,0x00,0x00,0x00,0x00,0x00,0xBD,0xDA,0x13,0x5A,
  0xC8,0xF6,0xB5,0x0C,0x00,0x00,0x00,0x00,0x00,0x00,0x00,0x00,0x00,0x00,0x00,0x00,0x00,0x00,0x00,0x00,
  0x00,0x00,0x00,0x00,0x00,0x00,0x00,0x00,0x00,0x00,0x00,0x00,0x00,0x00,0x00,0x00,0x00,0x00,0x00,0x00,
  0x00,0x00,0x00,0x00,0x00,0x09,0xDA,0xFF,0xFF,0xFF,0x9D,0x00,0x00,0x00,0x00,0x00,0x00,0xB6,0xFF,0xFF,
  0xFF,0xCB,0x03,0x00,0x3D,0xFE,0xFF,0xFF,0xFF,0x42,0x00,0x00,0x00,0x00,0x5B,0xFF,0xFF,0xFF,0xF9,0x2C,
  0x00,0x00,0x00,0x92,0xFF,0xFF,0xFF,0xDC,0x09,0x00,0x00,0x13,0xEA,0xFF,0xFF,0xFF,0x7D,0x00,0x00,0x00,
  0x00,0x0B,0xDE,0xFF,0xFF,0xFF,0x8A,0x00,0x00,0xA3,0xFF,0xFF,0xFF,0xD0,0x05,0x00,0x00,0x00,0x00,0x00,
  0x41,0xFE,0xFF,0xFF,0xFC,0x32,0x47,0xFF,0xFF,0xFF,0xFB,0x31,0x00,0x00,0x00,0x00,0x00,0x00,0x00,0x98,
  0xFF,0xFF,0xFF,0xCF,0xDF,0xFF,0xFF,0xFF,0x83,0x00,0x00,0x00,0x00,0x00,0x00,0x00,0x00,0x0D,0xE1,0xFF,
  0xFF,0xFF,0xFF,0xFF,0xFF,0xD4,0x06,0x00,0x00,0x00,0x00,0x00,0x00,0x00,0x00,0x00,0x47,0xFF,0xFF,0xFF,
  0xFF,0xFF,0xFC,0x35,0x00,0x00,0x00,0x00,0x00,0x00,0x00,0x00,0x00,0x00,0x00,0x9D,0xFF,0xFF,0xFF,0xFF,
  0x88,0x00,0x00,0x00,0x00,0x00,0x00,0x00,0x00,0x00,0x00,0x00,0x00,0x21,0xFF,0xFF,0xFF,0xFF,0x0D,0x00,
  0x00,0x00,0x00,0x00,0x00,0x00,0x00,0x00,0x00,0x00,0x00,0x1C,0xFF,0xFF,0xFF,0xFF,0x08,0x00,0x00,0x00,
  0x00,0x00,0x00,0x00,0x00,0x00,0x00,0x00,0x00,0x1C,0xFF,0xFF,0xFF,0xFF,0x08,0x00,0x00,0x00,0x00,0x00,
  0x00,0x00,0x00,0x00,0x00,0x00,0x00,0x1C,0xFF,0xFF,0xFF,0xFF,0x08,0x00,0x00,0x00,0x00,0x00,0x00,0x00,
  0x00,0x00,0x00,0x00,0x00,0x1C,0xFF,0xFF,0xFF,0xFF,0x08,0x00,0x00,0x00,0x00,0x00,0x00,0x00,0x00,0x00,
  0x00,0x00,0x00,0x1C,0xFF,0xFF,0xFF,0xFF,0x08,0x00,0x00,0x00,0x00,0x00,0x00,0x00,0x00,0x00,0x00,0x00,
  0x00,0x1C,0xFF,0xFF,0xFF,0xFF,0x08,0x00,0x00,0x00,0x00,0x00,0x00,0x00,0x00,0x00,0x00,0x71,0xF2,0xB0,
  0x12,0x00,0x76,0xF4,0x01,0x00,0x00,0x00,0x00,0x00,0x11,0xFA,0xFF,0xFF,0xD2,0x21,0xB7,0xE5,0x00,0x00,
  0x00,0x00,0x00,0x00,0x4F,0xFF,0x4F,0x62,0xFB,0xFF,0xFF,0xA0,0x00,0x00,0x00,0x00,0x00,0x00,0x62,0xF8,
  0x11,0x00,0x4D,0xE3,0xDA,0x24,0x00,0x00,0x00,0x00,0x00,0x00,0x00,0x00,0x00,0x00,0x00,0x00,0x00,0x00,
  0x00,0x00,0x00,0x00,0x00,0x00,0x00,0x00,0x00,0x00,0x00,0x00,0x00,0x00,0x00,0x00,0x00,0x87,0xFF,0xFF,
  0xFF,0x4E,0x00,0x00,0x00,0x00,0x16,0xFC,0xFF,0xFF,0xC0,0x1E,0xFC,0xFF,0xFF,0xB4,0x00,0x00,0x00,0x00,
  0x6A,0xFF,0xFF,0xFF,0x63,0x00,0xAF,0xFF,0xFF,0xFC,0x1D,0x00,0x00,0x00,0xC0,0xFF,0xFF,0xF7,0x0F,0x00,
  0x43,0xFF,0xFF,0xFF,0x7F,0x00,0x00,0x19,0xFD,0xFF,0xFF,0xA9,0x00,0x00,0x00,0xD6,0xFF,0xFF,0xE2,0x02,
  0x00,0x6D,0xFF,0xFF,0xFF,0x4C,0x00,0x00,0x00,0x6C,0xFF,0xFF,0xFF,0x4B,0x00,0xC4,0xFF,0xFF,0xEA,0x04,
  0x00,0x00,0x00,0x0D,0xF2,0xFF,0xFF,0xB0,0x1C,0xFE,0xFF,0xFF,0x91,0x00,0x00,0x00,0x00,0x00,0x94,0xFF,
  0xFF,0xFB,0x8B,0xFF,0xFF,0xFF,0x34,0x00,0x00,0x00,0x00,0x00,0x29,0xFF,0xFF,0xFF,0xFE,0xFF,0xFF,0xD7,
  0x00,0x00,0x00,0x00,0x00,0x00,0x00,0xBD,0xFF,0xFF,0xFF,0xFF,0xFF,0x7A,0x00,0x00,0x00,0x00,0x00,0x00,
  0x00,0x51,0xFF,0xFF,0xFF,0xFF,0xFE,0x1E,0x00,0x00,0x00,0x00,0x00,0x00,0x00,0x03,0xE2,0xFF,0xFF,0xFF,
  0xBF,0x00,0x00,0x00,0x00,0x00,0x00,0x00,0x00,0x00,0x80,0xFF,0xFF,0xFF,0x62,0x00,0x00,0x00,0x00,0x00,
  0x00,0x00,0x00,0x00,0x9F,0xFF,0xFF,0xF6,0x0E,0x00,0x00,0x00,0x00,0x00,0x00,0x00,0x05,0x46,0xF7,0xFF,
  0xFF,0x91,0x00,0x00,0x00,0x00,0x00,0x00,0x00,0xCC,0xFF,0xFF,0xFF,0xFF,0xDB,0x0F,0x00,0x00,0x00,0x00,
  0x00,0x00,0x00,0xCC,0xFF,0xFB,0xE0,0x95,0x18,0x00,0x00,0x00,0x00,0x00,0x00,
};
// Font VLW tieng Viet (auto-gen tu DejaVuSans.ttf @ 16px) - dung cho TFT_eSPI loadFont()
// 229 glyph, 33913 byte
const uint8_t vietVua[] PROGMEM = {
  0x00,0x00,0x00,0xE5,0x00,0x00,0x00,0x0B,0x00,0x00,0x00,0x10,0x00,0x00,0x00,0x00,0x00,0x00,0x00,0x11,
  0x00,0x00,0x00,0x04,0x00,0x00,0x00,0x20,0x00,0x00,0x00,0x00,0x00,0x00,0x00,0x00,0x00,0x00,0x00,0x05,
  0x00,0x00,0x00,0x00,0x00,0x00,0x00,0x00,0x00,0x00,0x00,0x00,0x00,0x00,0x00,0x21,0x00,0x00,0x00,0x0C,
  0x00,0x00,0x00,0x02,0x00,0x00,0x00,0x06,0x00,0x00,0x00,0x0C,0x00,0x00,0x00,0x02,0x00,0x00,0x00,0x00,
  0x00,0x00,0x00,0x22,0x00,0x00,0x00,0x04,0x00,0x00,0x00,0x05,0x00,0x00,0x00,0x07,0x00,0x00,0x00,0x0C,
  0x00,0x00,0x00,0x01,0x00,0x00,0x00,0x00,0x00,0x00,0x00,0x23,0x00,0x00,0x00,0x0B,0x00,0x00,0x00,0x0C,
  0x00,0x00,0x00,0x0D,0x00,0x00,0x00,0x0B,0x00,0x00,0x00,0x01,0x00,0x00,0x00,0x00,0x00,0x00,0x00,0x24,
  0x00,0x00,0x00,0x0E,0x00,0x00,0x00,0x08,0x00,0x00,0x00,0x0A,0x00,0x00,0x00,0x0C,0x00,0x00,0x00,0x01,
  0x00,0x00,0x00,0x00,0x00,0x00,0x00,0x25,0x00,0x00,0x00,0x0C,0x00,0x00,0x00,0x0F,0x00,0x00,0x00,0x0F,
  0x00,0x00,0x00,0x0C,0x00,0x00,0x00,0x00,0x00,0x00,0x00,0x00,0x00,0x00,0x00,0x26,0x00,0x00,0x00,0x0C,
  0x00,0x00,0x00,0x0B,0x00,0x00,0x00,0x0C,0x00,0x00,0x00,0x0C,0x00,0x00,0x00,0x01,0x00,0x00,0x00,0x00,
  0x00,0x00,0x00,0x27,0x00,0x00,0x00,0x04,0x00,0x00,0x00,0x02,0x00,0x00,0x00,0x04,0x00,0x00,0x00,0x0C,
  0x00,0x00,0x00,0x01,0x00,0x00,0x00,0x00,0x00,0x00,0x00,0x28,0x00,0x00,0x00,0x0E,0x00,0x00,0x00,0x04,
  0x00,0x00,0x00,0x06,0x00,0x00,0x00,0x0C,0x00,0x00,0x00,0x01,0x00,0x00,0x00,0x00,0x00,0x00,0x00,0x29,
  0x00,0x00,0x00,0x0E,0x00,0x00,0x00,0x04,0x00,0x00,0x00,0x06,0x00,0x00,0x00,0x0C,0x00,0x00,0x00,0x01,
  0x00,0x00,0x00,0x00,0x00,0x00,0x00,0x2A,0x00,0x00,0x00,0x08,0x00,0x00,0x00,0x08,0x00,0x00,0x00,0x08,
  0x00,0x00,0x00,0x0C,0x00,0x00,0x00,0x00,0x00,0x00,0x00,0x00,0x00,0x00,0x00,0x2B,0x00,0x00,0x00,0x09,
  0x00,0x00,0x00,0x0B,0x00,0x00,0x00,0x0D,0x00,0x00,0x00,0x09,0x00,0x00,0x00,0x01,0x00,0x00,0x00,0x00,
  0x00,0x00,0x00,0x2C,0x00,0x00,0x00,0x04,0x00,0x00,0x00,0x03,0x00,0x00,0x00,0x05,0x00,0x00,0x00,0x02,
  0x00,0x00,0x00,0x01,0x00,0x00,0x00,0x00,0x00,0x00,0x00,0x2D,0x00,0x00,0x00,0x01,0x00,0x00,0x00,0x05,
  0x00,0x00,0x00,0x06,0x00,0x00,0x00,0x05,0x00,0x00,0x00,0x00,0x00,0x00,0x00,0x00,0x00,0x00,0x00,0x2E,
  0x00,0x00,0x00,0x02,0x00,0x00,0x00,0x03,0x00,0x00,0x00,0x05,0x00,0x00,0x00,0x02,0x00,0x00,0x00,0x01,
  0x00,0x00,0x00,0x00,0x00,0x00,0x00,0x2F,0x00,0x00,0x00,0x0D,0x00,0x00,0x00,0x06,0x00,0x00,0x00,0x05,
  0x00,0x00,0x00,0x0C,0x00,0x00,0x00,0x00,0x00,0x00,0x00,0x00,0x00,0x00,0x00,0x30,0x00,0x00,0x00,0x0C,
  0x00,0x00,0x00,0x09,0x00,0x00,0x00,0x0A,0x00,0x00,0x00,0x0C,0x00,0x00,0x00,0x01,0x00,0x00,0x00,0x00,
  0x00,0x00,0x00,0x31,0x00,0x00,0x00,0x0C,0x00,0x00,0x00,0x08,0x00,0x00,0x00,0x0A,0x00,0x00,0x00,0x0C,
  0x00,0x00,0x00,0x01,0x00,0x00,0x00,0x00,0x00,0x00,0x00,0x32,0x00,0x00,0x00,0x0C,0x00,0x00,0x00,0x08,
  0x00,0x00,0x00,0x0A,0x00,0x00,0x00,0x0C,0x00,0x00,0x00,0x01,0x00,0x00,0x00,0x00,0x00,0x00,0x00,0x33,
  0x00,0x00,0x00,0x0C,0x00,0x00,0x00,0x08,0x00,0x00,0x00,0x0A,0x00,0x00,0x00,0x0C,0x00,0x00,0x00,0x01,
  0x00,0x00,0x00,0x00,0x00,0x00,0x00,0x34,0x00,0x00,0x00,0x0C,0x00,0x00,0x00,0x0A,0x00,0x00,0x00,0x0A,
  0x00,0x00,0x00,0x0C,0x00,0x00,0x00,0x00,0x00,0x00,0x00,0x00,0x00,0x00,0x00,0x35,0x00,0x00,0x00,0x0C,
  0x00,0x00,0x00,0x08,0x00,0x00,0x00,0x0A,0x00,0x00,0x00,0x0C,0x00,0x00,0x00,0x01,0x00,0x00,0x00,0x00,
  0x00,0x00,0x00,0x36,0x00,0x00,0x00,0x0C,0x00,0x00,0x00,0x09,0x00,0x00,0x00,0x0A,0x00,0x00,0x00,0x0C,
  0x00,0x00,0x00,0x01,0x00,0x00,0x00,0x00,0x00,0x00,0x00,0x37,0x00,0x00,0x00,0x0C,0x00,0x00,0x00,0x08,
  0x00,0x00,0x00,0x0A,0x00,0x00,0x00,0x0C,0x00,0x00,0x00,0x01,0x00,0x00,0x00,0x00,0x00,0x00,0x00,0x38,
  0x00,0x00,0x00,0x0C,0x00,0x00,0x00,0x09,0x00,0x00,0x00,0x0A,0x00,0x00,0x00,0x0C,0x00,0x00,0x00,0x01,
  0x00,0x00,0x00,0x00,0x00,0x00,0x00,0x39,0x00,0x00,0x00,0x0C,0x00,0x00,0x00,0x09,0x00,0x00,0x00,0x0A,
  0x00,0x00,0x00,0x0C,0x00,0x00,0x00,0x01,0x00,0x00,0x00,0x00,0x00,0x00,0x00,0x3A,0x00,0x00,0x00,0x08,
  0x00,0x00,0x00,0x03,0x00,0x00,0x00,0x05,0x00,0x00,0x00,0x08,0x00,0x00,0x00,0x01,0x00,0x00,0x00,0x00,
  0x00,0x00,0x00,0x3B,0x00,0x00,0x00,0x0A,0x00,0x00,0x00,0x03,0x00,0x00,0x00,0x05,0x00,0x00,0x00,0x08,
  0x00,0x00,0x00,0x01,0x00,0x00,0x00,0x00,0x00,0x00,0x00,0x3C,0x00,0x00,0x00,0x09,0x00,0x00,0x00,0x0B,
  0x00,0x00,0x00,0x0D,0x00,0x00,0x00,0x09,0x00,0x00,0x00,0x01,0x00,0x00,0x00,0x00,0x00,0x00,0x00,0x3D,
  0x00,0x00,0x00,0x04,0x00,0x00,0x00,0x0B,0x00,0x00,0x00,0x0D,0x00,0x00,0x00,0x07,0x00,0x00,0x00,0x01,
  0x00,0x00,0x00,0x00,0x00,0x00,0x00,0x3E,0x00,0x00,0x00,0x09,0x00,0x00,0x00,0x0B,0x00,0x00,0x00,0x0D,
  0x00,0x00,0x00,0x09,0x00,0x00,0x00,0x01,0x00,0x00,0x00,0x00,0x00,0x00,0x00,0x3F,0x00,0x00,0x00,0x0C,
  0x00,0x00,0x00,0x07,0x00,0x00,0x00,0x09,0x00,0x00,0x00,0x0C,0x00,0x00,0x00,0x01,0x00,0x00,0x00,0x00,
  0x00,0x00,0x00,0x40,0x00,0x00,0x00,0x0E,0x00,0x00,0x00,0x0E,0x00,0x00,0x00,0x10,0x00,0x00,0x00,0x0B,
  0x00,0x00,0x00,0x01,0x00,0x00,0x00,0x00,0x00,0x00,0x00,0x41,0x00,0x00,0x00,0x0C,0x00,0x00,0x00,0x0B,
  0x00,0x00,0x00,0x0B,0x00,0x00,0x00,0x0C,0x00,0x00,0x00,0x00,0x00,0x00,0x00,0x00,0x00,0x00,0x00,0x42,
  0x00,0x00,0x00,0x0C,0x00,0x00,0x00,0x09,0x00,0x00,0x00,0x0B,0x00,0x00,0x00,0x0C,0x00,0x00,0x00,0x01,
  0x00,0x00,0x00,0x00,0x00,0x00,0x00,0x43,0x00,0x00,0x00,0x0C,0x00,0x00,0x00,0x0B,0x00,0x00,0x00,0x0B,
  0x00,0x00,0x00,0x0C,0x00,0x00,0x00,0x00,0x00,0x00,0x00,0x00,0x00,0x00,0x00,0x44,0x00,0x00,0x00,0x0C,
  0x00,0x00,0x00,0x0B,0x00,0x00,0x00,0x0C,0x00,0x00,0x00,0x0C,0x00,0x00,0x00,0x01,0x00,0x00,0x00,0x00,
  0x00,0x00,0x00,0x45,0x00,0x00,0x00,0x0C,0x00,0x00,0x00,0x09,0x00,0x00,0x00,0x0A,0x00,0x00,0x00,0x0C,
  0x00,0x00,0x00,0x01,0x00,0x00,0x00,0x00,0x00,0x00,0x00,0x46,0x00,0x00,0x00,0x0C,0x00,0x00,0x00,0x08,
  0x00,0x00,0x00,0x09,0x00,0x00,0x00,0x0C,0x00,0x00,0x00,0x01,0x00,0x00,0x00,0x00,0x00,0x00,0x00,0x47,
  0x00,0x00,0x00,0x0C,0x00,0x00,0x00,0x0C,0x00,0x00,0x00,0x0C,0x00,0x00,0x00,0x0C,0x00,0x00,0x00,0x00,
  0x00,0x00,0x00,0x00,0x00,0x00,0x00,0x48,0x00,0x00,0x00,0x0C,0x00,0x00,0x00,0x0A,0x00,0x00,0x00,0x0C,
  0x00,0x00,0x00,0x0C,0x00,0x00,0x00,0x01,0x00,0x00,0x00,0x00,0x00,0x00,0x00,0x49,0x00,0x00,0x00,0x0C,
  0x00,0x00,0x00,0x03,0x00,0x00,0x00,0x05,0x00,0x00,0x00,0x0C,0x00,0x00,0x00,0x01,0x00,0x00,0x00,0x00,
  0x00,0x00,0x00,0x4A,0x00,0x00,0x00,0x0F,0x00,0x00,0x00,0x05,0x00,0x00,0x00,0x05,0x00,0x00,0x00,0x0C,
  0xFF,0xFF,0xFF,0xFF,0x00,0x00,0x00,0x00,0x00,0x00,0x00,0x4B,0x00,0x00,0x00,0x0C,0x00,0x00,0x00,0x0A,
  0x00,0x00,0x00,0x0B,0x00,0x00,0x00,0x0C,0x00,0x00,0x00,0x01,0x00,0x00,0x00,0x00,0x00,0x00,0x00,0x4C,
  0x00,0x00,0x00,0x0C,0x00,0x00,0x00,0x08,0x00,0x00,0x00,0x09,0x00,0x00,0x00,0x0C,0x00,0x00,0x00,0x01,
  0x00,0x00,0x00,0x00,0x00,0x00,0x00,0x4D,0x00,0x00,0x00,0x0C,0x00,0x00,0x00,0x0C,0x00,0x00,0x00,0x0E,
  0x00,0x00,0x00,0x0C,0x00,0x00,0x00,0x01,0x00,0x00,0x00,0x00,0x00,0x00,0x00,0x4E,0x00,0x00,0x00,0x0C,
  0x00,0x00,0x00,0x0A,0x00,0x00,0x00,0x0C,0x00,0x00,0x00,0x0C,0x00,0x00,0x00,0x01,0x00,0x00,0x00,0x00,
  0x00,0x00,0x00,0x4F,0x00,0x00,0x00,0x0C,0x00,0x00,0x00,0x0C,0x00,0x00,0x00,0x0D,0x00,0x00,0x00,0x0C,
  0x00,0x00,0x00,0x00,0x00,0x00,0x00,0x00,0x00,0x00,0x00,0x50,0x00,0x00,0x00,0x0C,0x00,0x00,0x00,0x09,
  0x00,0x00,0x00,0x0A,0x00,0x00,0x00,0x0C,0x00,0x00,0x00,0x01,0x00,0x00,0x00,0x00,0x00,0x00,0x00,0x51,
  0x00,0x00,0x00,0x0E,0x00,0x00,0x00,0x0C,0x00,0x00,0x00,0x0D,0x00,0x00,0x00,0x0C,0x00,0x00,0x00,0x00,
  0x00,0x00,0x00,0x00,0x00,0x00,0x00,0x52,0x00,0x00,0x00,0x0C,0x00,0x00,0x00,0x0A,0x00,0x00,0x00,0x0B,
  0x00,0x00,0x00,0x0C,0x00,0x00,0x00,0x01,0x00,0x00,0x00,0x00,0x00,0x00,0x00,0x53,0x00,0x00,0x00,0x0C,
  0x00,0x00,0x00,0x09,0x00,0x00,0x00,0x0A,0x00,0x00,0x00,0x0C,0x00,0x00,0x00,0x01,0x00,0x00,0x00,0x00,
  0x00,0x00,0x00,0x54,0x00,0x00,0x00,0x0C,0x00,0x00,0x00,0x0B,0x00,0x00,0x00,0x0A,0x00,0x00,0x00,0x0C,
  0xFF,0xFF,0xFF,0xFF,0x00,0x00,0x00,0x00,0x00,0x00,0x00,0x55,0x00,0x00,0x00,0x0C,0x00,0x00,0x00,0x0A,
  0x00,0x00,0x00,0x0C,0x00,0x00,0x00,0x0C,0x00,0x00,0x00,0x01,0x00,0x00,0x00,0x00,0x00,0x00,0x00,0x56,
  0x00,0x00,0x00,0x0C,0x00,0x00,0x00,0x0B,0x00,0x00,0x00,0x0B,0x00,0x00,0x00,0x0C,0x00,0x00,0x00,0x00,
  0x00,0x00,0x00,0x00,0x00,0x00,0x00,0x57,0x00,0x00,0x00,0x0C,0x00,0x00,0x00,0x10,0x00,0x00,0x00,0x10,
  0x00,0x00,0x00,0x0C,0x00,0x00,0x00,0x00,0x00,0x00,0x00,0x00,0x00,0x00,0x00,0x58,0x00,0x00,0x00,0x0C,
  0x00,0x00,0x00,0x0B,0x00,0x00,0x00,0x0B,0x00,0x00,0x00,0x0C,0x00,0x00,0x00,0x00,0x00,0x00,0x00,0x00,
  0x00,0x00,0x00,0x59,0x00,0x00,0x00,0x0C,0x00,0x00,0x00,0x0B,0x00,0x00,0x00,0x0A,0x00,0x00,0x00,0x0C,
  0xFF,0xFF,0xFF,0xFF,0x00,0x00,0x00,0x00,0x00,0x00,0x00,0x5A,0x00,0x00,0x00,0x0C,0x00,0x00,0x00,0x0B,
  0x00,0x00,0x00,0x0B,0x00,0x00,0x00,0x0C,0x00,0x00,0x00,0x00,0x00,0x00,0x00,0x00,0x00,0x00,0x00,0x5B,
  0x00,0x00,0x00,0x0E,0x00,0x00,0x00,0x04,0x00,0x00,0x00,0x06,0x00,0x00,0x00,0x0C,0x00,0x00,0x00,0x01,
  0x00,0x00,0x00,0x00,0x00,0x00,0x00,0x5C,0x00,0x00,0x00,0x0D,0x00,0x00,0x00,0x06,0x00,0x00,0x00,0x05,
  0x00,0x00,0x00,0x0C,0x00,0x00,0x00,0x00,0x00,0x00,0x00,0x00,0x00,0x00,0x00,0x5D,0x00,0x00,0x00,0x0E,
  0x00,0x00,0x00,0x04,0x00,0x00,0x00,0x06,0x00,0x00,0x00,0x0C,0x00,0x00,0x00,0x01,0x00,0x00,0x00,0x00,
  0x00,0x00,0x00,0x5E,0x00,0x00,0x00,0x04,0x00,0x00,0x00,0x0B,0x00,0x00,0x00,0x0D,0x00,0x00,0x00,0x0C,
  0x00,0x00,0x00,0x01,0x00,0x00,0x00,0x00,0x00,0x00,0x00,0x5F,0x00,0x00,0x00,0x01,0x00,0x00,0x00,0x0A,
  0x00,0x00,0x00,0x08,0xFF,0xFF,0xFF,0xFD,0xFF,0xFF,0xFF,0xFF,0x00,0x00,0x00,0x00,0x00,0x00,0x00,0x60,
  0x00,0x00,0x00,0x03,0x00,0x00,0x00,0x05,0x00,0x00,0x00,0x08,0x00,0x00,0x00,0x0D,0x00,0x00,0x00,0x01,
  0x00,0x00,0x00,0x00,0x00,0x00,0x00,0x61,0x00,0x00,0x00,0x09,0x00,0x00,0x00,0x09,0x00,0x00,0x00,0x0A,
  0x00,0x00,0x00,0x09,0x00,0x00,0x00,0x00,0x00,0x00,0x00,0x00,0x00,0x00,0x00,0x62,0x00,0x00,0x00,0x0C,
  0x00,0x00,0x00,0x09,0x00,0x00,0x00,0x0A,0x00,0x00,0x00,0x0C,0x00,0x00,0x00,0x01,0x00,0x00,0x00,0x00,
  0x00,0x00,0x00,0x63,0x00,0x00,0x00,0x09,0x00,0x00,0x00,0x08,0x00,0x00,0x00,0x09,0x00,0x00,0x00,0x09,
  0x00,0x00,0x00,0x00,0x00,0x00,0x00,0x00,0x00,0x00,0x00,0x64,0x00,0x00,0x00,0x0C,0x00,0x00,0x00,0x09,
  0x00,0x00,0x00,0x0A,0x00,0x00,0x00,0x0C,0x00,0x00,0x00,0x00,0x00,0x00,0x00,0x00,0x00,0x00,0x00,0x65,
  0x00,0x00,0x00,0x09,0x00,0x00,0x00,0x09,0x00,0x00,0x00,0x0A,0x00,0x00,0x00,0x09,0x00,0x00,0x00,0x00,
  0x00,0x00,0x00,0x00,0x00,0x00,0x00,0x66,0x00,0x00,0x00,0x0C,0x00,0x00,0x00,0x06,0x00,0x00,0x00,0x06,
  0x00,0x00,0x00,0x0C,0x00,0x00,0x00,0x00,0x00,0x00,0x00,0x00,0x00,0x00,0x00,0x67,0x00,0x00,0x00,0x0C,
  0x00,0x00,0x00,0x09,0x00,0x00,0x00,0x0A,0x00,0x00,0x00,0x09,0x00,0x00,0x00,0x00,0x00,0x00,0x00,0x00,
  0x00,0x00,0x00,0x68,0x00,0x00,0x00,0x0C,0x00,0x00,0x00,0x08,0x00,0x00,0x00,0x0A,0x00,0x00,0x00,0x0C,
  0x00,0x00,0x00,0x01,0x00,0x00,0x00,0x00,0x00,0x00,0x00,0x69,0x00,0x00,0x00,0x0C,0x00,0x00,0x00,0x02,
  0x00,0x00,0x00,0x04,0x00,0x00,0x00,0x0C,0x00,0x00,0x00,0x01,0x00,0x00,0x00,0x00,0x00,0x00,0x00,0x6A,
  0x00,0x00,0x00,0x0F,0x00,0x00,0x00,0x04,0x00,0x00,0x00,0x04,0x00,0x00,0x00,0x0C,0xFF,0xFF,0xFF,0xFF,
  0x00,0x00,0x00,0x00,0x00,0x00,0x00,0x6B,0x00,0x00,0x00,0x0C,0x00,0x00,0x00,0x09,0x00,0x00,0x00,0x09,
  0x00,0x00,0x00,0x0C,0x00,0x00,0x00,0x01,0x00,0x00,0x00,0x00,0x00,0x00,0x00,0x6C,0x00,0x00,0x00,0x0C,
  0x00,0x00,0x00,0x02,0x00,0x00,0x00,0x04,0x00,0x00,0x00,0x0C,0x00,0x00,0x00,0x01,0x00,0x00,0x00,0x00,
  0x00,0x00,0x00,0x6D,0x00,0x00,0x00,0x09,0x00,0x00,0x00,0x0E,0x00,0x00,0x00,0x10,0x00,0x00,0x00,0x09,
  0x00,0x00,0x00,0x01,0x00,0x00,0x00,0x00,0x00,0x00,0x00,0x6E,0x00,0x00,0x00,0x09,0x00,0x00,0x00,0x08,
  0x00,0x00,0x00,0x0A,0x00,0x00,0x00,0x09,0x00,0x00,0x00,0x01,0x00,0x00,0x00,0x00,0x00,0x00,0x00,0x6F,
  0x00,0x00,0x00,0x09,0x00,0x00,0x00,0x09,0x00,0x00,0x00,0x0A,0x00,0x00,0x00,0x09,0x00,0x00,0x00,0x00,
  0x00,0x00,0x00,0x00,0x00,0x00,0x00,0x70,0x00,0x00,0x00,0x0C,0x00,0x00,0x00,0x09,0x00,0x00,0x00,0x0A,
  0x00,0x00,0x00,0x09,0x00,0x00,0x00,0x01,0x00,0x00,0x00,0x00,0x00,0x00,0x00,0x71,0x00,0x00,0x00,0x0C,
  0x00,0x00,0x00,0x09,0x00,0x00,0x00,0x0A,0x00,0x00,0x00,0x09,0x00,0x00,0x00,0x00,0x00,0x00,0x00,0x00,
  0x00,0x00,0x00,0x72,0x00,0x00,0x00,0x09,0x00,0x00,0x00,0x06,0x00,0x00,0x00,0x07,0x00,0x00,0x00,0x09,
  0x00,0x00,0x00,0x01,0x00,0x00,0x00,0x00,0x00,0x00,0x00,0x73,0x00,0x00,0x00,0x09,0x00,0x00,0x00,0x08,
  0x00,0x00,0x00,0x08,0x00,0x00,0x00,0x09,0x00,0x00,0x00,0x00,0x00,0x00,0x00,0x00,0x00,0x00,0x00,0x74,
  0x00,0x00,0x00,0x0B,0x00,0x00,0x00,0x06,0x00,0x00,0x00,0x06,0x00,0x00,0x00,0x0B,0x00,0x00,0x00,0x00,
  0x00,0x00,0x00,0x00,0x00,0x00,0x00,0x75,0x00,0x00,0x00,0x09,0x00,0x00,0x00,0x08,0x00,0x00,0x00,0x0A,
  0x00,0x00,0x00,0x09,0x00,0x00,0x00,0x01,0x00,0x00,0x00,0x00,0x00,0x00,0x00,0x76,0x00,0x00,0x00,0x09,
  0x00,0x00,0x00,0x09,0x00,0x00,0x00,0x09,0x00,0x00,0x00,0x09,0x00,0x00,0x00,0x00,0x00,0x00,0x00,0x00,
  0x00,0x00,0x00,0x77,0x00,0x00,0x00,0x09,0x00,0x00,0x00,0x0D,0x00,0x00,0x00,0x0D,0x00,0x00,0x00,0x09,
  0x00,0x00,0x00,0x00,0x00,0x00,0x00,0x00,0x00,0x00,0x00,0x78,0x00,0x00,0x00,0x09,0x00,0x00,0x00,0x09,
  0x00,0x00,0x00,0x09,0x00,0x00,0x00,0x09,0x00,0x00,0x00,0x00,0x00,0x00,0x00,0x00,0x00,0x00,0x00,0x79,
  0x00,0x00,0x00,0x0C,0x00,0x00,0x00,0x09,0x00,0x00,0x00,0x09,0x00,0x00,0x00,0x09,0x00,0x00,0x00,0x00,
  0x00,0x00,0x00,0x00,0x00,0x00,0x00,0x7A,0x00,0x00,0x00,0x09,0x00,0x00,0x00,0x08,0x00,0x00,0x00,0x08,
  0x00,0x00,0x00,0x09,0x00,0x00,0x00,0x00,0x00,0x00,0x00,0x00,0x00,0x00,0x00,0x7B,0x00,0x00,0x00,0x0F,
  0x00,0x00,0x00,0x07,0x00,0x00,0x00,0x0A,0x00,0x00,0x00,0x0C,0x00,0x00,0x00,0x02,0x00,0x00,0x00,0x00,
  0x00,0x00,0x00,0x7C,0x00,0x00,0x00,0x10,0x00,0x00,0x00,0x02,0x00,0x00,0x00,0x05,0x00,0x00,0x00,0x0C,
  0x00,0x00,0x00,0x02,0x00,0x00,0x00,0x00,0x00,0x00,0x00,0x7D,0x00,0x00,0x00,0x0F,0x00,0x00,0x00,0x07,
  0x00,0x00,0x00,0x0A,0x00,0x00,0x00,0x0C,0x00,0x00,0x00,0x02,0x00,0x00,0x00,0x00,0x00,0x00,0x00,0x7E,
  0x00,0x00,0x00,0x04,0x00,0x00,0x00,0x0B,0x00,0x00,0x00,0x0D,0x00,0x00,0x00,0x07,0x00,0x00,0x00,0x01,
  0x00,0x00,0x00,0x00,0x00,0x00,0x00,0xC0,0x00,0x00,0x00,0x0F,0x00,0x00,0x00,0x0B,0x00,0x00,0x00,0x0B,
  0x00,0x00,0x00,0x0F,0x00,0x00,0x00,0x00,0x00,0x00,0x00,0x00,0x00,0x00,0x00,0xC1,0x00,0x00,0x00,0x0F,
  0x00,0x00,0x00,0x0B,0x00,0x00,0x00,0x0B,0x00,0x00,0x00,0x0F,0x00,0x00,0x00,0x00,0x00,0x00,0x00,0x00,
  0x00,0x00,0x00,0xC2,0x00,0x00,0x00,0x0F,0x00,0x00,0x00,0x0B,0x00,0x00,0x00,0x0B,0x00,0x00,0x00,0x0F,
  0x00,0x00,0x00,0x00,0x00,0x00,0x00,0x00,0x00,0x00,0x00,0xC3,0x00,0x00,0x00,0x0F,0x00,0x00,0x00,0x0B,
  0x00,0x00,0x00,0x0B,0x00,0x00,0x00,0x0F,0x00,0x00,0x00,0x00,0x00,0x00,0x00,0x00,0x00,0x00,0x00,0xC8,
  0x00,0x00,0x00,0x0F,0x00,0x00,0x00,0x09,0x00,0x00,0x00,0x0A,0x00,0x00,0x00,0x0F,0x00,0x00,0x00,0x01,
  0x00,0x00,0x00,0x00,0x00,0x00,0x00,0xC9,0x00,0x00,0x00,0x0F,0x00,0x00,0x00,0x09,0x00,0x00,0x00,0x0A,
  0x00,0x00,0x00,0x0F,0x00,0x00,0x00,0x01,0x00,0x00,0x00,0x00,0x00,0x00,0x00,0xCA,0x00,0x00,0x00,0x0F,
  0x00,0x00,0x00,0x09,0x00,0x00,0x00,0x0A,0x00,0x00,0x00,0x0F,0x00,0x00,0x00,0x01,0x00,0x00,0x00,0x00,
  0x00,0x00,0x00,0xCC,0x00,0x00,0x00,0x0F,0x00,0x00,0x00,0x04,0x00,0x00,0x00,0x05,0x00,0x00,0x00,0x0F,
  0x00,0x00,0x00,0x00,0x00,0x00,0x00,0x00,0x00,0x00,0x00,0xCD,0x00,0x00,0x00,0x0F,0x00,0x00,0x00,0x04,
  0x00,0x00,0x00,0x05,0x00,0x00,0x00,0x0F,0x00,0x00,0x00,0x01,0x00,0x00,0x00,0x00,0x00,0x00,0x00,0xD2,
  0x00,0x00,0x00,0x0F,0x00,0x00,0x00,0x0C,0x00,0x00,0x00,0x0D,0x00,0x00,0x00,0x0F,0x00,0x00,0x00,0x00,
  0x00,0x00,0x00,0x00,0x00,0x00,0x00,0xD3,0x00,0x00,0x00,0x0F,0x00,0x00,0x00,0x0C,0x00,0x00,0x00,0x0D,
  0x00,0x00,0x00,0x0F,0x00,0x00,0x00,0x00,0x00,0x00,0x00,0x00,0x00,0x00,0x00,0xD4,0x00,0x00,0x00,0x0F,
  0x00,0x00,0x00,0x0C,0x00,0x00,0x00,0x0D,0x00,0x00,0x00,0x0F,0x00,0x00,0x00,0x00,0x00,0x00,0x00,0x00,
  0x00,0x00,0x00,0xD5,0x00,0x00,0x00,0x0F,0x00,0x00,0x00,0x0C,0x00,0x00,0x00,0x0D,0x00,0x00,0x00,0x0F,
  0x00,0x00,0x00,0x00,0x00,0x00,0x00,0x00,0x00,0x00,0x00,0xD9,0x00,0x00,0x00,0x0F,0x00,0x00,0x00,0x0A,
  0x00,0x00,0x00,0x0C,0x00,0x00,0x00,0x0F,0x00,0x00,0x00,0x01,0x00,0x00,0x00,0x00,0x00,0x00,0x00,0xDA,
  0x00,0x00,0x00,0x0F,0x00,0x00,0x00,0x0A,0x00,0x00,0x00,0x0C,0x00,0x00,0x00,0x0F,0x00,0x00,0x00,0x01,
  0x00,0x00,0x00,0x00,0x00,0x00,0x00,0xDD,0x00,0x00,0x00,0x0F,0x00,0x00,0x00,0x0B,0x00,0x00,0x00,0x0A,
  0x00,0x00,0x00,0x0F,0xFF,0xFF,0xFF,0xFF,0x00,0x00,0x00,0x00,0x00,0x00,0x00,0xE0,0x00,0x00,0x00,0x0D,
  0x00,0x00,0x00,0x09,0x00,0x00,0x00,0x0A,0x00,0x00,0x00,0x0D,0x00,0x00,0x00,0x00,0x00,0x00,0x00,0x00,
  0x00,0x00,0x00,0xE1,0x00,0x00,0x00,0x0D,0x00,0x00,0x00,0x09,0x00,0x00,0x00,0x0A,0x00,0x00,0x00,0x0D,
  0x00,0x00,0x00,0x00,0x00,0x00,0x00,0x00,0x00,0x00,0x00,0xE2,0x00,0x00,0x00,0x0D,0x00,0x00,0x00,0x09,
  0x00,0x00,0x00,0x0A,0x00,0x00,0x00,0x0D,0x00,0x00,0x00,0x00,0x00,0x00,0x00,0x00,0x00,0x00,0x00,0xE3,
  0x00,0x00,0x00,0x0C,0x00,0x00,0x00,0x09,0x00,0x00,0x00,0x0A,0x00,0x00,0x00,0x0C,0x00,0x00,0x00,0x00,
  0x00,0x00,0x00,0x00,0x00,0x00,0x00,0xE8,0x00,0x00,0x00,0x0D,0x00,0x00,0x00,0x09,0x00,0x00,0x00,0x0A,
  0x00,0x00,0x00,0x0D,0x00,0x00,0x00,0x00,0x00,0x00,0x00,0x00,0x00,0x00,0x00,0xE9,0x00,0x00,0x00,0x0D,
  0x00,0x00,0x00,0x09,0x00,0x00,0x00,0x0A,0x00,0x00,0x00,0x0D,0x00,0x00,0x00,0x00,0x00,0x00,0x00,0x00,
  0x00,0x00,0x00,0xEA,0x00,0x00,0x00,0x0D,0x00,0x00,0x00,0x09,0x00,0x00,0x00,0x0A,0x00,0x00,0x00,0x0D,
  0x00,0x00,0x00,0x00,0x00,0x00,0x00,0x00,0x00,0x00,0x00,0xEC,0x00,0x00,0x00,0x0D,0x00,0x00,0x00,0x05,
  0x00,0x00,0x00,0x04,0x00,0x00,0x00,0x0D,0xFF,0xFF,0xFF,0xFF,0x00,0x00,0x00,0x00,0x00,0x00,0x00,0xED,
  0x00,0x00,0x00,0x0D,0x00,0x00,0x00,0x04,0x00,0x00,0x00,0x04,0x00,0x00,0x00,0x0D,0x00,0x00,0x00,0x01,
  0x00,0x00,0x00,0x00,0x00,0x00,0x00,0xF2,0x00,0x00,0x00,0x0D,0x00,0x00,0x00,0x09,0x00,0x00,0x00,0x0A,
  0x00,0x00,0x00,0x0D,0x00,0x00,0x00,0x00,0x00,0x00,0x00,0x00,0x00,0x00,0x00,0xF3,0x00,0x00,0x00,0x0D,
  0x00,0x00,0x00,0x09,0x00,0x00,0x00,0x0A,0x00,0x00,0x00,0x0D,0x00,0x00,0x00,0x00,0x00,0x00,0x00,0x00,
  0x00,0x00,0x00,0xF4,0x00,0x00,0x00,0x0D,0x00,0x00,0x00,0x09,0x00,0x00,0x00,0x0A,0x00,0x00,0x00,0x0D,
  0x00,0x00,0x00,0x00,0x00,0x00,0x00,0x00,0x00,0x00,0x00,0xF5,0x00,0x00,0x00,0x0C,0x00,0x00,0x00,0x09,
  0x00,0x00,0x00,0x0A,0x00,0x00,0x00,0x0C,0x00,0x00,0x00,0x00,0x00,0x00,0x00,0x00,0x00,0x00,0x00,0xF9,
  0x00,0x00,0x00,0x0D,0x00,0x00,0x00,0x08,0x00,0x00,0x00,0x0A,0x00,0x00,0x00,0x0D,0x00,0x00,0x00,0x01,
  0x00,0x00,0x00,0x00,0x00,0x00,0x00,0xFA,0x00,0x00,0x00,0x0D,0x00,0x00,0x00,0x08,0x00,0x00,0x00,0x0A,
  0x00,0x00,0x00,0x0D,0x00,0x00,0x00,0x01,0x00,0x00,0x00,0x00,0x00,0x00,0x00,0xFD,0x00,0x00,0x00,0x10,
  0x00,0x00,0x00,0x09,0x00,0x00,0x00,0x09,0x00,0x00,0x00,0x0D,0x00,0x00,0x00,0x00,0x00,0x00,0x00,0x00,
  0x00,0x00,0x01,0x02,0x00,0x00,0x00,0x10,0x00,0x00,0x00,0x0B,0x00,0x00,0x00,0x0B,0x00,0x00,0x00,0x10,
  0x00,0x00,0x00,0x00,0x00,0x00,0x00,0x00,0x00,0x00,0x01,0x03,0x00,0x00,0x00,0x0D,0x00,0x00,0x00,0x09,
  0x00,0x00,0x00,0x0A,0x00,0x00,0x00,0x0D,0x00,0x00,0x00,0x00,0x00,0x00,0x00,0x00,0x00,0x00,0x01,0x10,
  0x00,0x00,0x00,0x0C,0x00,0x00,0x00,0x0C,0x00,0x00,0x00,0x0C,0x00,0x00,0x00,0x0C,0x00,0x00,0x00,0x00,
  0x00,0x00,0x00,0x00,0x00,0x00,0x01,0x11,0x00,0x00,0x00,0x0C,0x00,0x00,0x00,0x0A,0x00,0x00,0x00,0x0A,
  0x00,0x00,0x00,0x0C,0x00,0x00,0x00,0x00,0x00,0x00,0x00,0x00,0x00,0x00,0x01,0x28,0x00,0x00,0x00,0x0F,
  0x00,0x00,0x00,0x06,0x00,0x00,0x00,0x05,0x00,0x00,0x00,0x0F,0xFF,0xFF,0xFF,0xFF,0x00,0x00,0x00,0x00,
  0x00,0x00,0x01,0x29,0x00,0x00,0x00,0x0C,0x00,0x00,0x00,0x06,0x00,0x00,0x00,0x04,0x00,0x00,0x00,0x0C,
  0xFF,0xFF,0xFF,0xFF,0x00,0x00,0x00,0x00,0x00,0x00,0x01,0x68,0x00,0x00,0x00,0x0F,0x00,0x00,0x00,0x0A,
  0x00,0x00,0x00,0x0C,0x00,0x00,0x00,0x0F,0x00,0x00,0x00,0x01,0x00,0x00,0x00,0x00,0x00,0x00,0x01,0x69,
  0x00,0x00,0x00,0x0C,0x00,0x00,0x00,0x08,0x00,0x00,0x00,0x0A,0x00,0x00,0x00,0x0C,0x00,0x00,0x00,0x01,
  0x00,0x00,0x00,0x00,0x00,0x00,0x01,0xA0,0x00,0x00,0x00,0x0C,0x00,0x00,0x00,0x0D,0x00,0x00,0x00,0x0F,
  0x00,0x00,0x00,0x0C,0x00,0x00,0x00,0x00,0x00,0x00,0x00,0x00,0x00,0x00,0x01,0xA1,0x00,0x00,0x00,0x0A,
  0x00,0x00,0x00,0x0A,0x00,0x00,0x00,0x0A,0x00,0x00,0x00,0x0A,0x00,0x00,0x00,0x00,0x00,0x00,0x00,0x00,
  0x00,0x00,0x01,0xAF,0x00,0x00,0x00,0x0C,0x00,0x00,0x00,0x0C,0x00,0x00,0x00,0x0E,0x00,0x00,0x00,0x0C,
  0x00,0x00,0x00,0x01,0x00,0x00,0x00,0x00,0x00,0x00,0x01,0xB0,0x00,0x00,0x00,0x0A,0x00,0x00,0x00,0x0A,
  0x00,0x00,0x00,0x0A,0x00,0x00,0x00,0x0A,0x00,0x00,0x00,0x01,0x00,0x00,0x00,0x00,0x00,0x00,0x1E,0xA0,
  0x00,0x00,0x00,0x0F,0x00,0x00,0x00,0x0B,0x00,0x00,0x00,0x0B,0x00,0x00,0x00,0x0C,0x00,0x00,0x00,0x00,
  0x00,0x00,0x00,0x00,0x00,0x00,0x1E,0xA1,0x00,0x00,0x00,0x0C,0x00,0x00,0x00,0x09,0x00,0x00,0x00,0x0A,
  0x00,0x00,0x00,0x09,0x00,0x00,0x00,0x00,0x00,0x00,0x00,0x00,0x00,0x00,0x1E,0xA2,0x00,0x00,0x00,0x10,
  0x00,0x00,0x00,0x0B,0x00,0x00,0x00,0x0B,0x00,0x00,0x00,0x10,0x00,0x00,0x00,0x00,0x00,0x00,0x00,0x00,
  0x00,0x00,0x1E,0xA3,0x00,0x00,0x00,0x0D,0x00,0x00,0x00,0x09,0x00,0x00,0x00,0x0A,0x00,0x00,0x00,0x0D,
  0x00,0x00,0x00,0x00,0x00,0x00,0x00,0x00,0x00,0x00,0x1E,0xA4,0x00,0x00,0x00,0x11,0x00,0x00,0x00,0x0B,
  0x00,0x00,0x00,0x0B,0x00,0x00,0x00,0x11,0x00,0x00,0x00,0x00,0x00,0x00,0x00,0x00,0x00,0x00,0x1E,0xA5,
  0x00,0x00,0x00,0x0E,0x00,0x00,0x00,0x0A,0x00,0x00,0x00,0x0A,0x00,0x00,0x00,0x0E,0x00,0x00,0x00,0x00,
  0x00,0x00,0x00,0x00,0x00,0x00,0x1E,0xA6,0x00,0x00,0x00,0x11,0x00,0x00,0x00,0x0B,0x00,0x00,0x00,0x0B,
  0x00,0x00,0x00,0x11,0x00,0x00,0x00,0x00,0x00,0x00,0x00,0x00,0x00,0x00,0x1E,0xA7,0x00,0x00,0x00,0x0E,
  0x00,0x00,0x00,0x09,0x00,0x00,0x00,0x0A,0x00,0x00,0x00,0x0E,0x00,0x00,0x00,0x00,0x00,0x00,0x00,0x00,
  0x00,0x00,0x1E,0xA8,0x00,0x00,0x00,0x11,0x00,0x00,0x00,0x0B,0x00,0x00,0x00,0x0B,0x00,0x00,0x00,0x11,
  0x00,0x00,0x00,0x00,0x00,0x00,0x00,0x00,0x00,0x00,0x1E,0xA9,0x00,0x00,0x00,0x0E,0x00,0x00,0x00,0x0A,
  0x00,0x00,0x00,0x0A,0x00,0x00,0x00,0x0E,0x00,0x00,0x00,0x00,0x00,0x00,0x00,0x00,0x00,0x00,0x1E,0xAA,
  0x00,0x00,0x00,0x11,0x00,0x00,0x00,0x0B,0x00,0x00,0x00,0x0B,0x00,0x00,0x00,0x11,0x00,0x00,0x00,0x00,
  0x00,0x00,0x00,0x00,0x00,0x00,0x1E,0xAB,0x00,0x00,0x00,0x0E,0x00,0x00,0x00,0x09,0x00,0x00,0x00,0x0A,
  0x00,0x00,0x00,0x0E,0x00,0x00,0x00,0x00,0x00,0x00,0x00,0x00,0x00,0x00,0x1E,0xAC,0x00,0x00,0x00,0x12,
  0x00,0x00,0x00,0x0B,0x00,0x00,0x00,0x0B,0x00,0x00,0x00,0x0F,0x00,0x00,0x00,0x00,0x00,0x00,0x00,0x00,
  0x00,0x00,0x1E,0xAD,0x00,0x00,0x00,0x10,0x00,0x00,0x00,0x09,0x00,0x00,0x00,0x0A,0x00,0x00,0x00,0x0D,
  0x00,0x00,0x00,0x00,0x00,0x00,0x00,0x00,0x00,0x00,0x1E,0xAE,0x00,0x00,0x00,0x11,0x00,0x00,0x00,0x0B,
  0x00,0x00,0x00,0x0B,0x00,0x00,0x00,0x11,0x00,0x00,0x00,0x00,0x00,0x00,0x00,0x00,0x00,0x00,0x1E,0xAF,
  0x00,0x00,0x00,0x0E,0x00,0x00,0x00,0x09,0x00,0x00,0x00,0x0A,0x00,0x00,0x00,0x0E,0x00,0x00,0x00,0x00,
  0x00,0x00,0x00,0x00,0x00,0x00,0x1E,0xB0,0x00,0x00,0x00,0x11,0x00,0x00,0x00,0x0B,0x00,0x00,0x00,0x0B,
  0x00,0x00,0x00,0x11,0x00,0x00,0x00,0x00,0x00,0x00,0x00,0x00,0x00,0x00,0x1E,0xB1,0x00,0x00,0x00,0x0E,
  0x00,0x00,0x00,0x09,0x00,0x00,0x00,0x0A,0x00,0x00,0x00,0x0E,0x00,0x00,0x00,0x00,0x00,0x00,0x00,0x00,
  0x00,0x00,0x1E,0xB2,0x00,0x00,0x00,0x11,0x00,0x00,0x00,0x0B,0x00,0x00,0x00,0x0B,0x00,0x00,0x00,0x11,
  0x00,0x00,0x00,0x00,0x00,0x00,0x00,0x00,0x00,0x00,0x1E,0xB3,0x00,0x00,0x00,0x0E,0x00,0x00,0x00,0x09,
  0x00,0x00,0x00,0x0A,0x00,0x00,0x00,0x0E,0x00,0x00,0x00,0x00,0x00,0x00,0x00,0x00,0x00,0x00,0x1E,0xB4,
  0x00,0x00,0x00,0x11,0x00,0x00,0x00,0x0B,0x00,0x00,0x00,0x0B,0x00,0x00,0x00,0x11,0x00,0x00,0x00,0x00,
  0x00,0x00,0x00,0x00,0x00,0x00,0x1E,0xB5,0x00,0x00,0x00,0x0E,0x00,0x00,0x00,0x09,0x00,0x00,0x00,0x0A,
  0x00,0x00,0x00,0x0E,0x00,0x00,0x00,0x00,0x00,0x00,0x00,0x00,0x00,0x00,0x1E,0xB6,0x00,0x00,0x00,0x13,
  0x00,0x00,0x00,0x0B,0x00,0x00,0x00,0x0B,0x00,0x00,0x00,0x10,0x00,0x00,0x00,0x00,0x00,0x00,0x00,0x00,
  0x00,0x00,0x1E,0xB7,0x00,0x00,0x00,0x10,0x00,0x00,0x00,0x09,0x00,0x00,0x00,0x0A,0x00,0x00,0x00,0x0D,
  0x00,0x00,0x00,0x00,0x00,0x00,0x00,0x00,0x00,0x00,0x1E,0xB8,0x00,0x00,0x00,0x0F,0x00,0x00,0x00,0x09,
  0x00,0x00,0x00,0x0A,0x00,0x00,0x00,0x0C,0x00,0x00,0x00,0x01,0x00,0x00,0x00,0x00,0x00,0x00,0x1E,0xB9,
  0x00,0x00,0x00,0x0C,0x00,0x00,0x00,0x09,0x00,0x00,0x00,0x0A,0x00,0x00,0x00,0x09,0x00,0x00,0x00,0x00,
  0x00,0x00,0x00,0x00,0x00,0x00,0x1E,0xBA,0x00,0x00,0x00,0x10,0x00,0x00,0x00,0x09,0x00,0x00,0x00,0x0A,
  0x00,0x00,0x00,0x10,0x00,0x00,0x00,0x01,0x00,0x00,0x00,0x00,0x00,0x00,0x1E,0xBB,0x00,0x00,0x00,0x0D,
  0x00,0x00,0x00,0x09,0x00,0x00,0x00,0x0A,0x00,0x00,0x00,0x0D,0x00,0x00,0x00,0x00,0x00,0x00,0x00,0x00,
  0x00,0x00,0x1E,0xBC,0x00,0x00,0x00,0x0F,0x00,0x00,0x00,0x09,0x00,0x00,0x00,0x0A,0x00,0x00,0x00,0x0F,
  0x00,0x00,0x00,0x01,0x00,0x00,0x00,0x00,0x00,0x00,0x1E,0xBD,0x00,0x00,0x00,0x0C,0x00,0x00,0x00,0x09,
  0x00,0x00,0x00,0x0A,0x00,0x00,0x00,0x0C,0x00,0x00,0x00,0x00,0x00,0x00,0x00,0x00,0x00,0x00,0x1E,0xBE,
  0x00,0x00,0x00,0x11,0x00,0x00,0x00,0x0A,0x00,0x00,0x00,0x0A,0x00,0x00,0x00,0x11,0x00,0x00,0x00,0x01,
  0x00,0x00,0x00,0x00,0x00,0x00,0x1E,0xBF,0x00,0x00,0x00,0x0E,0x00,0x00,0x00,0x0A,0x00,0x00,0x00,0x0A,
  0x00,0x00,0x00,0x0E,0x00,0x00,0x00,0x00,0x00,0x00,0x00,0x00,0x00,0x00,0x1E,0xC0,0x00,0x00,0x00,0x11,
  0x00,0x00,0x00,0x09,0x00,0x00,0x00,0x0A,0x00,0x00,0x00,0x11,0x00,0x00,0x00,0x01,0x00,0x00,0x00,0x00,
  0x00,0x00,0x1E,0xC1,0x00,0x00,0x00,0x0E,0x00,0x00,0x00,0x09,0x00,0x00,0x00,0x0A,0x00,0x00,0x00,0x0E,
  0x00,0x00,0x00,0x00,0x00,0x00,0x00,0x00,0x00,0x00,0x1E,0xC2,0x00,0x00,0x00,0x11,0x00,0x00,0x00,0x09,
  0x00,0x00,0x00,0x0A,0x00,0x00,0x00,0x11,0x00,0x00,0x00,0x01,0x00,0x00,0x00,0x00,0x00,0x00,0x1E,0xC3,
  0x00,0x00,0x00,0x0E,0x00,0x00,0x00,0x0A,0x00,0x00,0x00,0x0A,0x00,0x00,0x00,0x0E,0x00,0x00,0x00,0x00,
  0x00,0x00,0x00,0x00,0x00,0x00,0x1E,0xC4,0x00,0x00,0x00,0x11,0x00,0x00,0x00,0x09,0x00,0x00,0x00,0x0A,
  0x00,0x00,0x00,0x11,0x00,0x00,0x00,0x01,0x00,0x00,0x00,0x00,0x00,0x00,0x1E,0xC5,0x00,0x00,0x00,0x0E,
  0x00,0x00,0x00,0x09,0x00,0x00,0x00,0x0A,0x00,0x00,0x00,0x0E,0x00,0x00,0x00,0x00,0x00,0x00,0x00,0x00,
  0x00,0x00,0x1E,0xC6,0x00,0x00,0x00,0x12,0x00,0x00,0x00,0x09,0x00,0x00,0x00,0x0A,0x00,0x00,0x00,0x0F,
  0x00,0x00,0x00,0x01,0x00,0x00,0x00,0x00,0x00,0x00,0x1E,0xC7,0x00,0x00,0x00,0x10,0x00,0x00,0x00,0x09,
  0x00,0x00,0x00,0x0A,0x00,0x00,0x00,0x0D,0x00,0x00,0x00,0x00,0x00,0x00,0x00,0x00,0x00,0x00,0x1E,0xC8,
  0x00,0x00,0x00,0x10,0x00,0x00,0x00,0x05,0x00,0x00,0x00,0x05,0x00,0x00,0x00,0x10,0x00,0x00,0x00,0x00,
  0x00,0x00,0x00,0x00,0x00,0x00,0x1E,0xC9,0x00,0x00,0x00,0x0D,0x00,0x00,0x00,0x05,0x00,0x00,0x00,0x04,
  0x00,0x00,0x00,0x0D,0x00,0x00,0x00,0x00,0x00,0x00,0x00,0x00,0x00,0x00,0x1E,0xCA,0x00,0x00,0x00,0x0F,
  0x00,0x00,0x00,0x03,0x00,0x00,0x00,0x05,0x00,0x00,0x00,0x0C,0x00,0x00,0x00,0x01,0x00,0x00,0x00,0x00,
  0x00,0x00,0x1E,0xCB,0x00,0x00,0x00,0x0F,0x00,0x00,0x00,0x02,0x00,0x00,0x00,0x04,0x00,0x00,0x00,0x0C,
  0x00,0x00,0x00,0x01,0x00,0x00,0x00,0x00,0x00,0x00,0x1E,0xCC,0x00,0x00,0x00,0x0F,0x00,0x00,0x00,0x0C,
  0x00,0x00,0x00,0x0D,0x00,0x00,0x00,0x0C,0x00,0x00,0x00,0x00,0x00,0x00,0x00,0x00,0x00,0x00,0x1E,0xCD,
  0x00,0x00,0x00,0x0C,0x00,0x00,0x00,0x09,0x00,0x00,0x00,0x0A,0x00,0x00,0x00,0x09,0x00,0x00,0x00,0x00,
  0x00,0x00,0x00,0x00,0x00,0x00,0x1E,0xCE,0x00,0x00,0x00,0x10,0x00,0x00,0x00,0x0C,0x00,0x00,0x00,0x0D,
  0x00,0x00,0x00,0x10,0x00,0x00,0x00,0x00,0x00,0x00,0x00,0x00,0x00,0x00,0x1E,0xCF,0x00,0x00,0x00,0x0D,
  0x00,0x00,0x00,0x09,0x00,0x00,0x00,0x0A,0x00,0x00,0x00,0x0D,0x00,0x00,0x00,0x00,0x00,0x00,0x00,0x00,
  0x00,0x00,0x1E,0xD0,0x00,0x00,0x00,0x11,0x00,0x00,0x00,0x0C,0x00,0x00,0x00,0x0D,0x00,0x00,0x00,0x11,
  0x00,0x00,0x00,0x00,0x00,0x00,0x00,0x00,0x00,0x00,0x1E,0xD1,0x00,0x00,0x00,0x0E,0x00,0x00,0x00,0x0A,
  0x00,0x00,0x00,0x0A,0x00,0x00,0x00,0x0E,0x00,0x00,0x00,0x00,0x00,0x00,0x00,0x00,0x00,0x00,0x1E,0xD2,
  0x00,0x00,0x00,0x11,0x00,0x00,0x00,0x0C,0x00,0x00,0x00,0x0D,0x00,0x00,0x00,0x11,0x00,0x00,0x00,0x00,
  0x00,0x00,0x00,0x00,0x00,0x00,0x1E,0xD3,0x00,0x00,0x00,0x0E,0x00,0x00,0x00,0x09,0x00,0x00,0x00,0x0A,
  0x00,0x00,0x00,0x0E,0x00,0x00,0x00,0x00,0x00,0x00,0x00,0x00,0x00,0x00,0x1E,0xD4,0x00,0x00,0x00,0x11,
  0x00,0x00,0x00,0x0C,0x00,0x00,0x00,0x0D,0x00,0x00,0x00,0x11,0x00,0x00,0x00,0x00,0x00,0x00,0x00,0x00,
  0x00,0x00,0x1E,0xD5,0x00,0x00,0x00,0x0E,0x00,0x00,0x00,0x0A,0x00,0x00,0x00,0x0A,0x00,0x00,0x00,0x0E,
  0x00,0x00,0x00,0x00,0x00,0x00,0x00,0x00,0x00,0x00,0x1E,0xD6,0x00,0x00,0x00,0x11,0x00,0x00,0x00,0x0C,
  0x00,0x00,0x00,0x0D,0x00,0x00,0x00,0x11,0x00,0x00,0x00,0x00,0x00,0x00,0x00,0x00,0x00,0x00,0x1E,0xD7,
  0x00,0x00,0x00,0x0E,0x00,0x00,0x00,0x09,0x00,0x00,0x00,0x0A,0x00,0x00,0x00,0x0E,0x00,0x00,0x00,0x00,
  0x00,0x00,0x00,0x00,0x00,0x00,0x1E,0xD8,0x00,0x00,0x00,0x12,0x00,0x00,0x00,0x0C,0x00,0x00,0x00,0x0D,
  0x00,0x00,0x00,0x0F,0x00,0x00,0x00,0x00,0x00,0x00,0x00,0x00,0x00,0x00,0x1E,0xD9,0x00,0x00,0x00,0x10,
  0x00,0x00,0x00,0x09,0x00,0x00,0x00,0x0A,0x00,0x00,0x00,0x0D,0x00,0x00,0x00,0x00,0x00,0x00,0x00,0x00,
  0x00,0x00,0x1E,0xDA,0x00,0x00,0x00,0x0F,0x00,0x00,0x00,0x0D,0x00,0x00,0x00,0x0F,0x00,0x00,0x00,0x0F,
  0x00,0x00,0x00,0x00,0x00,0x00,0x00,0x00,0x00,0x00,0x1E,0xDB,0x00,0x00,0x00,0x0D,0x00,0x00,0x00,0x0A,
  0x00,0x00,0x00,0x0A,0x00,0x00,0x00,0x0D,0x00,0x00,0x00,0x00,0x00,0x00,0x00,0x00,0x00,0x00,0x1E,0xDC,
  0x00,0x00,0x00,0x0F,0x00,0x00,0x00,0x0D,0x00,0x00,0x00,0x0F,0x00,0x00,0x00,0x0F,0x00,0x00,0x00,0x00,
  0x00,0x00,0x00,0x00,0x00,0x00,0x1E,0xDD,0x00,0x00,0x00,0x0D,0x00,0x00,0x00,0x0A,0x00,0x00,0x00,0x0A,
  0x00,0x00,0x00,0x0D,0x00,0x00,0x00,0x00,0x00,0x00,0x00,0x00,0x00,0x00,0x1E,0xDE,0x00,0x00,0x00,0x10,
  0x00,0x00,0x00,0x0D,0x00,0x00,0x00,0x0F,0x00,0x00,0x00,0x10,0x00,0x00,0x00,0x00,0x00,0x00,0x00,0x00,
  0x00,0x00,0x1E,0xDF,0x00,0x00,0x00,0x0D,0x00,0x00,0x00,0x0A,0x00,0x00,0x00,0x0A,0x00,0x00,0x00,0x0D,
  0x00,0x00,0x00,0x00,0x00,0x00,0x00,0x00,0x00,0x00,0x1E,0xE0,0x00,0x00,0x00,0x0F,0x00,0x00,0x00,0x0D,
  0x00,0x00,0x00,0x0F,0x00,0x00,0x00,0x0F,0x00,0x00,0x00,0x00,0x00,0x00,0x00,0x00,0x00,0x00,0x1E,0xE1,
  0x00,0x00,0x00,0x0C,0x00,0x00,0x00,0x0A,0x00,0x00,0x00,0x0A,0x00,0x00,0x00,0x0C,0x00,0x00,0x00,0x00,
  0x00,0x00,0x00,0x00,0x00,0x00,0x1E,0xE2,0x00,0x00,0x00,0x0F,0x00,0x00,0x00,0x0D,0x00,0x00,0x00,0x0F,
  0x00,0x00,0x00,0x0C,0x00,0x00,0x00,0x00,0x00,0x00,0x00,0x00,0x00,0x00,0x1E,0xE3,0x00,0x00,0x00,0x0D,
  0x00,0x00,0x00,0x0A,0x00,0x00,0x00,0x0A,0x00,0x00,0x00,0x0A,0x00,0x00,0x00,0x00,0x00,0x00,0x00,0x00,
  0x00,0x00,0x1E,0xE4,0x00,0x00,0x00,0x0F,0x00,0x00,0x00,0x0A,0x00,0x00,0x00,0x0C,0x00,0x00,0x00,0x0C,
  0x00,0x00,0x00,0x01,0x00,0x00,0x00,0x00,0x00,0x00,0x1E,0xE5,0x00,0x00,0x00,0x0C,0x00,0x00,0x00,0x08,
  0x00,0x00,0x00,0x0A,0x00,0x00,0x00,0x09,0x00,0x00,0x00,0x01,0x00,0x00,0x00,0x00,0x00,0x00,0x1E,0xE6,
  0x00,0x00,0x00,0x10,0x00,0x00,0x00,0x0A,0x00,0x00,0x00,0x0C,0x00,0x00,0x00,0x10,0x00,0x00,0x00,0x01,
  0x00,0x00,0x00,0x00,0x00,0x00,0x1E,0xE7,0x00,0x00,0x00,0x0D,0x00,0x00,0x00,0x08,0x00,0x00,0x00,0x0A,
  0x00,0x00,0x00,0x0D,0x00,0x00,0x00,0x01,0x00,0x00,0x00,0x00,0x00,0x00,0x1E,0xE8,0x00,0x00,0x00,0x0F,
  0x00,0x00,0x00,0x0C,0x00,0x00,0x00,0x0E,0x00,0x00,0x00,0x0F,0x00,0x00,0x00,0x01,0x00,0x00,0x00,0x00,
  0x00,0x00,0x1E,0xE9,0x00,0x00,0x00,0x0D,0x00,0x00,0x00,0x0A,0x00,0x00,0x00,0x0A,0x00,0x00,0x00,0x0D,
  0x00,0x00,0x00,0x01,0x00,0x00,0x00,0x00,0x00,0x00,0x1E,0xEA,0x00,0x00,0x00,0x0F,0x00,0x00,0x00,0x0C,
  0x00,0x00,0x00,0x0E,0x00,0x00,0x00,0x0F,0x00,0x00,0x00,0x01,0x00,0x00,0x00,0x00,0x00,0x00,0x1E,0xEB,
  0x00,0x00,0x00,0x0D,0x00,0x00,0x00,0x0A,0x00,0x00,0x00,0x0A,0x00,0x00,0x00,0x0D,0x00,0x00,0x00,0x01,
  0x00,0x00,0x00,0x00,0x00,0x00,0x1E,0xEC,0x00,0x00,0x00,0x10,0x00,0x00,0x00,0x0C,0x00,0x00,0x00,0x0E,
  0x00,0x00,0x00,0x10,0x00,0x00,0x00,0x01,0x00,0x00,0x00,0x00,0x00,0x00,0x1E,0xED,0x00,0x00,0x00,0x0D,
  0x00,0x00,0x00,0x0A,0x00,0x00,0x00,0x0A,0x00,0x00,0x00,0x0D,0x00,0x00,0x00,0x01,0x00,0x00,0x00,0x00,
  0x00,0x00,0x1E,0xEE,0x00,0x00,0x00,0x0F,0x00,0x00,0x00,0x0C,0x00,0x00,0x00,0x0E,0x00,0x00,0x00,0x0F,
  0x00,0x00,0x00,0x01,0x00,0x00,0x00,0x00,0x00,0x00,0x1E,0xEF,0x00,0x00,0x00,0x0C,0x00,0x00,0x00,0x0A,
  0x00,0x00,0x00,0x0A,0x00,0x00,0x00,0x0C,0x00,0x00,0x00,0x01,0x00,0x00,0x00,0x00,0x00,0x00,0x1E,0xF0,
  0x00,0x00,0x00,0x0F,0x00,0x00,0x00,0x0C,0x00,0x00,0x00,0x0E,0x00,0x00,0x00,0x0C,0x00,0x00,0x00,0x01,
  0x00,0x00,0x00,0x00,0x00,0x00,0x1E,0xF1,0x00,0x00,0x00,0x0D,0x00,0x00,0x00,0x0A,0x00,0x00,0x00,0x0A,
  0x00,0x00,0x00,0x0A,0x00,0x00,0x00,0x01,0x00,0x00,0x00,0x00,0x00,0x00,0x1E,0xF2,0x00,0x00,0x00,0x0F,
  0x00,0x00,0x00,0x0B,0x00,0x00,0x00,0x0A,0x00,0x00,0x00,0x0F,0xFF,0xFF,0xFF,0xFF,0x00,0x00,0x00,0x00,
  0x00,0x00,0x1E,0xF3,0x00,0x00,0x00,0x10,0x00,0x00,0x00,0x09,0x00,0x00,0x00,0x09,0x00,0x00,0x00,0x0D,
  0x00,0x00,0x00,0x00,0x00,0x00,0x00,0x00,0x00,0x00,0x1E,0xF4,0x00,0x00,0x00,0x0F,0x00,0x00,0x00,0x0B,
  0x00,0x00,0x00,0x0A,0x00,0x00,0x00,0x0C,0xFF,0xFF,0xFF,0xFF,0x00,0x00,0x00,0x00,0x00,0x00,0x1E,0xF5,
  0x00,0x00,0x00,0x0C,0x00,0x00,0x00,0x09,0x00,0x00,0x00,0x09,0x00,0x00,0x00,0x09,0x00,0x00,0x00,0x00,
  0x00,0x00,0x00,0x00,0x00,0x00,0x1E,0xF6,0x00,0x00,0x00,0x10,0x00,0x00,0x00,0x0B,0x00,0x00,0x00,0x0A,
  0x00,0x00,0x00,0x10,0xFF,0xFF,0xFF,0xFF,0x00,0x00,0x00,0x00,0x00,0x00,0x1E,0xF7,0x00,0x00,0x00,0x10,
  0x00,0x00,0x00,0x09,0x00,0x00,0x00,0x09,0x00,0x00,0x00,0x0D,0x00,0x00,0x00,0x00,0x00,0x00,0x00,0x00,
  0x00,0x00,0x1E,0xF8,0x00,0x00,0x00,0x0F,0x00,0x00,0x00,0x0B,0x00,0x00,0x00,0x0A,0x00,0x00,0x00,0x0F,
  0xFF,0xFF,0xFF,0xFF,0x00,0x00,0x00,0x00,0x00,0x00,0x1E,0xF9,0x00,0x00,0x00,0x0F,0x00,0x00,0x00,0x09,
  0x00,0x00,0x00,0x09,0x00,0x00,0x00,0x0C,0x00,0x00,0x00,0x00,0x00,0x00,0x00,0x00,0x94,0xFF,0x94,0xFF,
  0x94,0xFF,0x94,0xFF,0x94,0xFF,0x8F,0xFB,0x82,0xED,0x73,0xDF,0x00,0x00,0x00,0x00,0x94,0xFF,0x94,0xFF,
  0x74,0xE0,0x00,0x80,0xD4,0x74,0xE0,0x00,0x80,0xD4,0x74,0xE0,0x00,0x80,0xD4,0x74,0xE0,0x00,0x80,0xD4,
  0x00,0x00,0x00,0x00,0x63,0xE0,0x00,0x00,0xD7,0x69,0x00,0x00,0x00,0x00,0x00,0x00,0xA7,0x9B,0x00,0x1C,
  0xFF,0x25,0x00,0x00,0x00,0x00,0x00,0x01,0xE9,0x56,0x00,0x61,0xE2,0x00,0x00,0x00,0x00,0xE0,0xFF,0xFF,
  0xFF,0xFF,0xFF,0xFF,0xFF,0xFF,0xFF,0x30,0x00,0x00,0x00,0x79,0xCB,0x00,0x00,0xEB,0x54,0x00,0x00,0x00,
  0x00,0x00,0x00,0xB1,0x93,0x00,0x22,0xFF,0x1D,0x00,0x00,0x00,0x00,0x00,0x00,0xE8,0x5B,0x00,0x59,0xE7,
  0x00,0x00,0x00,0x00,0xC4,0xFF,0xFF,0xFF,0xFF,0xFF,0xFF,0xFF,0xFF,0xFF,0x48,0x00,0x00,0x00,0x6F,0xD0,
  0x00,0x00,0xE5,0x5C,0x00,0x00,0x00,0x00,0x00,0x00,0xB4,0x8B,0x00,0x2B,0xFF,0x18,0x00,0x00,0x00,0x00,
  0x00,0x05,0xF3,0x46,0x00,0x6E,0xD2,0x00,0x00,0x00,0x00,0x00,0x00,0x00,0x00,0x60,0x68,0x00,0x00,0x00,
  0x00,0x00,0x00,0x60,0x68,0x00,0x00,0x00,0x00,0x53,0xC7,0xF6,0xF9,0xC5,0x56,0x01,0x4A,0xFE,0x6A,0x6C,
  0x71,0x3C,0xA9,0x22,0x9B,0xD1,0x00,0x60,0x68,0x00,0x00,0x00,0x8A,0xF1,0x1F,0x60,0x68,0x00,0x00,0x00,
  0x18,0xD8,0xF6,0xD8,0xAE,0x46,0x05,0x00,0x00,0x04,0x4E,0xB2,0xE6,0xFB,0xDC,0x28,0x00,0x00,0x00,0x60,
  0x68,0x20,0xE1,0xB4,0x00,0x00,0x00,0x60,0x68,0x00,0xA6,0xCA,0x90,0x73,0x2A,0x67,0x71,0x53,0xF4,0x74,
  0x1A,0x86,0xD2,0xF8,0xF5,0xCA,0x66,0x01,0x00,0x00,0x00,0x60,0x68,0x00,0x00,0x00,0x00,0x00,0x00,0x60,
  0x68,0x00,0x00,0x00,0x00,0x23,0xBE,0xF3,0xCE,0x37,0x00,0x00,0x00,0x00,0xAE,0x91,0x00,0x00,0x00,0x00,
  0xC4,0x9E,0x0E,0x7D,0xE5,0x09,0x00,0x00,0x49,0xE7,0x0F,0x00,0x00,0x00,0x0A,0xFE,0x30,0x00,0x09,0xFE,
  0x35,0x00,0x08,0xDC,0x5A,0x00,0x00,0x00,0x00,0x0B,0xFF,0x2F,0x00,0x09,0xFF,0x34,0x00,0x81,0xBE,0x00,
  0x00,0x00,0x00,0x00,0x00,0xC6,0x9C,0x0E,0x7B,0xE6,0x09,0x24,0xF2,0x29,0x00,0x00,0x00,0x00,0x00,0x00,
  0x25,0xC0,0xF4,0xCF,0x3A,0x00,0xB8,0x87,0x00,0x00,0x00,0x00,0x00,0x00,0x00,0x00,0x00,0x00,0x00,0x00,
  0x54,0xE1,0x0A,0x1C,0xB7,0xF3,0xD3,0x3F,0x00,0x00,0x00,0x00,0x00,0x00,0x0C,0xE3,0x50,0x00,0xB7,0xAC,
  0x0F,0x6F,0xEC,0x0E,0x00,0x00,0x00,0x00,0x00,0x8C,0xB4,0x00,0x03,0xF9,0x40,0x00,0x02,0xF9,0x40,0x00,
  0x00,0x00,0x00,0x2B,0xF2,0x21,0x00,0x03,0xFA,0x3F,0x00,0x02,0xF9,0x40,0x00,0x00,0x00,0x00,0xC1,0x7D,
  0x00,0x00,0x00,0xBA,0xAC,0x0F,0x6F,0xED,0x0E,0x00,0x00,0x00,0x5E,0xDA,0x07,0x00,0x00,0x00,0x1F,0xBA,
  0xF3,0xD4,0x41,0x00,0x00,0x00,0x57,0xD3,0xF4,0xCC,0x58,0x00,0x00,0x00,0x00,0x00,0x3F,0xFE,0x70,0x0B,
  0x2B,0xA8,0x1B,0x00,0x00,0x00,0x00,0x92,0xE3,0x00,0x00,0x00,0x00,0x00,0x00,0x00,0x00,0x00,0x8F,0xF8,
  0x0C,0x00,0x00,0x00,0x00,0x00,0x00,0x00,0x00,0x32,0xFE,0x99,0x00,0x00,0x00,0x00,0x00,0x00,0x00,0x00,
  0x75,0xFD,0xFF,0x7A,0x00,0x00,0x00,0x00,0x00,0x00,0x5C,0xFF,0x66,0x95,0xFF,0x77,0x00,0x00,0x1D,0xFF,
  0x59,0xD4,0xBB,0x00,0x00,0x90,0xFF,0x74,0x00,0x54,0xFD,0x19,0xF4,0x8E,0x00,0x00,0x00,0x8B,0xFF,0x71,
  0xC4,0xA8,0x00,0xC9,0xCC,0x02,0x00,0x00,0x00,0x86,0xFF,0xF5,0x1D,0x00,0x40,0xF9,0xA8,0x28,0x0A,0x30,
  0xA3,0xFB,0xFF,0x76,0x00,0x00,0x34,0xB1,0xEE,0xFB,0xE1,0x9C,0x27,0x7D,0xFF,0x7A,0x74,0xE0,0x74,0xE0,
  0x74,0xE0,0x74,0xE0,0x00,0x00,0x92,0xB4,0x00,0x29,0xFB,0x31,0x00,0x9D,0xC6,0x00,0x0C,0xF5,0x6C,0x00,
  0x4A,0xFF,0x30,0x00,0x7E,0xFF,0x05,0x00,0x95,0xF1,0x00,0x00,0x96,0xF0,0x00,0x00,0x7E,0xFF,0x05,0x00,
  0x4A,0xFF,0x32,0x00,0x0D,0xF6,0x6F,0x00,0x00,0x9D,0xC8,0x00,0x00,0x29,0xFB,0x32,0x00,0x00,0x92,0xB5,
  0x76,0xCE,0x02,0x00,0x0A,0xE8,0x62,0x00,0x00,0x8A,0xD7,0x00,0x00,0x30,0xFF,0x3E,0x00,0x02,0xF1,0x86,
  0x00,0x00,0xC5,0xBC,0x00,0x00,0xB1,0xD4,0x00,0x00,0xB2,0xD4,0x00,0x00,0xC5,0xBC,0x00,0x01,0xF0,0x87,
  0x00,0x2F,0xFF,0x3F,0x00,0x89,0xD9,0x01,0x09,0xE7,0x63,0x00,0x75,0xCF,0x02,0x00,0x00,0x00,0x00,0x70,
  0x74,0x00,0x00,0x00,0x00,0x00,0x00,0x70,0x74,0x00,0x00,0x00,0x41,0xB1,0x2D,0x70,0x74,0x2C,0xAF,0x44,
  0x00,0x29,0x9F,0xD8,0xD8,0xA0,0x2A,0x00,0x00,0x29,0x9E,0xD8,0xD8,0x9E,0x2A,0x00,0x41,0xB2,0x2E,0x70,
  0x74,0x2C,0xB0,0x45,0x00,0x00,0x00,0x70,0x74,0x00,0x00,0x00,0x00,0x00,0x00,0x70,0x74,0x00,0x00,0x00,
  0x00,0x00,0x00,0x00,0x00,0xF4,0x5C,0x00,0x00,0x00,0x00,0x00,0x00,0x00,0x00,0x00,0xF4,0x5C,0x00,0x00,
  0x00,0x00,0x00,0x00,0x00,0x00,0x00,0xF4,0x5C,0x00,0x00,0x00,0x00,0x00,0x00,0x00,0x00,0x00,0xF4,0x5C,
  0x00,0x00,0x00,0x00,0x4C,0xFF,0xFF,0xFF,0xFF,0xFF,0xFF,0xFF,0xFF,0xFF,0xB8,0x00,0x00,0x00,0x00,0x00,
  0xF4,0x5C,0x00,0x00,0x00,0x00,0x00,0x00,0x00,0x00,0x00,0xF4,0x5C,0x00,0x00,0x00,0x00,0x00,0x00,0x00,
  0x00,0x00,0xF4,0x5C,0x00,0x00,0x00,0x00,0x00,0x00,0x00,0x00,0x00,0xF4,0x5C,0x00,0x00,0x00,0x00,0x20,
  0xFF,0x88,0x2B,0xFF,0x70,0x66,0xEE,0x0D,0xA5,0x7E,0x00,0x38,0xFF,0xFF,0xFF,0xFF,0x48,0xFF,0x5C,0x48,
  0xFF,0x5C,0x00,0x00,0x00,0x19,0xFE,0x3B,0x00,0x00,0x00,0x69,0xE9,0x02,0x00,0x00,0x00,0xB9,0x9B,0x00,
  0x00,0x00,0x0E,0xF9,0x4B,0x00,0x00,0x00,0x59,0xF3,0x07,0x00,0x00,0x00,0xA9,0xAB,0x00,0x00,0x00,0x06,
  0xF1,0x5B,0x00,0x00,0x00,0x49,0xFA,0x10,0x00,0x00,0x00,0x99,0xBB,0x00,0x00,0x00,0x01,0xE6,0x6B,0x00,
  0x00,0x00,0x39,0xFF,0x1C,0x00,0x00,0x00,0x89,0xCB,0x00,0x00,0x00,0x00,0xD8,0x7B,0x00,0x00,0x00,0x00,
  0x00,0x16,0xA3,0xEE,0xF4,0xB9,0x2B,0x00,0x00,0x05,0xD0,0xC7,0x20,0x13,0xA6,0xEB,0x19,0x00,0x5F,0xFF,
  0x29,0x00,0x00,0x0C,0xF1,0x8E,0x00,0xAD,0xDC,0x00,0x00,0x00,0x00,0xAF,0xDD,0x00,0xD8,0xB6,0x00,0x00,
  0x00,0x00,0x88,0xFE,0x09,0xEA,0xA7,0x00,0x00,0x00,0x00,0x78,0xFF,0x19,0xEB,0xA7,0x00,0x00,0x00,0x00,
  0x79,0xFF,0x19,0xD9,0xB6,0x00,0x00,0x00,0x00,0x88,0xFE,0x09,0xAE,0xDC,0x00,0x00,0x00,0x00,0xAF,0xDD,
  0x00,0x60,0xFF,0x29,0x00,0x00,0x0C,0xF1,0x8F,0x00,0x05,0xD2,0xC7,0x20,0x13,0xA6,0xEC,0x1B,0x00,0x00,
  0x17,0xA4,0xEF,0xF5,0xBA,0x2C,0x00,0x00,0x02,0x43,0x9F,0xF2,0xFF,0x20,0x00,0x00,0x39,0xBD,0x62,0x7E,
  0xFF,0x20,0x00,0x00,0x00,0x00,0x00,0x70,0xFF,0x20,0x00,0x00,0x00,0x00,0x00,0x70,0xFF,0x20,0x00,0x00,
  0x00,0x00,0x00,0x70,0xFF,0x20,0x00,0x00,0x00,0x00,0x00,0x70,0xFF,0x20,0x00,0x00,0x00,0x00,0x00,0x70,
  0xFF,0x20,0x00,0x00,0x00,0x00,0x00,0x70,0xFF,0x20,0x00,0x00,0x00,0x00,0x00,0x70,0xFF,0x20,0x00,0x00,
  0x00,0x00,0x00,0x70,0xFF,0x20,0x00,0x00,0x00,0x00,0x00,0x70,0xFF,0x20,0x00,0x00,0x04,0xFF,0xFF,0xFF,
  0xFF,0xFF,0xFF,0xB4,0x1E,0x86,0xD3,0xF5,0xDC,0x92,0x13,0x00,0xC0,0xD6,0x47,0x0B,0x35,0xD4,0xD9,0x0A,
  0x7B,0x0B,0x00,0x00,0x00,0x3C,0xFF,0x5E,0x00,0x00,0x00,0x00,0x00,0x1A,0xFF,0x7D,0x00,0x00,0x00,0x00,
  0x00,0x62,0xFF,0x5B,0x00,0x00,0x00,0x00,0x14,0xE5,0xE2,0x09,0x00,0x00,0x00,0x05,0xBD,0xFA,0x40,0x00,
  0x00,0x00,0x01,0xA6,0xFE,0x5A,0x00,0x00,0x00,0x00,0x8F,0xFF,0x6B,0x00,0x00,0x00,0x00,0x79,0xFF,0x7B,
  0x00,0x00,0x00,0x00,0x61,0xFF,0x8C,0x00,0x00,0x00,0x00,0x00,0xD4,0xFF,0xFF,0xFF,0xFF,0xFF,0xFF,0x94,
  0x0A,0x69,0xC8,0xF3,0xE7,0xB3,0x38,0x00,0x60,0x8A,0x33,0x0B,0x23,0xAC,0xFA,0x35,0x00,0x00,0x00,0x00,
  0x00,0x0D,0xFD,0x91,0x00,0x00,0x00,0x00,0x00,0x0A,0xFC,0x87,0x00,0x00,0x00,0x01,0x1E,0xA3,0xE7,0x1F,
  0x00,0x00,0xC4,0xFF,0xFF,0xE7,0x3A,0x00,0x00,0x00,0x00,0x03,0x24,0xA5,0xF6,0x3F,0x00,0x00,0x00,0x00,
  0x00,0x04,0xDE,0xC0,0x00,0x00,0x00,0x00,0x00,0x00,0xB7,0xE0,0x00,0x00,0x00,0x00,0x00,0x07,0xE3,0xBA,
  0x9E,0x5A,0x1E,0x09,0x2E,0xB0,0xF8,0x3B,0x24,0x98,0xDD,0xF7,0xDC,0xA3,0x29,0x00,0x00,0x00,0x00,0x00,
  0x00,0xAF,0xFF,0xA0,0x00,0x00,0x00,0x00,0x00,0x00,0x56,0xEE,0xF9,0xA0,0x00,0x00,0x00,0x00,0x00,0x13,
  0xE9,0x68,0xF4,0xA0,0x00,0x00,0x00,0x00,0x00,0xA3,0xCA,0x02,0xF4,0xA0,0x00,0x00,0x00,0x00,0x49,0xFD,
  0x34,0x00,0xF4,0xA0,0x00,0x00,0x00,0x0D,0xE2,0x95,0x00,0x00,0xF4,0xA0,0x00,0x00,0x00,0x97,0xE9,0x10,
  0x00,0x00,0xF4,0xA0,0x00,0x00,0x27,0xFE,0x5D,0x00,0x00,0x00,0xF4,0xA0,0x00,0x00,0x38,0xFF,0xFF,0xFF,
  0xFF,0xFF,0xFF,0xFF,0xFF,0x48,0x00,0x00,0x00,0x00,0x00,0x00,0xF4,0xA0,0x00,0x00,0x00,0x00,0x00,0x00,
  0x00,0x00,0xF4,0xA0,0x00,0x00,0x00,0x00,0x00,0x00,0x00,0x00,0xF4,0xA0,0x00,0x00,0x44,0xFF,0xFF,0xFF,
  0xFF,0xFF,0xEC,0x00,0x44,0xFF,0x2C,0x00,0x00,0x00,0x00,0x00,0x44,0xFF,0x2C,0x00,0x00,0x00,0x00,0x00,
  0x44,0xFF,0x2C,0x00,0x00,0x00,0x00,0x00,0x44,0xFF,0xEB,0xFB,0xE7,0x9F,0x1B,0x00,0x3D,0x83,0x27,0x0D,
  0x45,0xDB,0xE3,0x15,0x00,0x00,0x00,0x00,0x00,0x2D,0xFE,0x85,0x00,0x00,0x00,0x00,0x00,0x00,0xE1,0xBC,
  0x00,0x00,0x00,0x00,0x00,0x00,0xE1,0xBC,0x00,0x00,0x00,0x00,0x00,0x2C,0xFE,0x86,0x9C,0x5C,0x1F,0x0C,
  0x43,0xD9,0xE4,0x16,0x24,0x99,0xDE,0xFA,0xE3,0x9B,0x1A,0x00,0x00,0x00,0x4A,0xC1,0xF3,0xE3,0x8A,0x0D,
  0x00,0x00,0x67,0xF1,0x5D,0x0E,0x12,0x72,0x5E,0x00,0x20,0xF7,0x5B,0x00,0x00,0x00,0x00,0x00,0x00,0x82,
  0xF0,0x04,0x00,0x00,0x00,0x00,0x00,0x00,0xBE,0xC4,0x7A,0xE0,0xF9,0xD8,0x6A,0x00,0x00,0xD8,0xFC,0xDA,
  0x35,0x10,0x6F,0xFF,0x74,0x00,0xDA,0xFF,0x47,0x00,0x00,0x00,0xB3,0xED,0x02,0xC7,0xFF,0x0C,0x00,0x00,
  0x00,0x78,0xFF,0x21,0x9C,0xFF,0x0C,0x00,0x00,0x00,0x79,0xFF,0x21,0x4B,0xFF,0x46,0x00,0x00,0x00,0xB2,
  0xEA,0x02,0x01,0xBE,0xD9,0x33,0x0F,0x6D,0xFE,0x69,0x00,0x00,0x0E,0x94,0xE8,0xF9,0xD3,0x5E,0x00,0x00,
  0xB0,0xFF,0xFF,0xFF,0xFF,0xFF,0xFF,0xCB,0x00,0x00,0x00,0x00,0x00,0x43,0xFF,0x82,0x00,0x00,0x00,0x00,
  0x00,0x9F,0xFF,0x23,0x00,0x00,0x00,0x00,0x09,0xF2,0xC2,0x00,0x00,0x00,0x00,0x00,0x59,0xFF,0x62,0x00,
  0x00,0x00,0x00,0x00,0xB5,0xF5,0x0D,0x00,0x00,0x00,0x00,0x16,0xFB,0xA2,0x00,0x00,0x00,0x00,0x00,0x6F,
  0xFF,0x43,0x00,0x00,0x00,0x00,0x00,0xCC,0xE1,0x01,0x00,0x00,0x00,0x00,0x28,0xFF,0x83,0x00,0x00,0x00,
  0x00,0x00,0x85,0xFF,0x24,0x00,0x00,0x00,0x00,0x01,0xE0,0xC3,0x00,0x00,0x00,0x00,0x00,0x42,0xBE,0xEC,
  0xF2,0xCB,0x5C,0x00,0x00,0x37,0xFA,0x9E,0x18,0x0F,0x7A,0xFF,0x5E,0x00,0x8E,0xFD,0x0A,0x00,0x00,0x00,
  0xD7,0xB9,0x00,0x8A,0xFC,0x0A,0x00,0x00,0x00,0xD8,0xB5,0x00,0x21,0xE8,0x9E,0x17,0x0F,0x79,0xF6,0x3F,
  0x00,0x00,0x37,0xE5,0xFF,0xFF,0xF5,0x57,0x00,0x00,0x39,0xF3,0x96,0x1A,0x11,0x72,0xFC,0x5F,0x00,0xBB,
  0xDC,0x02,0x00,0x00,0x00,0xB1,0xEB,0x00,0xE1,0xB5,0x00,0x00,0x00,0x00,0x86,0xFF,0x10,0xC4,0xDC,0x02,
  0x00,0x00,0x00,0xB1,0xF1,0x02,0x55,0xFF,0x93,0x18,0x11,0x72,0xFF,0x83,0x00,0x00,0x48,0xC1,0xEC,0xF1,
  0xCD,0x63,0x02,0x00,0x00,0x40,0xC3,0xF6,0xEF,0xA9,0x1D,0x00,0x00,0x3D,0xFB,0x97,0x16,0x22,0xBE,0xDD,
  0x0E,0x00,0xBC,0xDF,0x04,0x00,0x00,0x1C,0xFB,0x7A,0x00,0xF1,0xA8,0x00,0x00,0x00,0x00,0xDC,0xCB,0x00,
  0xF2,0xA7,0x00,0x00,0x00,0x00,0xDD,0xF6,0x00,0xC2,0xDE,0x03,0x00,0x00,0x1B,0xFB,0xFF,0x09,0x49,0xFE,
  0x95,0x15,0x21,0xBB,0xFB,0xFF,0x07,0x00,0x4F,0xCD,0xF9,0xEB,0x8C,0x9C,0xEE,0x00,0x00,0x00,0x00,0x00,
  0x00,0x00,0xC7,0xB2,0x00,0x00,0x00,0x00,0x00,0x00,0x2E,0xFE,0x49,0x00,0x37,0x8A,0x23,0x08,0x46,0xDF,
  0x99,0x00,0x00,0x04,0x70,0xD9,0xF7,0xD2,0x6A,0x01,0x00,0x00,0x20,0xFF,0x88,0x20,0xFF,0x88,0x00,0x00,
  0x00,0x00,0x00,0x00,0x00,0x00,0x00,0x00,0x00,0x00,0x20,0xFF,0x88,0x20,0xFF,0x88,0x20,0xFF,0x88,0x20,
  0xFF,0x88,0x00,0x00,0x00,0x00,0x00,0x00,0x00,0x00,0x00,0x00,0x00,0x00,0x20,0xFF,0x88,0x2B,0xFF,0x70,
  0x66,0xEE,0x0D,0xA5,0x7E,0x00,0x00,0x00,0x00,0x00,0x00,0x00,0x00,0x00,0x28,0x88,0x9E,0x00,0x00,0x00,
  0x00,0x00,0x0E,0x64,0xC6,0xFF,0xED,0x74,0x00,0x00,0x01,0x40,0xA1,0xF5,0xFC,0xB5,0x55,0x07,0x00,0x12,
  0x7D,0xDD,0xFF,0xD3,0x74,0x18,0x00,0x00,0x00,0x00,0x4C,0xFF,0xF4,0x5F,0x00,0x00,0x00,0x00,0x00,0x00,
  0x00,0x12,0x7E,0xDE,0xFF,0xCC,0x6E,0x14,0x00,0x00,0x00,0x00,0x00,0x00,0x01,0x41,0xA2,0xF5,0xFA,0xB0,
  0x51,0x06,0x00,0x00,0x00,0x00,0x00,0x00,0x0E,0x65,0xC7,0xFF,0xED,0x74,0x00,0x00,0x00,0x00,0x00,0x00,
  0x00,0x00,0x28,0x89,0x9E,0x4C,0xFF,0xFF,0xFF,0xFF,0xFF,0xFF,0xFF,0xFF,0xFF,0xB8,0x00,0x00,0x00,0x00,
  0x00,0x00,0x00,0x00,0x00,0x00,0x00,0x00,0x00,0x00,0x00,0x00,0x00,0x00,0x00,0x00,0x00,0x00,0x4C,0xFF,
  0xFF,0xFF,0xFF,0xFF,0xFF,0xFF,0xFF,0xFF,0xB8,0x47,0xB2,0x50,0x05,0x00,0x00,0x00,0x00,0x00,0x00,0x00,
  0x2A,0xCD,0xFF,0xE9,0x8D,0x2C,0x00,0x00,0x00,0x00,0x00,0x00,0x00,0x2C,0x8D,0xE8,0xFF,0xCA,0x69,0x10,
  0x00,0x00,0x00,0x00,0x00,0x00,0x04,0x4D,0xAD,0xF9,0xF7,0xA6,0x3B,0x00,0x00,0x00,0x00,0x00,0x00,0x00,
  0x21,0xCA,0xFF,0xB8,0x00,0x00,0x00,0x00,0x02,0x46,0xA5,0xF6,0xF7,0xA7,0x3C,0x00,0x00,0x2A,0x89,0xE5,
  0xFF,0xCB,0x6A,0x10,0x00,0x00,0x2A,0xCB,0xFF,0xEA,0x8E,0x2C,0x00,0x00,0x00,0x00,0x00,0x47,0xB3,0x51,
  0x05,0x00,0x00,0x00,0x00,0x00,0x00,0x00,0x2D,0xA7,0xE2,0xF3,0xC2,0x37,0x00,0xAA,0x56,0x0D,0x1A,0xB5,
  0xF0,0x17,0x00,0x00,0x00,0x00,0x43,0xFF,0x51,0x00,0x00,0x00,0x00,0x83,0xFF,0x34,0x00,0x00,0x00,0x54,
  0xFD,0x92,0x00,0x00,0x00,0x35,0xF8,0xA3,0x01,0x00,0x00,0x00,0xB8,0xD8,0x06,0x00,0x00,0x00,0x00,0xDF,
  0x9B,0x00,0x00,0x00,0x00,0x00,0xE4,0x98,0x00,0x00,0x00,0x00,0x00,0x00,0x00,0x00,0x00,0x00,0x00,0x00,
  0xF0,0xA4,0x00,0x00,0x00,0x00,0x00,0xF0,0xA4,0x00,0x00,0x00,0x00,0x00,0x00,0x0E,0x77,0xC6,0xEE,0xF6,
  0xDB,0x95,0x2D,0x00,0x00,0x00,0x00,0x00,0x47,0xE9,0xA1,0x41,0x0F,0x08,0x2A,0x7F,0xEE,0x7D,0x00,0x00,
  0x00,0x48,0xED,0x46,0x00,0x00,0x00,0x00,0x00,0x00,0x1F,0xDC,0x7B,0x00,0x0E,0xEB,0x4D,0x00,0x10,0xAC,
  0xF7,0xE6,0x82,0xCA,0x54,0x28,0xF8,0x2C,0x75,0xB7,0x00,0x00,0xA4,0xCA,0x22,0x1F,0xC3,0xFF,0x54,0x00,
  0xA0,0x93,0xC1,0x5D,0x00,0x15,0xFD,0x37,0x00,0x00,0x2C,0xFF,0x54,0x00,0x60,0xCE,0xE4,0x36,0x00,0x3B,
  0xFD,0x04,0x00,0x00,0x00,0xF6,0x54,0x00,0x44,0xDE,0xE5,0x33,0x00,0x3C,0xFD,0x04,0x00,0x00,0x00,0xF6,
  0x54,0x00,0x5E,0xC3,0xC4,0x5A,0x00,0x15,0xFD,0x34,0x00,0x00,0x29,0xFF,0x54,0x00,0xB9,0x73,0x7C,0xB1,
  0x00,0x00,0xA4,0xC6,0x21,0x1C,0xBE,0xFF,0x69,0x90,0xC5,0x07,0x13,0xF0,0x43,0x00,0x11,0xAD,0xF6,0xDD,
  0x85,0xC3,0xD4,0x7C,0x08,0x00,0x00,0x51,0xEB,0x39,0x00,0x00,0x00,0x00,0x00,0x00,0x00,0x00,0x00,0x00,
  0x00,0x00,0x52,0xEC,0x96,0x39,0x0D,0x0C,0x2C,0x6B,0xD3,0x3C,0x00,0x00,0x00,0x00,0x00,0x15,0x83,0xCE,
  0xF2,0xF5,0xDA,0xB5,0x62,0x0F,0x00,0x00,0x00,0x00,0x00,0x00,0x9C,0xFF,0x8E,0x00,0x00,0x00,0x00,0x00,
  0x00,0x00,0x09,0xF1,0xF7,0xE9,0x04,0x00,0x00,0x00,0x00,0x00,0x00,0x5A,0xFF,0x72,0xFF,0x4C,0x00,0x00,
  0x00,0x00,0x00,0x00,0xB9,0xDA,0x02,0xE7,0xAA,0x00,0x00,0x00,0x00,0x00,0x1A,0xFD,0x83,0x00,0x92,0xF8,
  0x11,0x00,0x00,0x00,0x00,0x77,0xFF,0x2C,0x00,0x3B,0xFF,0x68,0x00,0x00,0x00,0x00,0xD5,0xD5,0x00,0x00,
  0x01,0xE2,0xC6,0x00,0x00,0x00,0x35,0xFF,0x7F,0x00,0x00,0x00,0x8C,0xFF,0x26,0x00,0x00,0x94,0xFF,0xFF,
  0xFF,0xFF,0xFF,0xFF,0xFF,0x84,0x00,0x06,0xEC,0xAE,0x00,0x00,0x00,0x00,0x00,0xB7,0xE1,0x01,0x52,0xFF,
  0x53,0x00,0x00,0x00,0x00,0x00,0x5C,0xFF,0x41,0xB1,0xF1,0x08,0x00,0x00,0x00,0x00,0x00,0x0C,0xF5,0xA0,
  0x6C,0xFF,0xFF,0xFF,0xFD,0xE4,0xA7,0x24,0x00,0x6C,0xFF,0x28,0x00,0x04,0x2D,0xCD,0xE1,0x0D,0x6C,0xFF,
  0x28,0x00,0x00,0x00,0x4E,0xFF,0x46,0x6C,0xFF,0x28,0x00,0x00,0x00,0x4E,0xFF,0x48,0x6C,0xFF,0x28,0x00,
  0x03,0x2B,0xCA,0xDA,0x08,0x6C,0xFF,0xFF,0xFF,0xFF,0xFF,0xDE,0x2E,0x00,0x6C,0xFF,0x28,0x00,0x01,0x1E,
  0xA1,0xEE,0x2B,0x6C,0xFF,0x28,0x00,0x00,0x00,0x08,0xF3,0xA6,0x6C,0xFF,0x28,0x00,0x00,0x00,0x00,0xD9,
  0xCF,0x6C,0xFF,0x28,0x00,0x00,0x00,0x08,0xF3,0xB8,0x6C,0xFF,0x28,0x00,0x01,0x1E,0xA1,0xFE,0x4B,0x6C,
  0xFF,0xFF,0xFF,0xFF,0xE8,0xBA,0x3F,0x00,0x00,0x00,0x00,0x37,0xA9,0xE5,0xF9,0xE2,0xBB,0x59,0x05,0x00,
  0x00,0x6C,0xFD,0x93,0x29,0x07,0x1E,0x7B,0xF7,0x50,0x00,0x39,0xFD,0x82,0x00,0x00,0x00,0x00,0x00,0x37,
  0x42,0x00,0xAF,0xEF,0x08,0x00,0x00,0x00,0x00,0x00,0x00,0x00,0x00,0xF1,0xB3,0x00,0x00,0x00,0x00,0x00,
  0x00,0x00,0x00,0x0F,0xFF,0x97,0x00,0x00,0x00,0x00,0x00,0x00,0x00,0x00,0x0F,0xFF,0x96,0x00,0x00,0x00,
  0x00,0x00,0x00,0x00,0x00,0x00,0xF1,0xB3,0x00,0x00,0x00,0x00,0x00,0x00,0x00,0x00,0x00,0xAF,0xEF,0x08,
  0x00,0x00,0x00,0x00,0x00,0x00,0x00,0x00,0x39,0xFD,0x7F,0x00,0x00,0x00,0x00,0x00,0x36,0x42,0x00,0x00,
  0x6D,0xFD,0x91,0x28,0x06,0x1D,0x7A,0xF7,0x50,0x00,0x00,0x00,0x38,0xAA,0xE6,0xFA,0xE3,0xBB,0x5A,0x05,
  0x6C,0xFF,0xFF,0xFF,0xF5,0xDF,0xAE,0x54,0x01,0x00,0x00,0x6C,0xFF,0x28,0x00,0x08,0x27,0x77,0xF3,0xB9,
  0x08,0x00,0x6C,0xFF,0x28,0x00,0x00,0x00,0x00,0x39,0xFB,0x91,0x00,0x6C,0xFF,0x28,0x00,0x00,0x00,0x00,
  0x00,0xAC,0xF7,0x0A,0x6C,0xFF,0x28,0x00,0x00,0x00,0x00,0x00,0x69,0xFF,0x3E,0x6C,0xFF,0x28,0x00,0x00,
  0x00,0x00,0x00,0x4F,0xFF,0x57,0x6C,0xFF,0x28,0x00,0x00,0x00,0x00,0x00,0x50,0xFF,0x56,0x6C,0xFF,0x28,
  0x00,0x00,0x00,0x00,0x00,0x6A,0xFF,0x3D,0x6C,0xFF,0x28,0x00,0x00,0x00,0x00,0x00,0xAC,0xF7,0x0A,0x6C,
  0xFF,0x28,0x00,0x00,0x00,0x00,0x38,0xFB,0x91,0x00,0x6C,0xFF,0x28,0x00,0x07,0x26,0x76,0xF3,0xB9,0x08,
  0x00,0x6C,0xFF,0xFF,0xFF,0xF6,0xE0,0xAE,0x54,0x01,0x00,0x00,0x6C,0xFF,0xFF,0xFF,0xFF,0xFF,0xFF,0xF4,
  0x00,0x6C,0xFF,0x28,0x00,0x00,0x00,0x00,0x00,0x00,0x6C,0xFF,0x28,0x00,0x00,0x00,0x00,0x00,0x00,0x6C,
  0xFF,0x28,0x00,0x00,0x00,0x00,0x00,0x00,0x6C,0xFF,0x28,0x00,0x00,0x00,0x00,0x00,0x00,0x6C,0xFF,0xFF,
  0xFF,0xFF,0xFF,0xFF,0xB4,0x00,0x6C,0xFF,0x28,0x00,0x00,0x00,0x00,0x00,0x00,0x6C,0xFF,0x28,0x00,0x00,
  0x00,0x00,0x00,0x00,0x6C,0xFF,0x28,0x00,0x00,0x00,0x00,0x00,0x00,0x6C,0xFF,0x28,0x00,0x00,0x00,0x00,
  0x00,0x00,0x6C,0xFF,0x28,0x00,0x00,0x00,0x00,0x00,0x00,0x6C,0xFF,0xFF,0xFF,0xFF,0xFF,0xFF,0xFF,0x18,
  0x6C,0xFF,0xFF,0xFF,0xFF,0xFF,0xFF,0x48,0x6C,0xFF,0x28,0x00,0x00,0x00,0x00,0x00,0x6C,0xFF,0x28,0x00,
  0x00,0x00,0x00,0x00,0x6C,0xFF,0x28,0x00,0x00,0x00,0x00,0x00,0x6C,0xFF,0x28,0x00,0x00,0x00,0x00,0x00,
  0x6C,0xFF,0xFF,0xFF,0xFF,0xFF,0xC8,0x00,0x6C,0xFF,0x28,0x00,0x00,0x00,0x00,0x00,0x6C,0xFF,0x28,0x00,
  0x00,0x00,0x00,0x00,0x6C,0xFF,0x28,0x00,0x00,0x00,0x00,0x00,0x6C,0xFF,0x28,0x00,0x00,0x00,0x00,0x00,
  0x6C,0xFF,0x28,0x00,0x00,0x00,0x00,0x00,0x6C,0xFF,0x28,0x00,0x00,0x00,0x00,0x00,0x00,0x00,0x00,0x34,
  0xA5,0xE2,0xF9,0xE8,0xCA,0x81,0x1E,0x00,0x00,0x00,0x6C,0xFC,0x96,0x2E,0x08,0x14,0x58,0xD9,0xC8,0x00,
  0x00,0x3A,0xFD,0x7F,0x00,0x00,0x00,0x00,0x00,0x08,0x7C,0x00,0x00,0xB0,0xEE,0x07,0x00,0x00,0x00,0x00,
  0x00,0x00,0x00,0x00,0x01,0xF2,0xB2,0x00,0x00,0x00,0x00,0x00,0x00,0x00,0x00,0x00,0x0F,0xFF,0x97,0x00,
  0x00,0x00,0x00,0x00,0x00,0x00,0x00,0x00,0x10,0xFF,0x96,0x00,0x00,0x00,0x0C,0xFF,0xFF,0xFF,0xFF,0x18,
  0x01,0xF2,0xB2,0x00,0x00,0x00,0x00,0x00,0x00,0x78,0xFF,0x18,0x00,0xB0,0xEE,0x07,0x00,0x00,0x00,0x00,
  0x00,0x78,0xFF,0x18,0x00,0x3A,0xFD,0x7C,0x00,0x00,0x00,0x00,0x00,0x78,0xFF,0x18,0x00,0x00,0x6C,0xFC,
  0x94,0x2C,0x07,0x10,0x3C,0xC0,0xFF,0x17,0x00,0x00,0x00,0x35,0xA6,0xE3,0xF9,0xEB,0xD0,0x97,0x36,0x00,
  0x6C,0xFF,0x28,0x00,0x00,0x00,0x00,0x1C,0xFF,0x78,0x6C,0xFF,0x28,0x00,0x00,0x00,0x00,0x1C,0xFF,0x78,
  0x6C,0xFF,0x28,0x00,0x00,0x00,0x00,0x1C,0xFF,0x78,0x6C,0xFF,0x28,0x00,0x00,0x00,0x00,0x1C,0xFF,0x78,
  0x6C,0xFF,0x28,0x00,0x00,0x00,0x00,0x1C,0xFF,0x78,0x6C,0xFF,0xFF,0xFF,0xFF,0xFF,0xFF,0xFF,0xFF,0x78,
  0x6C,0xFF,0x28,0x00,0x00,0x00,0x00,0x1C,0xFF,0x78,0x6C,0xFF,0x28,0x00,0x00,0x00,0x00,0x1C,0xFF,0x78,
  0x6C,0xFF,0x28,0x00,0x00,0x00,0x00,0x1C,0xFF,0x78,0x6C,0xFF,0x28,0x00,0x00,0x00,0x00,0x1C,0xFF,0x78,
  0x6C,0xFF,0x28,0x00,0x00,0x00,0x00,0x1C,0xFF,0x78,0x6C,0xFF,0x28,0x00,0x00,0x00,0x00,0x1C,0xFF,0x78,
  0x6C,0xFF,0x28,0x6C,0xFF,0x28,0x6C,0xFF,0x28,0x6C,0xFF,0x28,0x6C,0xFF,0x28,0x6C,0xFF,0x28,0x6C,0xFF,
  0x28,0x6C,0xFF,0x28,0x6C,0xFF,0x28,0x6C,0xFF,0x28,0x6C,0xFF,0x28,0x6C,0xFF,0x28,0x00,0x00,0x6C,0xFF,
  0x28,0x00,0x00,0x6C,0xFF,0x28,0x00,0x00,0x6C,0xFF,0x28,0x00,0x00,0x6C,0xFF,0x28,0x00,0x00,0x6C,0xFF,
  0x28,0x00,0x00,0x6C,0xFF,0x28,0x00,0x00,0x6C,0xFF,0x28,0x00,0x00,0x6C,0xFF,0x28,0x00,0x00,0x6C,0xFF,
  0x28,0x00,0x00,0x6C,0xFF,0x28,0x00,0x00,0x6C,0xFF,0x28,0x00,0x00,0x72,0xFF,0x23,0x00,0x00,0x8F,0xFD,
  0x0B,0x02,0x33,0xE8,0xB5,0x00,0xD3,0xE5,0xA0,0x14,0x00,0x6C,0xFF,0x28,0x00,0x00,0x00,0x32,0xED,0xD1,
  0x15,0x6C,0xFF,0x28,0x00,0x00,0x37,0xEF,0xCB,0x12,0x00,0x6C,0xFF,0x28,0x00,0x3D,0xF2,0xC5,0x0F,0x00,
  0x00,0x6C,0xFF,0x28,0x42,0xF4,0xBF,0x0C,0x00,0x00,0x00,0x6C,0xFF,0x70,0xF7,0xB8,0x09,0x00,0x00,0x00,
  0x00,0x6C,0xFF,0xFF,0xDC,0x07,0x00,0x00,0x00,0x00,0x00,0x6C,0xFF,0xB4,0xFF,0x80,0x00,0x00,0x00,0x00,
  0x00,0x6C,0xFF,0x29,0x9A,0xFF,0x78,0x00,0x00,0x00,0x00,0x6C,0xFF,0x28,0x01,0xA1,0xFF,0x70,0x00,0x00,
  0x00,0x6C,0xFF,0x28,0x00,0x03,0xA8,0xFF,0x68,0x00,0x00,0x6C,0xFF,0x28,0x00,0x00,0x04,0xAF,0xFE,0x61,
  0x00,0x6C,0xFF,0x28,0x00,0x00,0x00,0x06,0xB5,0xFD,0x5A,0x6C,0xFF,0x28,0x00,0x00,0x00,0x00,0x00,0x6C,
  0xFF,0x28,0x00,0x00,0x00,0x00,0x00,0x6C,0xFF,0x28,0x00,0x00,0x00,0x00,0x00,0x6C,0xFF,0x28,0x00,0x00,
  0x00,0x00,0x00,0x6C,0xFF,0x28,0x00,0x00,0x00,0x00,0x00,0x6C,0xFF,0x28,0x00,0x00,0x00,0x00,0x00,0x6C,
  0xFF,0x28,0x00,0x00,0x00,0x00,0x00,0x6C,0xFF,0x28,0x00,0x00,0x00,0x00,0x00,0x6C,0xFF,0x28,0x00,0x00,
  0x00,0x00,0x00,0x6C,0xFF,0x28,0x00,0x00,0x00,0x00,0x00,0x6C,0xFF,0x28,0x00,0x00,0x00,0x00,0x00,0x6C,
  0xFF,0xFF,0xFF,0xFF,0xFF,0xFF,0xD4,0x6C,0xFF,0xFD,0x1B,0x00,0x00,0x00,0x00,0x4A,0xFF,0xFF,0x40,0x6C,
  0xFF,0xF5,0x73,0x00,0x00,0x00,0x00,0xA4,0xF5,0xFF,0x40,0x6C,0xFF,0xA7,0xCE,0x00,0x00,0x00,0x0A,0xF4,
  0xA6,0xFF,0x40,0x6C,0xFF,0x4D,0xFF,0x29,0x00,0x00,0x5A,0xF4,0x57,0xFF,0x40,0x6C,0xFF,0x1C,0xD6,0x83,
  0x00,0x00,0xB4,0xA5,0x4C,0xFF,0x40,0x6C,0xFF,0x1C,0x7C,0xDD,0x00,0x14,0xFA,0x4B,0x4C,0xFF,0x40,0x6C,
  0xFF,0x1C,0x22,0xFF,0x39,0x6A,0xEB,0x05,0x4C,0xFF,0x40,0x6C,0xFF,0x1C,0x00,0xC7,0x94,0xC5,0x96,0x00,
  0x4C,0xFF,0x40,0x6C,0xFF,0x1C,0x00,0x6C,0xF0,0xFE,0x3B,0x00,0x4C,0xFF,0x40,0x6C,0xFF,0x1C,0x00,0x15,
  0xFB,0xE0,0x01,0x00,0x4C,0xFF,0x40,0x6C,0xFF,0x1C,0x00,0x00,0x00,0x00,0x00,0x00,0x4C,0xFF,0x40,0x6C,
  0xFF,0x1C,0x00,0x00,0x00,0x00,0x00,0x00,0x4C,0xFF,0x40,0x6C,0xFF,0xE9,0x0B,0x00,0x00,0x00,0x20,0xFF,
  0x68,0x6C,0xFF,0xFF,0x79,0x00,0x00,0x00,0x20,0xFF,0x68,0x6C,0xFF,0xBA,0xEE,0x0F,0x00,0x00,0x20,0xFF,
  0x68,0x6C,0xFF,0x3C,0xF9,0x81,0x00,0x00,0x20,0xFF,0x68,0x6C,0xFF,0x1C,0x96,0xF2,0x13,0x00,0x20,0xFF,
  0x68,0x6C,0xFF,0x1C,0x1A,0xF7,0x89,0x00,0x20,0xFF,0x68,0x6C,0xFF,0x1C,0x00,0x8E,0xF5,0x17,0x20,0xFF,
  0x68,0x6C,0xFF,0x1C,0x00,0x15,0xF4,0x91,0x20,0xFF,0x68,0x6C,0xFF,0x1C,0x00,0x00,0x86,0xF8,0x3C,0xFF,
  0x68,0x6C,0xFF,0x1C,0x00,0x00,0x11,0xF0,0xB9,0xFF,0x68,0x6C,0xFF,0x1C,0x00,0x00,0x00,0x7E,0xFF,0xFF,
  0x68,0x6C,0xFF,0x1C,0x00,0x00,0x00,0x0D,0xEC,0xFF,0x68,0x00,0x00,0x00,0x40,0xB4,0xEC,0xF9,0xDD,0x90,
  0x16,0x00,0x00,0x00,0x00,0x72,0xFD,0x86,0x1D,0x07,0x38,0xC7,0xE5,0x27,0x00,0x00,0x3A,0xFD,0x80,0x00,
  0x00,0x00,0x00,0x0B,0xE0,0xD1,0x02,0x00,0xAF,0xF0,0x09,0x00,0x00,0x00,0x00,0x00,0x6C,0xFF,0x4B,0x01,
  0xF1,0xB4,0x00,0x00,0x00,0x00,0x00,0x00,0x26,0xFF,0x8D,0x0F,0xFF,0x97,0x00,0x00,0x00,0x00,0x00,0x00,
  0x08,0xFE,0xAA,0x10,0xFF,0x96,0x00,0x00,0x00,0x00,0x00,0x00,0x08,0xFF,0xAA,0x01,0xF2,0xB4,0x00,0x00,
  0x00,0x00,0x00,0x00,0x26,0xFF,0x8D,0x00,0xB0,0xF0,0x08,0x00,0x00,0x00,0x00,0x00,0x6C,0xFF,0x4B,0x00,
  0x3C,0xFE,0x80,0x00,0x00,0x00,0x00,0x0B,0xE0,0xD2,0x02,0x00,0x00,0x76,0xFD,0x85,0x1C,0x07,0x37,0xC6,
  0xE7,0x29,0x00,0x00,0x00,0x00,0x43,0xB5,0xED,0xF9,0xDE,0x91,0x18,0x00,0x00,0x6C,0xFF,0xFF,0xFF,0xF3,
  0xD1,0x6F,0x04,0x00,0x6C,0xFF,0x28,0x00,0x10,0x73,0xFF,0x86,0x00,0x6C,0xFF,0x28,0x00,0x00,0x00,0xBF,
  0xF0,0x00,0x6C,0xFF,0x28,0x00,0x00,0x00,0x99,0xFF,0x11,0x6C,0xFF,0x28,0x00,0x00,0x00,0xBF,0xF1,0x00,
  0x6C,0xFF,0x28,0x00,0x0F,0x70,0xFF,0x88,0x00,0x6C,0xFF,0xFF,0xFF,0xF4,0xD3,0x73,0x05,0x00,0x6C,0xFF,
  0x28,0x00,0x00,0x00,0x00,0x00,0x00,0x6C,0xFF,0x28,0x00,0x00,0x00,0x00,0x00,0x00,0x6C,0xFF,0x28,0x00,
  0x00,0x00,0x00,0x00,0x00,0x6C,0xFF,0x28,0x00,0x00,0x00,0x00,0x00,0x00,0x6C,0xFF,0x28,0x00,0x00,0x00,
  0x00,0x00,0x00,0x00,0x00,0x00,0x40,0xB4,0xEC,0xF9,0xDD,0x90,0x16,0x00,0x00,0x00,0x00,0x72,0xFD,0x86,
  0x1D,0x07,0x38,0xC7,0xE5,0x27,0x00,0x00,0x3A,0xFD,0x80,0x00,0x00,0x00,0x00,0x0B,0xE0,0xD0,0x01,0x00,
  0xAF,0xF0,0x09,0x00,0x00,0x00,0x00,0x00,0x6C,0xFF,0x49,0x01,0xF1,0xB4,0x00,0x00,0x00,0x00,0x00,0x00,
  0x26,0xFF,0x8C,0x0F,0xFF,0x97,0x00,0x00,0x00,0x00,0x00,0x00,0x08,0xFE,0xA9,0x10,0xFF,0x96,0x00,0x00,
  0x00,0x00,0x00,0x00,0x08,0xFF,0xA7,0x01,0xF2,0xB4,0x00,0x00,0x00,0x00,0x00,0x00,0x26,0xFF,0x8A,0x00,
  0xB0,0xF0,0x08,0x00,0x00,0x00,0x00,0x00,0x6C,0xFF,0x46,0x00,0x3C,0xFE,0x80,0x00,0x00,0x00,0x00,0x0B,
  0xE0,0xD5,0x02,0x00,0x00,0x75,0xFD,0x85,0x1C,0x07,0x37,0xC6,0xED,0x28,0x00,0x00,0x00,0x00,0x43,0xB5,
  0xED,0xFF,0xFF,0xCF,0x17,0x00,0x00,0x00,0x00,0x00,0x00,0x00,0x00,0x00,0x9A,0xFB,0x48,0x00,0x00,0x00,
  0x00,0x00,0x00,0x00,0x00,0x00,0x04,0xB9,0xF3,0x32,0x00,0x6C,0xFF,0xFF,0xFF,0xF9,0xDA,0x7F,0x05,0x00,
  0x00,0x6C,0xFF,0x28,0x00,0x0F,0x68,0xFE,0x87,0x00,0x00,0x6C,0xFF,0x28,0x00,0x00,0x00,0xBA,0xF0,0x00,
  0x00,0x6C,0xFF,0x28,0x00,0x00,0x00,0x98,0xFF,0x12,0x00,0x6C,0xFF,0x28,0x00,0x00,0x00,0xBC,0xF6,0x03,
  0x00,0x6C,0xFF,0x28,0x00,0x0F,0x6A,0xFF,0x8A,0x00,0x00,0x6C,0xFF,0xFF,0xFF,0xFF,0xFF,0x97,0x02,0x00,
  0x00,0x6C,0xFF,0x28,0x00,0x16,0x96,0xF9,0x42,0x00,0x00,0x6C,0xFF,0x28,0x00,0x00,0x01,0xCB,0xDF,0x07,
  0x00,0x6C,0xFF,0x28,0x00,0x00,0x00,0x45,0xFF,0x6C,0x00,0x6C,0xFF,0x28,0x00,0x00,0x00,0x00,0xC6,0xE3,
  0x06,0x6C,0xFF,0x28,0x00,0x00,0x00,0x00,0x47,0xFF,0x68,0x00,0x49,0xBF,0xE9,0xF1,0xCA,0x74,0x11,0x00,
  0x62,0xFF,0x8B,0x1C,0x0B,0x53,0xE4,0x90,0x00,0xD4,0xCA,0x00,0x00,0x00,0x00,0x17,0x66,0x00,0xE4,0xB1,
  0x00,0x00,0x00,0x00,0x00,0x00,0x00,0xAC,0xF5,0x3E,0x00,0x00,0x00,0x00,0x00,0x00,0x1C,0xC5,0xFF,0xD8,
  0xA0,0x61,0x13,0x00,0x00,0x00,0x00,0x31,0x75,0xA9,0xF2,0xEF,0x4E,0x00,0x00,0x00,0x00,0x00,0x00,0x15,
  0xD1,0xF0,0x0D,0x00,0x00,0x00,0x00,0x00,0x00,0x6E,0xFF,0x37,0x86,0x05,0x00,0x00,0x00,0x00,0x88,0xFF,
  0x28,0xE4,0xCF,0x4B,0x0B,0x14,0x61,0xF6,0xBA,0x00,0x27,0x8B,0xD1,0xF4,0xF6,0xD3,0x80,0x0A,0x00,0x0C,
  0xFF,0xFF,0xFF,0xFF,0xFF,0xFF,0xFF,0xFF,0xFF,0xD4,0x00,0x00,0x00,0x00,0x00,0xE8,0xB0,0x00,0x00,0x00,
  0x00,0x00,0x00,0x00,0x00,0x00,0xE8,0xB0,0x00,0x00,0x00,0x00,0x00,0x00,0x00,0x00,0x00,0xE8,0xB0,0x00,
  0x00,0x00,0x00,0x00,0x00,0x00,0x00,0x00,0xE8,0xB0,0x00,0x00,0x00,0x00,0x00,0x00,0x00,0x00,0x00,0xE8,
  0xB0,0x00,0x00,0x00,0x00,0x00,0x00,0x00,0x00,0x00,0xE8,0xB0,0x00,0x00,0x00,0x00,0x00,0x00,0x00,0x00,
  0x00,0xE8,0xB0,0x00,0x00,0x00,0x00,0x00,0x00,0x00,0x00,0x00,0xE8,0xB0,0x00,0x00,0x00,0x00,0x00,0x00,
  0x00,0x00,0x00,0xE8,0xB0,0x00,0x00,0x00,0x00,0x00,0x00,0x00,0x00,0x00,0xE8,0xB0,0x00,0x00,0x00,0x00,
  0x00,0x00,0x00,0x00,0x00,0xE8,0xB0,0x00,0x00,0x00,0x00,0x9C,0xFC,0x00,0x00,0x00,0x00,0x00,0x44,0xFF,
  0x54,0x9C,0xFC,0x00,0x00,0x00,0x00,0x00,0x44,0xFF,0x54,0x9C,0xFC,0x00,0x00,0x00,0x00,0x00,0x44,0xFF,
  0x54,0x9C,0xFC,0x00,0x00,0x00,0x00,0x00,0x44,0xFF,0x54,0x9C,0xFC,0x00,0x00,0x00,0x00,0x00,0x44,0xFF,
  0x54,0x9C,0xFC,0x00,0x00,0x00,0x00,0x00,0x44,0xFF,0x54,0x9C,0xFC,0x00,0x00,0x00,0x00,0x00,0x44,0xFF,
  0x54,0x9A,0xFD,0x00,0x00,0x00,0x00,0x00,0x46,0xFF,0x51,0x87,0xFF,0x11,0x00,0x00,0x00,0x00,0x5A,0xFF,
  0x3E,0x4B,0xFF,0x52,0x00,0x00,0x00,0x00,0x9D,0xF4,0x0C,0x02,0xC1,0xE5,0x4C,0x0F,0x1A,0x75,0xFC,0x78,
  0x00,0x00,0x0A,0x85,0xDA,0xF9,0xF4,0xC8,0x5C,0x00,0x00,0xB1,0xEE,0x07,0x00,0x00,0x00,0x00,0x00,0x0D,
  0xF5,0xA0,0x52,0xFF,0x53,0x00,0x00,0x00,0x00,0x00,0x61,0xFF,0x41,0x06,0xEC,0xB1,0x00,0x00,0x00,0x00,
  0x00,0xBF,0xE1,0x01,0x00,0x94,0xFA,0x14,0x00,0x00,0x00,0x1E,0xFE,0x84,0x00,0x00,0x35,0xFF,0x6B,0x00,
  0x00,0x00,0x7A,0xFF,0x26,0x00,0x00,0x00,0xD5,0xC9,0x00,0x00,0x00,0xD7,0xC6,0x00,0x00,0x00,0x00,0x77,
  0xFF,0x26,0x00,0x36,0xFF,0x68,0x00,0x00,0x00,0x00,0x1B,0xFD,0x84,0x00,0x94,0xF8,0x11,0x00,0x00,0x00,
  0x00,0x00,0xB9,0xE0,0x06,0xEB,0xAA,0x00,0x00,0x00,0x00,0x00,0x00,0x5A,0xFF,0x8D,0xFF,0x4C,0x00,0x00,
  0x00,0x00,0x00,0x00,0x09,0xF1,0xFE,0xE9,0x04,0x00,0x00,0x00,0x00,0x00,0x00,0x00,0x9C,0xFF,0x8F,0x00,
  0x00,0x00,0x00,0x59,0xFF,0x3E,0x00,0x00,0x00,0x17,0xFF,0xE9,0x00,0x00,0x00,0x00,0x6B,0xFF,0x2C,0x1A,
  0xFF,0x7C,0x00,0x00,0x00,0x55,0xF5,0xFF,0x28,0x00,0x00,0x00,0xA9,0xEC,0x01,0x00,0xDD,0xBA,0x00,0x00,
  0x00,0x93,0xB3,0xDC,0x66,0x00,0x00,0x00,0xE6,0xAF,0x00,0x00,0x9E,0xF3,0x04,0x00,0x00,0xD1,0x76,0xA0,
  0xA4,0x00,0x00,0x25,0xFF,0x71,0x00,0x00,0x60,0xFF,0x36,0x00,0x10,0xFD,0x39,0x63,0xE2,0x00,0x00,0x63,
  0xFF,0x33,0x00,0x00,0x22,0xFF,0x74,0x00,0x4D,0xF6,0x06,0x26,0xFF,0x20,0x00,0xA1,0xF1,0x03,0x00,0x00,
  0x00,0xE3,0xB2,0x00,0x8B,0xBF,0x00,0x00,0xE9,0x5E,0x00,0xDF,0xB6,0x00,0x00,0x00,0x00,0xA5,0xEE,0x01,
  0xC9,0x82,0x00,0x00,0xAD,0x9C,0x1C,0xFF,0x78,0x00,0x00,0x00,0x00,0x67,0xFF,0x39,0xFB,0x45,0x00,0x00,
  0x70,0xDA,0x5B,0xFF,0x39,0x00,0x00,0x00,0x00,0x28,0xFF,0xB1,0xFC,0x0C,0x00,0x00,0x34,0xFF,0xB1,0xF5,
  0x05,0x00,0x00,0x00,0x00,0x00,0xE9,0xFE,0xCB,0x00,0x00,0x00,0x03,0xF3,0xFE,0xBD,0x00,0x00,0x00,0x00,
  0x00,0x00,0xAB,0xFF,0x8E,0x00,0x00,0x00,0x00,0xBA,0xFF,0x7F,0x00,0x00,0x00,0x00,0xAA,0xF0,0x1A,0x00,
  0x00,0x00,0x03,0xCA,0xD9,0x09,0x00,0x16,0xED,0xAF,0x00,0x00,0x00,0x78,0xFD,0x39,0x00,0x00,0x00,0x5E,
  0xFF,0x55,0x00,0x2A,0xF8,0x8B,0x00,0x00,0x00,0x00,0x00,0xB8,0xE8,0x16,0xCA,0xD8,0x08,0x00,0x00,0x00,
  0x00,0x00,0x1F,0xF3,0xE2,0xFD,0x38,0x00,0x00,0x00,0x00,0x00,0x00,0x00,0x7C,0xFF,0x99,0x00,0x00,0x00,
  0x00,0x00,0x00,0x00,0x05,0xCF,0xFF,0xDF,0x0B,0x00,0x00,0x00,0x00,0x00,0x00,0x80,0xFC,0x5E,0xF8,0x90,
  0x00,0x00,0x00,0x00,0x00,0x31,0xFA,0x87,0x00,0x7A,0xFD,0x38,0x00,0x00,0x00,0x05,0xD1,0xD5,0x07,0x00,
  0x04,0xD0,0xD4,0x06,0x00,0x00,0x83,0xFC,0x34,0x00,0x00,0x00,0x33,0xFC,0x7F,0x00,0x32,0xFB,0x85,0x00,
  0x00,0x00,0x00,0x00,0x8B,0xF9,0x2B,0x00,0xB4,0xEA,0x14,0x00,0x00,0x00,0x00,0x36,0xFC,0x7B,0x00,0x1B,
  0xF0,0xA7,0x00,0x00,0x00,0x06,0xD4,0xCE,0x04,0x00,0x00,0x64,0xFF,0x4E,0x00,0x00,0x81,0xFB,0x30,0x00,
  0x00,0x00,0x00,0xBB,0xE6,0x10,0x2D,0xFA,0x83,0x00,0x00,0x00,0x00,0x00,0x20,0xF3,0xA1,0xCB,0xD4,0x06,
  0x00,0x00,0x00,0x00,0x00,0x00,0x6C,0xFF,0xFC,0x36,0x00,0x00,0x00,0x00,0x00,0x00,0x00,0x01,0xED,0xB6,
  0x00,0x00,0x00,0x00,0x00,0x00,0x00,0x00,0x00,0xE8,0xB0,0x00,0x00,0x00,0x00,0x00,0x00,0x00,0x00,0x00,
  0xE8,0xB0,0x00,0x00,0x00,0x00,0x00,0x00,0x00,0x00,0x00,0xE8,0xB0,0x00,0x00,0x00,0x00,0x00,0x00,0x00,
  0x00,0x00,0xE8,0xB0,0x00,0x00,0x00,0x00,0x00,0x00,0x00,0x00,0x00,0xE8,0xB0,0x00,0x00,0x00,0x00,0x18,
  0xFF,0xFF,0xFF,0xFF,0xFF,0xFF,0xFF,0xFF,0xFF,0x10,0x00,0x00,0x00,0x00,0x00,0x00,0x00,0x4A,0xFE,0xD8,
  0x05,0x00,0x00,0x00,0x00,0x00,0x00,0x1E,0xED,0xF6,0x2D,0x00,0x00,0x00,0x00,0x00,0x00,0x05,0xC8,0xFF,
  0x61,0x00,0x00,0x00,0x00,0x00,0x00,0x00,0x90,0xFF,0x9E,0x00,0x00,0x00,0x00,0x00,0x00,0x00,0x52,0xFF,
  0xD2,0x09,0x00,0x00,0x00,0x00,0x00,0x00,0x23,0xF0,0xF3,0x27,0x00,0x00,0x00,0x00,0x00,0x00,0x07,0xCE,
  0xFF,0x58,0x00,0x00,0x00,0x00,0x00,0x00,0x00,0x99,0xFF,0x95,0x00,0x00,0x00,0x00,0x00,0x00,0x00,0x5B,
  0xFF,0xCC,0x07,0x00,0x00,0x00,0x00,0x00,0x00,0x21,0xF4,0xEF,0x21,0x00,0x00,0x00,0x00,0x00,0x00,0x00,
  0x48,0xFF,0xFF,0xFF,0xFF,0xFF,0xFF,0xFF,0xFF,0xFF,0x40,0xA0,0xFF,0xFF,0xB0,0xA0,0xD0,0x00,0x00,0xA0,
  0xD0,0x00,0x00,0xA0,0xD0,0x00,0x00,0xA0,0xD0,0x00,0x00,0xA0,0xD0,0x00,0x00,0xA0,0xD0,0x00,0x00,0xA0,
  0xD0,0x00,0x00,0xA0,0xD0,0x00,0x00,0xA0,0xD0,0x00,0x00,0xA0,0xD0,0x00,0x00,0xA0,0xD0,0x00,0x00,0xA0,
  0xD0,0x00,0x00,0xA0,0xFF,0xFF,0xB0,0xD8,0x7B,0x00,0x00,0x00,0x00,0x89,0xCB,0x00,0x00,0x00,0x00,0x39,
  0xFF,0x1C,0x00,0x00,0x00,0x01,0xE6,0x6B,0x00,0x00,0x00,0x00,0x99,0xBB,0x00,0x00,0x00,0x00,0x49,0xFA,
  0x10,0x00,0x00,0x00,0x06,0xF1,0x5B,0x00,0x00,0x00,0x00,0xA9,0xAB,0x00,0x00,0x00,0x00,0x59,0xF3,0x07,
  0x00,0x00,0x00,0x0E,0xF9,0x4B,0x00,0x00,0x00,0x00,0xB9,0x9B,0x00,0x00,0x00,0x00,0x69,0xE9,0x02,0x00,
  0x00,0x00,0x1A,0xFE,0x3B,0x70,0xFF,0xFF,0xE0,0x00,0x00,0x94,0xE0,0x00,0x00,0x94,0xE0,0x00,0x00,0x94,
  0xE0,0x00,0x00,0x94,0xE0,0x00,0x00,0x94,0xE0,0x00,0x00,0x94,0xE0,0x00,0x00,0x94,0xE0,0x00,0x00,0x94,
  0xE0,0x00,0x00,0x94,0xE0,0x00,0x00,0x94,0xE0,0x00,0x00,0x94,0xE0,0x00,0x00,0x94,0xE0,0x70,0xFF,0xFF,
  0xE0,0x00,0x00,0x00,0x01,0x92,0xFF,0xDF,0x23,0x00,0x00,0x00,0x00,0x00,0x03,0xA0,0xF5,0x65,0xC8,0xE6,
  0x2B,0x00,0x00,0x00,0x06,0xAD,0xE2,0x31,0x00,0x08,0xA4,0xEC,0x34,0x00,0x0A,0xB9,0xC7,0x17,0x00,0x00,
  0x00,0x00,0x79,0xEF,0x3E,0x28,0xFF,0xFF,0xFF,0xFF,0xFF,0xFF,0xFF,0xFF,0x28,0x44,0xF8,0x40,0x00,0x00,
  0x00,0x66,0xE4,0x14,0x00,0x00,0x00,0x8D,0xB4,0x01,0x00,0x64,0xFF,0xFF,0xFD,0xE1,0xA2,0x1D,0x00,0x00,
  0x00,0x00,0x00,0x04,0x2B,0xBB,0xD1,0x04,0x00,0x00,0x00,0x00,0x00,0x00,0x26,0xFF,0x35,0x00,0x07,0x79,
  0xD5,0xF3,0xFF,0xFF,0xFF,0x57,0x00,0x93,0xEC,0x4A,0x0F,0x01,0x1B,0xFF,0x5C,0x00,0xEB,0x81,0x00,0x00,
  0x00,0x39,0xFF,0x5C,0x01,0xF5,0x7A,0x00,0x00,0x00,0x92,0xFF,0x5C,0x00,0xAD,0xE1,0x30,0x10,0x6A,0xAB,
  0xFF,0x5C,0x00,0x15,0xA8,0xEF,0xED,0x96,0x1B,0xFF,0x5C,0x8C,0xE8,0x00,0x00,0x00,0x00,0x00,0x00,0x00,
  0x8C,0xE8,0x00,0x00,0x00,0x00,0x00,0x00,0x00,0x8C,0xE8,0x00,0x00,0x00,0x00,0x00,0x00,0x00,0x8C,0xE8,
  0x1A,0xB7,0xF5,0xE1,0x71,0x00,0x00,0x8C,0xE9,0xAD,0x3C,0x10,0x65,0xFB,0x65,0x00,0x8C,0xFF,0x4F,0x00,
  0x00,0x00,0x9C,0xE5,0x04,0x8C,0xFE,0x06,0x00,0x00,0x00,0x51,0xFF,0x24,0x8C,0xEF,0x00,0x00,0x00,0x00,
  0x3B,0xFF,0x3F,0x8C,0xFE,0x06,0x00,0x00,0x00,0x51,0xFF,0x24,0x8C,0xFF,0x4E,0x00,0x00,0x00,0x9B,0xE6,
  0x04,0x8C,0xEA,0xAC,0x3B,0x0F,0x63,0xFA,0x67,0x00,0x8C,0xE8,0x1C,0xB9,0xF6,0xE3,0x73,0x00,0x00,0x00,
  0x00,0x2D,0xAE,0xEC,0xF2,0xBA,0x33,0x00,0x32,0xF5,0xAE,0x29,0x0D,0x44,0x9C,0x00,0xBD,0xDA,0x04,0x00,
  0x00,0x00,0x00,0x07,0xFB,0x88,0x00,0x00,0x00,0x00,0x00,0x17,0xFF,0x70,0x00,0x00,0x00,0x00,0x00,0x07,
  0xFB,0x88,0x00,0x00,0x00,0x00,0x00,0x00,0xBD,0xDA,0x04,0x00,0x00,0x00,0x00,0x00,0x32,0xF5,0xAE,0x28,
  0x0D,0x43,0x9B,0x00,0x00,0x2F,0xB2,0xF0,0xF0,0xB8,0x32,0x00,0x00,0x00,0x00,0x00,0x00,0x00,0xBC,0xB4,
  0x00,0x00,0x00,0x00,0x00,0x00,0x00,0xBC,0xB4,0x00,0x00,0x00,0x00,0x00,0x00,0x00,0xBC,0xB4,0x00,0x00,
  0x54,0xD7,0xF7,0xC8,0x31,0xBC,0xB4,0x00,0x3F,0xFE,0x83,0x14,0x2B,0xB4,0xCB,0xB4,0x00,0xC0,0xC5,0x00,
  0x00,0x00,0x25,0xFE,0xB4,0x01,0xF8,0x7C,0x00,0x00,0x00,0x00,0xD9,0xB4,0x13,0xFF,0x66,0x00,0x00,0x00,
  0x00,0xC3,0xB4,0x01,0xF8,0x7B,0x00,0x00,0x00,0x00,0xD9,0xB4,0x00,0xC1,0xC3,0x00,0x00,0x00,0x25,0xFD,
  0xB4,0x00,0x41,0xFE,0x81,0x14,0x29,0xB2,0xCB,0xB4,0x00,0x00,0x56,0xD8,0xF8,0xCB,0x33,0xBC,0xB4,0x00,
  0x00,0x2D,0xB1,0xEF,0xF7,0xC6,0x3E,0x00,0x00,0x2F,0xF4,0xA6,0x22,0x12,0x7E,0xF9,0x33,0x00,0xB9,0xD6,
  0x04,0x00,0x00,0x00,0xC1,0xB0,0x06,0xFA,0x8A,0x00,0x00,0x00,0x00,0x82,0xEC,0x17,0xFF,0xFF,0xFF,0xFF,
  0xFF,0xFF,0xFF,0xFE,0x08,0xFC,0x7E,0x00,0x00,0x00,0x00,0x00,0x00,0x00,0xBC,0xCD,0x03,0x00,0x00,0x00,
  0x00,0x00,0x00,0x2F,0xF3,0xA8,0x29,0x09,0x27,0x70,0x8D,0x00,0x00,0x28,0xA8,0xEA,0xF7,0xD7,0x8C,0x1A,
  0x00,0x00,0x5F,0xDA,0xFA,0xF0,0x00,0x17,0xFB,0x71,0x04,0x00,0x00,0x3C,0xFF,0x31,0x00,0x00,0xA0,0xFF,
  0xFF,0xFF,0xFF,0x90,0x00,0x40,0xFF,0x30,0x00,0x00,0x00,0x40,0xFF,0x30,0x00,0x00,0x00,0x40,0xFF,0x30,
  0x00,0x00,0x00,0x40,0xFF,0x30,0x00,0x00,0x00,0x40,0xFF,0x30,0x00,0x00,0x00,0x40,0xFF,0x30,0x00,0x00,
  0x00,0x40,0xFF,0x30,0x00,0x00,0x00,0x40,0xFF,0x30,0x00,0x00,0x00,0x00,0x56,0xD7,0xF7,0xC8,0x31,0xBC,
  0xB4,0x00,0x41,0xFE,0x80,0x14,0x29,0xB0,0xCB,0xB4,0x00,0xC1,0xC3,0x00,0x00,0x00,0x22,0xFD,0xB4,0x01,
  0xF8,0x7B,0x00,0x00,0x00,0x00,0xD7,0xB4,0x13,0xFF,0x66,0x00,0x00,0x00,0x00,0xC3,0xB4,0x01,0xF8,0x7B,
  0x00,0x00,0x00,0x00,0xD7,0xB4,0x00,0xC1,0xC1,0x00,0x00,0x00,0x21,0xFD,0xB4,0x00,0x41,0xFE,0x7E,0x13,
  0x28,0xAE,0xCB,0xB4,0x00,0x00,0x57,0xD8,0xF8,0xC9,0x31,0xC5,0xAC,0x00,0x00,0x00,0x00,0x00,0x00,0x0B,
  0xEE,0x86,0x00,0x0F,0x9E,0x2E,0x09,0x2A,0xB0,0xF5,0x23,0x00,0x00,0x5F,0xCC,0xF5,0xF0,0xB8,0x37,0x00,
  0x8C,0xE8,0x00,0x00,0x00,0x00,0x00,0x00,0x8C,0xE8,0x00,0x00,0x00,0x00,0x00,0x00,0x8C,0xE8,0x00,0x00,
  0x00,0x00,0x00,0x00,0x8C,0xE8,0x14,0xAF,0xF4,0xE4,0x6E,0x00,0x8C,0xE9,0xA4,0x3D,0x0F,0x76,0xFF,0x39,
  0x8C,0xFF,0x49,0x00,0x00,0x00,0xDE,0x99,0x8C,0xFC,0x04,0x00,0x00,0x00,0xB5,0xB9,0x8C,0xE9,0x00,0x00,
  0x00,0x00,0xA8,0xC8,0x8C,0xE8,0x00,0x00,0x00,0x00,0xA8,0xC8,0x8C,0xE8,0x00,0x00,0x00,0x00,0xA8,0xC8,
  0x8C,0xE8,0x00,0x00,0x00,0x00,0xA8,0xC8,0x8C,0xE8,0x00,0x00,0x00,0x00,0xA8,0xC8,0x7C,0xF4,0x7C,0xF4,
  0x00,0x00,0x7C,0xF4,0x7C,0xF4,0x7C,0xF4,0x7C,0xF4,0x7C,0xF4,0x7C,0xF4,0x7C,0xF4,0x7C,0xF4,0x7C,0xF4,
  0x00,0x00,0x7C,0xF4,0x00,0x00,0x7C,0xF4,0x00,0x00,0x00,0x00,0x00,0x00,0x7C,0xF4,0x00,0x00,0x7C,0xF4,
  0x00,0x00,0x7C,0xF4,0x00,0x00,0x7C,0xF4,0x00,0x00,0x7C,0xF4,0x00,0x00,0x7C,0xF4,0x00,0x00,0x7C,0xF4,
  0x00,0x00,0x7C,0xF4,0x00,0x00,0x7C,0xF4,0x00,0x00,0x85,0xE5,0x00,0x11,0xC6,0xB2,0x4C,0xF6,0xC2,0x25,
  0x8C,0xE8,0x00,0x00,0x00,0x00,0x00,0x00,0x00,0x8C,0xE8,0x00,0x00,0x00,0x00,0x00,0x00,0x00,0x8C,0xE8,
  0x00,0x00,0x00,0x00,0x00,0x00,0x00,0x8C,0xE8,0x00,0x00,0x00,0x5E,0xFA,0x7C,0x00,0x8C,0xE8,0x00,0x00,
  0x76,0xFB,0x63,0x00,0x00,0x8C,0xE8,0x01,0x8F,0xF6,0x4E,0x00,0x00,0x00,0x8C,0xEB,0xA7,0xEE,0x3C,0x00,
  0x00,0x00,0x00,0x8C,0xF7,0xF4,0xB6,0x04,0x00,0x00,0x00,0x00,0x8C,0xE8,0x3E,0xF3,0xAC,0x04,0x00,0x00,
  0x00,0x8C,0xE8,0x00,0x3C,0xF3,0xAD,0x05,0x00,0x00,0x8C,0xE8,0x00,0x00,0x3A,0xF2,0xAF,0x05,0x00,0x8C,
  0xE8,0x00,0x00,0x00,0x38,0xF1,0xB0,0x06,0x7C,0xF4,0x7C,0xF4,0x7C,0xF4,0x7C,0xF4,0x7C,0xF4,0x7C,0xF4,
  0x7C,0xF4,0x7C,0xF4,0x7C,0xF4,0x7C,0xF4,0x7C,0xF4,0x7C,0xF4,0x8C,0xE8,0x17,0xB4,0xF4,0xD5,0x3D,0x00,
  0x4B,0xD4,0xF7,0xBE,0x1B,0x00,0x8C,0xE9,0xA3,0x36,0x11,0x99,0xEE,0x43,0x9D,0x1B,0x24,0xDA,0xAF,0x00,
  0x8C,0xFF,0x44,0x00,0x00,0x14,0xFE,0xDB,0x06,0x00,0x00,0x6A,0xFD,0x0F,0x8C,0xFC,0x03,0x00,0x00,0x00,
  0xEC,0xA8,0x00,0x00,0x00,0x44,0xFF,0x2D,0x8C,0xE9,0x00,0x00,0x00,0x00,0xE0,0x91,0x00,0x00,0x00,0x38,
  0xFF,0x3C,0x8C,0xE8,0x00,0x00,0x00,0x00,0xE0,0x90,0x00,0x00,0x00,0x38,0xFF,0x3C,0x8C,0xE8,0x00,0x00,
  0x00,0x00,0xE0,0x90,0x00,0x00,0x00,0x38,0xFF,0x3C,0x8C,0xE8,0x00,0x00,0x00,0x00,0xE0,0x90,0x00,0x00,
  0x00,0x38,0xFF,0x3C,0x8C,0xE8,0x00,0x00,0x00,0x00,0xE0,0x90,0x00,0x00,0x00,0x38,0xFF,0x3C,0x8C,0xE8,
  0x14,0xAF,0xF4,0xE4,0x6E,0x00,0x8C,0xE9,0xA4,0x3D,0x0F,0x76,0xFF,0x39,0x8C,0xFF,0x49,0x00,0x00,0x00,
  0xDE,0x99,0x8C,0xFC,0x04,0x00,0x00,0x00,0xB5,0xB9,0x8C,0xE9,0x00,0x00,0x00,0x00,0xA8,0xC8,0x8C,0xE8,
  0x00,0x00,0x00,0x00,0xA8,0xC8,0x8C,0xE8,0x00,0x00,0x00,0x00,0xA8,0xC8,0x8C,0xE8,0x00,0x00,0x00,0x00,
  0xA8,0xC8,0x8C,0xE8,0x00,0x00,0x00,0x00,0xA8,0xC8,0x00,0x00,0x43,0xC4,0xF6,0xF1,0xB2,0x28,0x00,0x00,
  0x43,0xFC,0x91,0x18,0x24,0xBB,0xED,0x1E,0x00,0xC7,0xD1,0x00,0x00,0x00,0x13,0xF5,0x94,0x08,0xFD,0x85,
  0x00,0x00,0x00,0x00,0xBA,0xD4,0x18,0xFF,0x6F,0x00,0x00,0x00,0x00,0xA3,0xE7,0x08,0xFD,0x84,0x00,0x00,
  0x00,0x00,0xB9,0xD4,0x00,0xC7,0xCF,0x00,0x00,0x00,0x12,0xF4,0x95,0x00,0x45,0xFC,0x8F,0x17,0x22,0xB9,
  0xEF,0x1F,0x00,0x00,0x45,0xC5,0xF7,0xF2,0xB3,0x2A,0x00,0x8C,0xE8,0x1A,0xB7,0xF5,0xE1,0x71,0x00,0x00,
  0x8C,0xE9,0xAD,0x3C,0x10,0x65,0xFB,0x65,0x00,0x8C,0xFF,0x4F,0x00,0x00,0x00,0x9C,0xE5,0x04,0x8C,0xFE,
  0x06,0x00,0x00,0x00,0x51,0xFF,0x24,0x8C,0xEF,0x00,0x00,0x00,0x00,0x3B,0xFF,0x3F,0x8C,0xFE,0x06,0x00,
  0x00,0x00,0x51,0xFF,0x24,0x8C,0xFF,0x4E,0x00,0x00,0x00,0x9B,0xE6,0x04,0x8C,0xEA,0xAC,0x3B,0x0F,0x63,
  0xFA,0x67,0x00,0x8C,0xE8,0x1C,0xB9,0xF6,0xE3,0x73,0x00,0x00,0x8C,0xE8,0x00,0x00,0x00,0x00,0x00,0x00,
  0x00,0x8C,0xE8,0x00,0x00,0x00,0x00,0x00,0x00,0x00,0x8C,0xE8,0x00,0x00,0x00,0x00,0x00,0x00,0x00,0x00,
  0x00,0x54,0xD7,0xF7,0xC8,0x31,0xBC,0xB4,0x00,0x3F,0xFE,0x83,0x14,0x2B,0xB4,0xCB,0xB4,0x00,0xC0,0xC5,
  0x00,0x00,0x00,0x25,0xFE,0xB4,0x01,0xF8,0x7C,0x00,0x00,0x00,0x00,0xD9,0xB4,0x13,0xFF,0x66,0x00,0x00,
  0x00,0x00,0xC3,0xB4,0x01,0xF8,0x7B,0x00,0x00,0x00,0x00,0xD9,0xB4,0x00,0xC1,0xC3,0x00,0x00,0x00,0x25,
  0xFD,0xB4,0x00,0x41,0xFE,0x81,0x14,0x29,0xB2,0xCB,0xB4,0x00,0x00,0x56,0xD8,0xF8,0xCB,0x33,0xBC,0xB4,
  0x00,0x00,0x00,0x00,0x00,0x00,0x00,0xBC,0xB4,0x00,0x00,0x00,0x00,0x00,0x00,0x00,0xBC,0xB4,0x00,0x00,
  0x00,0x00,0x00,0x00,0x00,0xBC,0xB4,0x8C,0xE8,0x18,0xB1,0xF3,0x94,0x8C,0xE9,0xAB,0x3D,0x05,0x00,0x8C,
  0xFF,0x4F,0x00,0x00,0x00,0x8C,0xFE,0x07,0x00,0x00,0x00,0x8C,0xED,0x00,0x00,0x00,0x00,0x8C,0xE8,0x00,
  0x00,0x00,0x00,0x8C,0xE8,0x00,0x00,0x00,0x00,0x8C,0xE8,0x00,0x00,0x00,0x00,0x8C,0xE8,0x00,0x00,0x00,
  0x00,0x00,0x1D,0xA6,0xE7,0xF3,0xCA,0x57,0x00,0x00,0xC7,0xBC,0x23,0x09,0x32,0xA6,0x17,0x05,0xFE,0x61,
  0x00,0x00,0x00,0x00,0x00,0x00,0xD7,0xDA,0x57,0x10,0x00,0x00,0x00,0x00,0x27,0xB4,0xF9,0xFD,0xC7,0x58,
  0x00,0x00,0x00,0x00,0x0A,0x46,0xAC,0xFF,0x4B,0x00,0x00,0x00,0x00,0x00,0x02,0xF8,0x82,0x1E,0xB2,0x44,
  0x13,0x0D,0x68,0xFE,0x41,0x00,0x4B,0xB8,0xEC,0xF1,0xC7,0x52,0x00,0x00,0x84,0xF0,0x00,0x00,0x00,0x00,
  0x84,0xF0,0x00,0x00,0x00,0x90,0xFF,0xFF,0xFF,0xFF,0xE4,0x00,0x84,0xF0,0x00,0x00,0x00,0x00,0x84,0xF0,
  0x00,0x00,0x00,0x00,0x84,0xF0,0x00,0x00,0x00,0x00,0x84,0xF0,0x00,0x00,0x00,0x00,0x84,0xF0,0x00,0x00,
  0x00,0x00,0x7A,0xF6,0x00,0x00,0x00,0x00,0x51,0xFF,0x41,0x02,0x00,0x00,0x02,0x9D,0xEE,0xFF,0xE4,0xA4,
  0xCC,0x00,0x00,0x00,0x00,0xC0,0xB0,0xA4,0xCC,0x00,0x00,0x00,0x00,0xC0,0xB0,0xA4,0xCC,0x00,0x00,0x00,
  0x00,0xC0,0xB0,0xA4,0xCC,0x00,0x00,0x00,0x00,0xC0,0xB0,0xA4,0xCC,0x00,0x00,0x00,0x00,0xC1,0xB0,0x96,
  0xD8,0x00,0x00,0x00,0x00,0xDA,0xB0,0x75,0xF6,0x0B,0x00,0x00,0x24,0xFC,0xB0,0x1C,0xFA,0x92,0x10,0x2D,
  0xAC,0xCC,0xB0,0x00,0x53,0xDB,0xF8,0xC2,0x27,0xC0,0xB0,0x56,0xFF,0x2E,0x00,0x00,0x00,0x00,0xB7,0xD0,
  0x08,0xF0,0x8A,0x00,0x00,0x00,0x17,0xFB,0x73,0x00,0x9B,0xE4,0x02,0x00,0x00,0x70,0xFC,0x19,0x00,0x3E,
  0xFF,0x44,0x00,0x00,0xCD,0xB8,0x00,0x00,0x01,0xDF,0xA1,0x00,0x29,0xFF,0x5B,0x00,0x00,0x00,0x83,0xF3,
  0x0A,0x86,0xF3,0x0A,0x00,0x00,0x00,0x26,0xFF,0x5C,0xE1,0xA0,0x00,0x00,0x00,0x00,0x00,0xC8,0xE4,0xFF,
  0x43,0x00,0x00,0x00,0x00,0x00,0x6B,0xFF,0xE4,0x02,0x00,0x00,0x34,0xFF,0x3C,0x00,0x00,0x6D,0xFF,0x84,
  0x00,0x00,0x25,0xFF,0x4A,0x02,0xEF,0x7E,0x00,0x00,0xAF,0xF6,0xC6,0x00,0x00,0x67,0xFC,0x0D,0x00,0xB1,
  0xBF,0x00,0x02,0xEE,0x8D,0xFB,0x0C,0x00,0xA8,0xC8,0x00,0x00,0x70,0xF8,0x08,0x32,0xFE,0x17,0xF4,0x49,
  0x00,0xE8,0x86,0x00,0x00,0x2E,0xFF,0x42,0x73,0xCF,0x00,0xB8,0x8A,0x2B,0xFF,0x45,0x00,0x00,0x01,0xEB,
  0x84,0xB5,0x8D,0x00,0x76,0xCC,0x6D,0xF9,0x0A,0x00,0x00,0x00,0xAC,0xC9,0xF2,0x4B,0x00,0x34,0xFD,0xBE,
  0xC2,0x00,0x00,0x00,0x00,0x6A,0xFF,0xFC,0x0E,0x00,0x02,0xEF,0xFF,0x81,0x00,0x00,0x00,0x00,0x29,0xFF,
  0xC8,0x00,0x00,0x00,0xB1,0xFF,0x40,0x00,0x00,0x0B,0xD8,0xCA,0x05,0x00,0x00,0x46,0xFE,0x6B,0x00,0x31,
  0xF9,0x88,0x00,0x16,0xE8,0xB2,0x00,0x00,0x00,0x71,0xFE,0x44,0xB8,0xE5,0x14,0x00,0x00,0x00,0x01,0xB6,
  0xF8,0xFE,0x43,0x00,0x00,0x00,0x00,0x00,0x59,0xFF,0xCF,0x00,0x00,0x00,0x00,0x00,0x18,0xE9,0xCD,0xFE,
  0x6F,0x00,0x00,0x00,0x01,0xB9,0xE3,0x12,0x8E,0xF8,0x2E,0x00,0x00,0x73,0xFD,0x3F,0x00,0x06,0xCE,0xD5,
  0x09,0x31,0xF9,0x84,0x00,0x00,0x00,0x27,0xF5,0x97,0x51,0xFF,0x31,0x00,0x00,0x00,0x00,0xBA,0xCC,0x04,
  0xE6,0x94,0x00,0x00,0x00,0x1F,0xFD,0x67,0x00,0x84,0xEF,0x08,0x00,0x00,0x81,0xF3,0x0D,0x00,0x1F,0xFD,
  0x5B,0x00,0x02,0xE1,0x9B,0x00,0x00,0x00,0xB7,0xBE,0x00,0x47,0xFF,0x36,0x00,0x00,0x00,0x50,0xFE,0x23,
  0xAB,0xD0,0x00,0x00,0x00,0x00,0x04,0xE5,0x99,0xF9,0x6A,0x00,0x00,0x00,0x00,0x00,0x83,0xFF,0xF5,0x0F,
  0x00,0x00,0x00,0x00,0x00,0x20,0xFF,0x9F,0x00,0x00,0x00,0x00,0x00,0x00,0x41,0xFF,0x38,0x00,0x00,0x00,
  0x00,0x00,0x13,0xC7,0xC1,0x00,0x00,0x00,0x00,0x00,0xBC,0xFA,0xC6,0x22,0x00,0x00,0x00,0x00,0x1C,0xFF,
  0xFF,0xFF,0xFF,0xFF,0xFF,0xB8,0x00,0x00,0x00,0x00,0x00,0x51,0xFE,0x8F,0x00,0x00,0x00,0x00,0x2D,0xF3,
  0xC6,0x06,0x00,0x00,0x00,0x13,0xDE,0xE3,0x18,0x00,0x00,0x00,0x04,0xBE,0xF6,0x33,0x00,0x00,0x00,0x00,
  0x94,0xFF,0x5A,0x00,0x00,0x00,0x00,0x64,0xFF,0x88,0x00,0x00,0x00,0x00,0x2D,0xF9,0xB6,0x02,0x00,0x00,
  0x00,0x00,0x50,0xFF,0xFF,0xFF,0xFF,0xFF,0xFF,0xB8,0x00,0x00,0x09,0xA1,0xE9,0xFD,0x30,0x00,0x00,0x64,
  0xFE,0x42,0x05,0x00,0x00,0x00,0x8B,0xE8,0x00,0x00,0x00,0x00,0x00,0x90,0xE0,0x00,0x00,0x00,0x00,0x00,
  0x90,0xDF,0x00,0x00,0x00,0x00,0x00,0xA2,0xD3,0x00,0x00,0x00,0x04,0x33,0xEC,0x93,0x00,0x00,0x00,0xFF,
  0xFF,0xCE,0x0E,0x00,0x00,0x00,0x04,0x31,0xE8,0x91,0x00,0x00,0x00,0x00,0x00,0x9D,0xD3,0x00,0x00,0x00,
  0x00,0x00,0x90,0xDF,0x00,0x00,0x00,0x00,0x00,0x90,0xE0,0x00,0x00,0x00,0x00,0x00,0x8B,0xE8,0x00,0x00,
  0x00,0x00,0x00,0x65,0xFE,0x42,0x05,0x00,0x00,0x00,0x0A,0xA4,0xEA,0xFD,0x30,0xF8,0x5C,0xF8,0x5C,0xF8,
  0x5C,0xF8,0x5C,0xF8,0x5C,0xF8,0x5C,0xF8,0x5C,0xF8,0x5C,0xF8,0x5C,0xF8,0x5C,0xF8,0x5C,0xF8,0x5C,0xF8,
  0x5C,0xF8,0x5C,0xF8,0x5C,0xF8,0x5C,0xFE,0xEF,0xB7,0x1C,0x00,0x00,0x00,0x02,0x28,0xED,0x93,0x00,0x00,
  0x00,0x00,0x00,0xB9,0xBA,0x00,0x00,0x00,0x00,0x00,0xB0,0xC0,0x00,0x00,0x00,0x00,0x00,0xAF,0xC0,0x00,
  0x00,0x00,0x00,0x00,0xA4,0xD2,0x00,0x00,0x00,0x00,0x00,0x67,0xFE,0x4F,0x07,0x00,0x00,0x00,0x01,0xAD,
  0xFF,0xFF,0x30,0x00,0x00,0x65,0xFC,0x49,0x07,0x00,0x00,0x00,0xA4,0xCD,0x00,0x00,0x00,0x00,0x00,0xAF,
  0xC0,0x00,0x00,0x00,0x00,0x00,0xB0,0xC0,0x00,0x00,0x00,0x00,0x00,0xB8,0xBA,0x00,0x00,0x00,0x02,0x27,
  0xEC,0x94,0x00,0x00,0x00,0xFE,0xF1,0xBA,0x1E,0x00,0x00,0x00,0x00,0x00,0x00,0x00,0x00,0x00,0x00,0x00,
  0x00,0x00,0x06,0x06,0x70,0xCD,0xF4,0xE3,0x9D,0x4A,0x0E,0x14,0x6B,0xA5,0x4C,0xAF,0x31,0x08,0x2B,0x79,
  0xCA,0xF6,0xE1,0xA2,0x26,0x0A,0x00,0x00,0x00,0x00,0x00,0x00,0x00,0x00,0x00,0x00,0x00,0x00,0x00,0x1B,
  0xE2,0x65,0x00,0x00,0x00,0x00,0x00,0x00,0x00,0x00,0x00,0x29,0xE5,0x31,0x00,0x00,0x00,0x00,0x00,0x00,
  0x00,0x00,0x00,0x00,0x00,0x00,0x00,0x00,0x00,0x00,0x00,0x00,0x00,0x9C,0xFF,0x8E,0x00,0x00,0x00,0x00,
  0x00,0x00,0x00,0x09,0xF1,0xF7,0xE9,0x04,0x00,0x00,0x00,0x00,0x00,0x00,0x5A,0xFF,0x72,0xFF,0x4C,0x00,
  0x00,0x00,0x00,0x00,0x00,0xB9,0xDA,0x02,0xE7,0xAA,0x00,0x00,0x00,0x00,0x00,0x1A,0xFD,0x83,0x00,0x92,
  0xF8,0x11,0x00,0x00,0x00,0x00,0x77,0xFF,0x2C,0x00,0x3B,0xFF,0x68,0x00,0x00,0x00,0x00,0xD5,0xD5,0x00,
  0x00,0x01,0xE2,0xC6,0x00,0x00,0x00,0x35,0xFF,0x7F,0x00,0x00,0x00,0x8C,0xFF,0x26,0x00,0x00,0x94,0xFF,
  0xFF,0xFF,0xFF,0xFF,0xFF,0xFF,0x84,0x00,0x06,0xEC,0xAE,0x00,0x00,0x00,0x00,0x00,0xB7,0xE1,0x01,0x52,
  0xFF,0x53,0x00,0x00,0x00,0x00,0x00,0x5C,0xFF,0x41,0xB1,0xF1,0x08,0x00,0x00,0x00,0x00,0x00,0x0C,0xF5,
  0xA0,0x00,0x00,0x00,0x00,0x00,0x7F,0xD4,0x10,0x00,0x00,0x00,0x00,0x00,0x00,0x00,0x44,0xE2,0x1D,0x00,
  0x00,0x00,0x00,0x00,0x00,0x00,0x00,0x00,0x00,0x00,0x00,0x00,0x00,0x00,0x00,0x00,0x00,0x00,0x9C,0xFF,
  0x8E,0x00,0x00,0x00,0x00,0x00,0x00,0x00,0x09,0xF1,0xF7,0xE9,0x04,0x00,0x00,0x00,0x00,0x00,0x00,0x5A,
  0xFF,0x72,0xFF,0x4C,0x00,0x00,0x00,0x00,0x00,0x00,0xB9,0xDA,0x02,0xE7,0xAA,0x00,0x00,0x00,0x00,0x00,
  0x1A,0xFD,0x83,0x00,0x92,0xF8,0x11,0x00,0x00,0x00,0x00,0x77,0xFF,0x2C,0x00,0x3B,0xFF,0x68,0x00,0x00,
  0x00,0x00,0xD5,0xD5,0x00,0x00,0x01,0xE2,0xC6,0x00,0x00,0x00,0x35,0xFF,0x7F,0x00,0x00,0x00,0x8C,0xFF,
  0x26,0x00,0x00,0x94,0xFF,0xFF,0xFF,0xFF,0xFF,0xFF,0xFF,0x84,0x00,0x06,0xEC,0xAE,0x00,0x00,0x00,0x00,
  0x00,0xB7,0xE1,0x01,0x52,0xFF,0x53,0x00,0x00,0x00,0x00,0x00,0x5C,0xFF,0x41,0xB1,0xF1,0x08,0x00,0x00,
  0x00,0x00,0x00,0x0C,0xF5,0xA0,0x00,0x00,0x00,0x01,0xAC,0xE2,0x9C,0x00,0x00,0x00,0x00,0x00,0x00,0x00,
  0x82,0xA5,0x07,0xB2,0x6E,0x00,0x00,0x00,0x00,0x00,0x00,0x00,0x00,0x00,0x00,0x00,0x00,0x00,0x00,0x00,
  0x00,0x00,0x00,0x9C,0xFF,0x8E,0x00,0x00,0x00,0x00,0x00,0x00,0x00,0x09,0xF1,0xF7,0xE9,0x04,0x00,0x00,
  0x00,0x00,0x00,0x00,0x5A,0xFF,0x72,0xFF,0x4C,0x00,0x00,0x00,0x00,0x00,0x00,0xB9,0xDA,0x02,0xE7,0xAA,
  0x00,0x00,0x00,0x00,0x00,0x1A,0xFD,0x83,0x00,0x92,0xF8,0x11,0x00,0x00,0x00,0x00,0x77,0xFF,0x2C,0x00,
  0x3B,0xFF,0x68,0x00,0x00,0x00,0x00,0xD5,0xD5,0x00,0x00,0x01,0xE2,0xC6,0x00,0x00,0x00,0x35,0xFF,0x7F,
  0x00,0x00,0x00,0x8C,0xFF,0x26,0x00,0x00,0x94,0xFF,0xFF,0xFF,0xFF,0xFF,0xFF,0xFF,0x84,0x00,0x06,0xEC,
  0xAE,0x00,0x00,0x00,0x00,0x00,0xB7,0xE1,0x01,0x52,0xFF,0x53,0x00,0x00,0x00,0x00,0x00,0x5C,0xFF,0x41,
  0xB1,0xF1,0x08,0x00,0x00,0x00,0x00,0x00,0x0C,0xF5,0xA0,0x00,0x00,0x00,0x90,0xF3,0x8B,0x22,0xF3,0x01,
  0x00,0x00,0x00,0x00,0x0C,0xF1,0x1E,0x98,0xF3,0x7F,0x00,0x00,0x00,0x00,0x00,0x00,0x00,0x00,0x00,0x00,
  0x00,0x00,0x00,0x00,0x00,0x00,0x00,0x00,0x9C,0xFF,0x8E,0x00,0x00,0x00,0x00,0x00,0x00,0x00,0x09,0xF1,
  0xF7,0xE9,0x04,0x00,0x00,0x00,0x00,0x00,0x00,0x5A,0xFF,0x72,0xFF,0x4C,0x00,0x00,0x00,0x00,0x00,0x00,
  0xB9,0xDA,0x02,0xE7,0xAA,0x00,0x00,0x00,0x00,0x00,0x1A,0xFD,0x83,0x00,0x92,0xF8,0x11,0x00,0x00,0x00,
  0x00,0x77,0xFF,0x2C,0x00,0x3B,0xFF,0x68,0x00,0x00,0x00,0x00,0xD5,0xD5,0x00,0x00,0x01,0xE2,0xC6,0x00,
  0x00,0x00,0x35,0xFF,0x7F,0x00,0x00,0x00,0x8C,0xFF,0x26,0x00,0x00,0x94,0xFF,0xFF,0xFF,0xFF,0xFF,0xFF,
  0xFF,0x84,0x00,0x06,0xEC,0xAE,0x00,0x00,0x00,0x00,0x00,0xB7,0xE1,0x01,0x52,0xFF,0x53,0x00,0x00,0x00,
  0x00,0x00,0x5C,0xFF,0x41,0xB1,0xF1,0x08,0x00,0x00,0x00,0x00,0x00,0x0C,0xF5,0xA0,0x00,0x00,0x40,0xF0,
  0x31,0x00,0x00,0x00,0x00,0x00,0x00,0x00,0x55,0xDB,0x10,0x00,0x00,0x00,0x00,0x00,0x00,0x00,0x00,0x00,
  0x00,0x00,0x00,0x6C,0xFF,0xFF,0xFF,0xFF,0xFF,0xFF,0xF4,0x00,0x6C,0xFF,0x28,0x00,0x00,0x00,0x00,0x00,
  0x00,0x6C,0xFF,0x28,0x00,0x00,0x00,0x00,0x00,0x00,0x6C,0xFF,0x28,0x00,0x00,0x00,0x00,0x00,0x00,0x6C,
  0xFF,0x28,0x00,0x00,0x00,0x00,0x00,0x00,0x6C,0xFF,0xFF,0xFF,0xFF,0xFF,0xFF,0xB4,0x00,0x6C,0xFF,0x28,
  0x00,0x00,0x00,0x00,0x00,0x00,0x6C,0xFF,0x28,0x00,0x00,0x00,0x00,0x00,0x00,0x6C,0xFF,0x28,0x00,0x00,
  0x00,0x00,0x00,0x00,0x6C,0xFF,0x28,0x00,0x00,0x00,0x00,0x00,0x00,0x6C,0xFF,0x28,0x00,0x00,0x00,0x00,
  0x00,0x00,0x6C,0xFF,0xFF,0xFF,0xFF,0xFF,0xFF,0xFF,0x18,0x00,0x00,0x00,0x02,0xB8,0xA8,0x01,0x00,0x00,
  0x00,0x00,0x00,0x7E,0xBF,0x06,0x00,0x00,0x00,0x00,0x00,0x00,0x00,0x00,0x00,0x00,0x00,0x00,0x6C,0xFF,
  0xFF,0xFF,0xFF,0xFF,0xFF,0xF4,0x00,0x6C,0xFF,0x28,0x00,0x00,0x00,0x00,0x00,0x00,0x6C,0xFF,0x28,0x00,
  0x00,0x00,0x00,0x00,0x00,0x6C,0xFF,0x28,0x00,0x00,0x00,0x00,0x00,0x00,0x6C,0xFF,0x28,0x00,0x00,0x00,
  0x00,0x00,0x00,0x6C,0xFF,0xFF,0xFF,0xFF,0xFF,0xFF,0xB4,0x00,0x6C,0xFF,0x28,0x00,0x00,0x00,0x00,0x00,
  0x00,0x6C,0xFF,0x28,0x00,0x00,0x00,0x00,0x00,0x00,0x6C,0xFF,0x28,0x00,0x00,0x00,0x00,0x00,0x00,0x6C,
  0xFF,0x28,0x00,0x00,0x00,0x00,0x00,0x00,0x6C,0xFF,0x28,0x00,0x00,0x00,0x00,0x00,0x00,0x6C,0xFF,0xFF,
  0xFF,0xFF,0xFF,0xFF,0xFF,0x18,0x00,0x00,0x10,0xD8,0xE4,0x60,0x00,0x00,0x00,0x00,0x03,0xBA,0x6C,0x19,
  0xD3,0x39,0x00,0x00,0x00,0x00,0x00,0x00,0x00,0x00,0x00,0x00,0x00,0x6C,0xFF,0xFF,0xFF,0xFF,0xFF,0xFF,
  0xF4,0x00,0x6C,0xFF,0x28,0x00,0x00,0x00,0x00,0x00,0x00,0x6C,0xFF,0x28,0x00,0x00,0x00,0x00,0x00,0x00,
  0x6C,0xFF,0x28,0x00,0x00,0x00,0x00,0x00,0x00,0x6C,0xFF,0x28,0x00,0x00,0x00,0x00,0x00,0x00,0x6C,0xFF,
  0xFF,0xFF,0xFF,0xFF,0xFF,0xB4,0x00,0x6C,0xFF,0x28,0x00,0x00,0x00,0x00,0x00,0x00,0x6C,0xFF,0x28,0x00,
  0x00,0x00,0x00,0x00,0x00,0x6C,0xFF,0x28,0x00,0x00,0x00,0x00,0x00,0x00,0x6C,0xFF,0x28,0x00,0x00,0x00,
  0x00,0x00,0x00,0x6C,0xFF,0x28,0x00,0x00,0x00,0x00,0x00,0x00,0x6C,0xFF,0xFF,0xFF,0xFF,0xFF,0xFF,0xFF,
  0x18,0x28,0xEC,0x4E,0x00,0x00,0x39,0xE5,0x22,0x00,0x00,0x00,0x00,0x00,0x6C,0xFF,0x28,0x00,0x6C,0xFF,
  0x28,0x00,0x6C,0xFF,0x28,0x00,0x6C,0xFF,0x28,0x00,0x6C,0xFF,0x28,0x00,0x6C,0xFF,0x28,0x00,0x6C,0xFF,
  0x28,0x00,0x6C,0xFF,0x28,0x00,0x6C,0xFF,0x28,0x00,0x6C,0xFF,0x28,0x00,0x6C,0xFF,0x28,0x00,0x6C,0xFF,
  0x28,0x00,0x97,0xC4,0x08,0x59,0xD7,0x12,0x00,0x00,0x00,0x00,0x00,0x6C,0xFF,0x28,0x00,0x6C,0xFF,0x28,
  0x00,0x6C,0xFF,0x28,0x00,0x6C,0xFF,0x28,0x00,0x6C,0xFF,0x28,0x00,0x6C,0xFF,0x28,0x00,0x6C,0xFF,0x28,
  0x00,0x6C,0xFF,0x28,0x00,0x6C,0xFF,0x28,0x00,0x6C,0xFF,0x28,0x00,0x6C,0xFF,0x28,0x00,0x6C,0xFF,0x28,
  0x00,0x00,0x00,0x00,0x00,0x32,0xEF,0x40,0x00,0x00,0x00,0x00,0x00,0x00,0x00,0x00,0x00,0x00,0x45,0xE2,
  0x19,0x00,0x00,0x00,0x00,0x00,0x00,0x00,0x00,0x00,0x00,0x00,0x00,0x00,0x00,0x00,0x00,0x00,0x00,0x00,
  0x40,0xB4,0xEC,0xF9,0xDD,0x90,0x16,0x00,0x00,0x00,0x00,0x72,0xFD,0x86,0x1D,0x07,0x38,0xC7,0xE5,0x27,
  0x00,0x00,0x3A,0xFD,0x80,0x00,0x00,0x00,0x00,0x0B,0xE0,0xD1,0x02,0x00,0xAF,0xF0,0x09,0x00,0x00,0x00,
  0x00,0x00,0x6C,0xFF,0x4B,0x01,0xF1,0xB4,0x00,0x00,0x00,0x00,0x00,0x00,0x26,0xFF,0x8D,0x0F,0xFF,0x97,
  0x00,0x00,0x00,0x00,0x00,0x00,0x08,0xFE,0xAA,0x10,0xFF,0x96,0x00,0x00,0x00,0x00,0x00,0x00,0x08,0xFF,
  0xAA,0x01,0xF2,0xB4,0x00,0x00,0x00,0x00,0x00,0x00,0x26,0xFF,0x8D,0x00,0xB0,0xF0,0x08,0x00,0x00,0x00,
  0x00,0x00,0x6C,0xFF,0x4B,0x00,0x3C,0xFE,0x80,0x00,0x00,0x00,0x00,0x0B,0xE0,0xD2,0x02,0x00,0x00,0x76,
  0xFD,0x85,0x1C,0x07,0x37,0xC6,0xE7,0x29,0x00,0x00,0x00,0x00,0x43,0xB5,0xED,0xF9,0xDE,0x91,0x18,0x00,
  0x00,0x00,0x00,0x00,0x00,0x00,0x00,0xA6,0xB8,0x04,0x00,0x00,0x00,0x00,0x00,0x00,0x00,0x00,0x6A,0xCD,
  0x0C,0x00,0x00,0x00,0x00,0x00,0x00,0x00,0x00,0x00,0x00,0x00,0x00,0x00,0x00,0x00,0x00,0x00,0x00,0x00,
  0x40,0xB4,0xEC,0xF9,0xDD,0x90,0x16,0x00,0x00,0x00,0x00,0x72,0xFD,0x86,0x1D,0x07,0x38,0xC7,0xE5,0x27,
  0x00,0x00,0x3A,0xFD,0x80,0x00,0x00,0x00,0x00,0x0B,0xE0,0xD1,0x02,0x00,0xAF,0xF0,0x09,0x00,0x00,0x00,
  0x00,0x00,0x6C,0xFF,0x4B,0x01,0xF1,0xB4,0x00,0x00,0x00,0x00,0x00,0x00,0x26,0xFF,0x8D,0x0F,0xFF,0x97,
  0x00,0x00,0x00,0x00,0x00,0x00,0x08,0xFE,0xAA,0x10,0xFF,0x96,0x00,0x00,0x00,0x00,0x00,0x00,0x08,0xFF,
  0xAA,0x01,0xF2,0xB4,0x00,0x00,0x00,0x00,0x00,0x00,0x26,0xFF,0x8D,0x00,0xB0,0xF0,0x08,0x00,0x00,0x00,
  0x00,0x00,0x6C,0xFF,0x4B,0x00,0x3C,0xFE,0x80,0x00,0x00,0x00,0x00,0x0B,0xE0,0xD2,0x02,0x00,0x00,0x76,
  0xFD,0x85,0x1C,0x07,0x37,0xC6,0xE7,0x29,0x00,0x00,0x00,0x00,0x43,0xB5,0xED,0xF9,0xDE,0x91,0x18,0x00,
  0x00,0x00,0x00,0x00,0x00,0x09,0xCC,0xE3,0x74,0x00,0x00,0x00,0x00,0x00,0x00,0x00,0x00,0xA9,0x7F,0x11,
  0xCC,0x49,0x00,0x00,0x00,0x00,0x00,0x00,0x00,0x00,0x00,0x00,0x00,0x00,0x00,0x00,0x00,0x00,0x00,0x00,
  0x40,0xB4,0xEC,0xF9,0xDD,0x90,0x16,0x00,0x00,0x00,0x00,0x72,0xFD,0x86,0x1D,0x07,0x38,0xC7,0xE5,0x27,
  0x00,0x00,0x3A,0xFD,0x80,0x00,0x00,0x00,0x00,0x0B,0xE0,0xD1,0x02,0x00,0xAF,0xF0,0x09,0x00,0x00,0x00,
  0x00,0x00,0x6C,0xFF,0x4B,0x01,0xF1,0xB4,0x00,0x00,0x00,0x00,0x00,0x00,0x26,0xFF,0x8D,0x0F,0xFF,0x97,
  0x00,0x00,0x00,0x00,0x00,0x00,0x08,0xFE,0xAA,0x10,0xFF,0x96,0x00,0x00,0x00,0x00,0x00,0x00,0x08,0xFF,
  0xAA,0x01,0xF2,0xB4,0x00,0x00,0x00,0x00,0x00,0x00,0x26,0xFF,0x8D,0x00,0xB0,0xF0,0x08,0x00,0x00,0x00,
  0x00,0x00,0x6C,0xFF,0x4B,0x00,0x3C,0xFE,0x80,0x00,0x00,0x00,0x00,0x0B,0xE0,0xD2,0x02,0x00,0x00,0x76,
  0xFD,0x85,0x1C,0x07,0x37,0xC6,0xE7,0x29,0x00,0x00,0x00,0x00,0x43,0xB5,0xED,0xF9,0xDE,0x91,0x18,0x00,
  0x00,0x00,0x00,0x00,0x01,0xB4,0xEE,0x72,0x40,0xD0,0x00,0x00,0x00,0x00,0x00,0x00,0x32,0xD3,0x22,0xAF,
  0xF2,0x5C,0x00,0x00,0x00,0x00,0x00,0x00,0x00,0x00,0x00,0x00,0x00,0x00,0x00,0x00,0x00,0x00,0x00,0x00,
  0x40,0xB4,0xEC,0xF9,0xDD,0x90,0x16,0x00,0x00,0x00,0x00,0x72,0xFD,0x86,0x1D,0x07,0x38,0xC7,0xE5,0x27,
  0x00,0x00,0x3A,0xFD,0x80,0x00,0x00,0x00,0x00,0x0B,0xE0,0xD1,0x02,0x00,0xAF,0xF0,0x09,0x00,0x00,0x00,
  0x00,0x00,0x6C,0xFF,0x4B,0x01,0xF1,0xB4,0x00,0x00,0x00,0x00,0x00,0x00,0x26,0xFF,0x8D,0x0F,0xFF,0x97,
  0x00,0x00,0x00,0x00,0x00,0x00,0x08,0xFE,0xAA,0x10,0xFF,0x96,0x00,0x00,0x00,0x00,0x00,0x00,0x08,0xFF,
  0xAA,0x01,0xF2,0xB4,0x00,0x00,0x00,0x00,0x00,0x00,0x26,0xFF,0x8D,0x00,0xB0,0xF0,0x08,0x00,0x00,0x00,
  0x00,0x00,0x6C,0xFF,0x4B,0x00,0x3C,0xFE,0x80,0x00,0x00,0x00,0x00,0x0B,0xE0,0xD2,0x02,0x00,0x00,0x76,
  0xFD,0x85,0x1C,0x07,0x37,0xC6,0xE7,0x29,0x00,0x00,0x00,0x00,0x43,0xB5,0xED,0xF9,0xDE,0x91,0x18,0x00,
  0x00,0x00,0x00,0x00,0x99,0xC4,0x04,0x00,0x00,0x00,0x00,0x00,0x00,0x00,0x03,0xB0,0x8D,0x00,0x00,0x00,
  0x00,0x00,0x00,0x00,0x00,0x00,0x00,0x00,0x00,0x00,0x00,0x9C,0xFC,0x00,0x00,0x00,0x00,0x00,0x44,0xFF,
  0x54,0x9C,0xFC,0x00,0x00,0x00,0x00,0x00,0x44,0xFF,0x54,0x9C,0xFC,0x00,0x00,0x00,0x00,0x00,0x44,0xFF,
  0x54,0x9C,0xFC,0x00,0x00,0x00,0x00,0x00,0x44,0xFF,0x54,0x9C,0xFC,0x00,0x00,0x00,0x00,0x00,0x44,0xFF,
  0x54,0x9C,0xFC,0x00,0x00,0x00,0x00,0x00,0x44,0xFF,0x54,0x9C,0xFC,0x00,0x00,0x00,0x00,0x00,0x44,0xFF,
  0x54,0x9A,0xFD,0x00,0x00,0x00,0x00,0x00,0x46,0xFF,0x51,0x87,0xFF,0x11,0x00,0x00,0x00,0x00,0x5A,0xFF,
  0x3E,0x4B,0xFF,0x52,0x00,0x00,0x00,0x00,0x9D,0xF4,0x0C,0x02,0xC1,0xE5,0x4C,0x0F,0x1A,0x75,0xFC,0x78,
  0x00,0x00,0x0A,0x85,0xDA,0xF9,0xF4,0xC8,0x5C,0x00,0x00,0x00,0x00,0x00,0x00,0x27,0xEF,0x4D,0x00,0x00,
  0x00,0x00,0x00,0x00,0x0A,0xD3,0x66,0x00,0x00,0x00,0x00,0x00,0x00,0x00,0x00,0x00,0x00,0x00,0x00,0x00,
  0x00,0x9C,0xFC,0x00,0x00,0x00,0x00,0x00,0x44,0xFF,0x54,0x9C,0xFC,0x00,0x00,0x00,0x00,0x00,0x44,0xFF,
  0x54,0x9C,0xFC,0x00,0x00,0x00,0x00,0x00,0x44,0xFF,0x54,0x9C,0xFC,0x00,0x00,0x00,0x00,0x00,0x44,0xFF,
  0x54,0x9C,0xFC,0x00,0x00,0x00,0x00,0x00,0x44,0xFF,0x54,0x9C,0xFC,0x00,0x00,0x00,0x00,0x00,0x44,0xFF,
  0x54,0x9C,0xFC,0x00,0x00,0x00,0x00,0x00,0x44,0xFF,0x54,0x9A,0xFD,0x00,0x00,0x00,0x00,0x00,0x46,0xFF,
  0x51,0x87,0xFF,0x11,0x00,0x00,0x00,0x00,0x5A,0xFF,0x3E,0x4B,0xFF,0x52,0x00,0x00,0x00,0x00,0x9D,0xF4,
  0x0C,0x02,0xC1,0xE5,0x4C,0x0F,0x1A,0x75,0xFC,0x78,0x00,0x00,0x0A,0x85,0xDA,0xF9,0xF4,0xC8,0x5C,0x00,
  0x00,0x00,0x00,0x00,0x00,0x00,0x20,0xEC,0x57,0x00,0x00,0x00,0x00,0x00,0x00,0x00,0x06,0xCB,0x71,0x00,
  0x00,0x00,0x00,0x00,0x00,0x00,0x00,0x00,0x00,0x00,0x00,0x00,0x00,0x00,0x00,0xB4,0xEA,0x14,0x00,0x00,
  0x00,0x00,0x36,0xFC,0x7B,0x00,0x1B,0xF0,0xA7,0x00,0x00,0x00,0x06,0xD4,0xCE,0x04,0x00,0x00,0x64,0xFF,
  0x4E,0x00,0x00,0x81,0xFB,0x30,0x00,0x00,0x00,0x00,0xBB,0xE6,0x10,0x2D,0xFA,0x83,0x00,0x00,0x00,0x00,
  0x00,0x20,0xF3,0xA1,0xCB,0xD4,0x06,0x00,0x00,0x00,0x00,0x00,0x00,0x6C,0xFF,0xFC,0x36,0x00,0x00,0x00,
  0x00,0x00,0x00,0x00,0x01,0xED,0xB6,0x00,0x00,0x00,0x00,0x00,0x00,0x00,0x00,0x00,0xE8,0xB0,0x00,0x00,
  0x00,0x00,0x00,0x00,0x00,0x00,0x00,0xE8,0xB0,0x00,0x00,0x00,0x00,0x00,0x00,0x00,0x00,0x00,0xE8,0xB0,
  0x00,0x00,0x00,0x00,0x00,0x00,0x00,0x00,0x00,0xE8,0xB0,0x00,0x00,0x00,0x00,0x00,0x00,0x00,0x00,0x00,
  0xE8,0xB0,0x00,0x00,0x00,0x00,0x00,0x00,0x9B,0xD6,0x0A,0x00,0x00,0x00,0x00,0x00,0x00,0x05,0xBD,0x9D,
  0x00,0x00,0x00,0x00,0x00,0x00,0x00,0x10,0xD7,0x59,0x00,0x00,0x00,0x00,0x00,0x00,0x00,0x00,0x00,0x00,
  0x00,0x00,0x00,0x64,0xFF,0xFF,0xFD,0xE1,0xA2,0x1D,0x00,0x00,0x00,0x00,0x00,0x04,0x2B,0xBB,0xD1,0x04,
  0x00,0x00,0x00,0x00,0x00,0x00,0x26,0xFF,0x35,0x00,0x07,0x79,0xD5,0xF3,0xFF,0xFF,0xFF,0x57,0x00,0x93,
  0xEC,0x4A,0x0F,0x01,0x1B,0xFF,0x5C,0x00,0xEB,0x81,0x00,0x00,0x00,0x39,0xFF,0x5C,0x01,0xF5,0x7A,0x00,
  0x00,0x00,0x92,0xFF,0x5C,0x00,0xAD,0xE1,0x30,0x10,0x6A,0xAB,0xFF,0x5C,0x00,0x15,0xA8,0xEF,0xED,0x96,
  0x1B,0xFF,0x5C,0x00,0x00,0x00,0x00,0x00,0xA2,0xCF,0x0B,0x00,0x00,0x00,0x00,0x00,0x5C,0xE5,0x1C,0x00,
  0x00,0x00,0x00,0x00,0x24,0xE8,0x33,0x00,0x00,0x00,0x00,0x00,0x00,0x00,0x00,0x00,0x00,0x00,0x00,0x00,
  0x64,0xFF,0xFF,0xFD,0xE1,0xA2,0x1D,0x00,0x00,0x00,0x00,0x00,0x04,0x2B,0xBB,0xD1,0x04,0x00,0x00,0x00,
  0x00,0x00,0x00,0x26,0xFF,0x35,0x00,0x07,0x79,0xD5,0xF3,0xFF,0xFF,0xFF,0x57,0x00,0x93,0xEC,0x4A,0x0F,
  0x01,0x1B,0xFF,0x5C,0x00,0xEB,0x81,0x00,0x00,0x00,0x39,0xFF,0x5C,0x01,0xF5,0x7A,0x00,0x00,0x00,0x92,
  0xFF,0x5C,0x00,0xAD,0xE1,0x30,0x10,0x6A,0xAB,0xFF,0x5C,0x00,0x15,0xA8,0xEF,0xED,0x96,0x1B,0xFF,0x5C,
  0x00,0x00,0x00,0x3F,0xFE,0x8C,0x00,0x00,0x00,0x00,0x00,0x08,0xD9,0x6C,0xE9,0x33,0x00,0x00,0x00,0x00,
  0x86,0x98,0x00,0x51,0xCE,0x03,0x00,0x00,0x00,0x00,0x00,0x00,0x00,0x00,0x00,0x00,0x00,0x64,0xFF,0xFF,
  0xFD,0xE1,0xA2,0x1D,0x00,0x00,0x00,0x00,0x00,0x04,0x2B,0xBB,0xD1,0x04,0x00,0x00,0x00,0x00,0x00,0x00,
  0x26,0xFF,0x35,0x00,0x07,0x79,0xD5,0xF3,0xFF,0xFF,0xFF,0x57,0x00,0x93,0xEC,0x4A,0x0F,0x01,0x1B,0xFF,
  0x5C,0x00,0xEB,0x81,0x00,0x00,0x00,0x39,0xFF,0x5C,0x01,0xF5,0x7A,0x00,0x00,0x00,0x92,0xFF,0x5C,0x00,
  0xAD,0xE1,0x30,0x10,0x6A,0xAB,0xFF,0x5C,0x00,0x15,0xA8,0xEF,0xED,0x96,0x1B,0xFF,0x5C,0x00,0x00,0x6A,
  0xF2,0x9E,0x11,0xD9,0x25,0x00,0x00,0x00,0xDE,0x2F,0x66,0xEF,0xAB,0x00,0x00,0x00,0x00,0x00,0x00,0x00,
  0x00,0x00,0x00,0x00,0x00,0x64,0xFF,0xFF,0xFD,0xE1,0xA2,0x1D,0x00,0x00,0x00,0x00,0x00,0x04,0x2B,0xBB,
  0xD1,0x04,0x00,0x00,0x00,0x00,0x00,0x00,0x26,0xFF,0x35,0x00,0x07,0x79,0xD5,0xF3,0xFF,0xFF,0xFF,0x57,
  0x00,0x93,0xEC,0x4A,0x0F,0x01,0x1B,0xFF,0x5C,0x00,0xEB,0x81,0x00,0x00,0x00,0x39,0xFF,0x5C,0x01,0xF5,
  0x7A,0x00,0x00,0x00,0x92,0xFF,0x5C,0x00,0xAD,0xE1,0x30,0x10,0x6A,0xAB,0xFF,0x5C,0x00,0x15,0xA8,0xEF,
  0xED,0x96,0x1B,0xFF,0x5C,0x00,0x00,0x32,0xF4,0x55,0x00,0x00,0x00,0x00,0x00,0x00,0x00,0x50,0xEE,0x20,
  0x00,0x00,0x00,0x00,0x00,0x00,0x00,0x75,0xC8,0x05,0x00,0x00,0x00,0x00,0x00,0x00,0x00,0x00,0x00,0x00,
  0x00,0x00,0x00,0x2D,0xB1,0xEF,0xF7,0xC6,0x3E,0x00,0x00,0x2F,0xF4,0xA6,0x22,0x12,0x7E,0xF9,0x33,0x00,
  0xB9,0xD6,0x04,0x00,0x00,0x00,0xC1,0xB0,0x06,0xFA,0x8A,0x00,0x00,0x00,0x00,0x82,0xEC,0x17,0xFF,0xFF,
  0xFF,0xFF,0xFF,0xFF,0xFF,0xFE,0x08,0xFC,0x7E,0x00,0x00,0x00,0x00,0x00,0x00,0x00,0xBC,0xCD,0x03,0x00,
  0x00,0x00,0x00,0x00,0x00,0x2F,0xF3,0xA8,0x29,0x09,0x27,0x70,0x8D,0x00,0x00,0x28,0xA8,0xEA,0xF7,0xD7,
  0x8C,0x1A,0x00,0x00,0x00,0x00,0x00,0x33,0xF7,0x51,0x00,0x00,0x00,0x00,0x00,0x0C,0xDB,0x75,0x00,0x00,
  0x00,0x00,0x00,0x00,0xA3,0x9C,0x00,0x00,0x00,0x00,0x00,0x00,0x00,0x00,0x00,0x00,0x00,0x00,0x00,0x00,
  0x2D,0xB1,0xEF,0xF7,0xC6,0x3E,0x00,0x00,0x2F,0xF4,0xA6,0x22,0x12,0x7E,0xF9,0x33,0x00,0xB9,0xD6,0x04,
  0x00,0x00,0x00,0xC1,0xB0,0x06,0xFA,0x8A,0x00,0x00,0x00,0x00,0x82,0xEC,0x17,0xFF,0xFF,0xFF,0xFF,0xFF,
  0xFF,0xFF,0xFE,0x08,0xFC,0x7E,0x00,0x00,0x00,0x00,0x00,0x00,0x00,0xBC,0xCD,0x03,0x00,0x00,0x00,0x00,
  0x00,0x00,0x2F,0xF3,0xA8,0x29,0x09,0x27,0x70,0x8D,0x00,0x00,0x28,0xA8,0xEA,0xF7,0xD7,0x8C,0x1A,0x00,
  0x00,0x00,0x02,0xC7,0xEC,0x14,0x00,0x00,0x00,0x00,0x00,0x6F,0xC1,0x97,0xA3,0x00,0x00,0x00,0x00,0x1E,
  0xE2,0x1D,0x08,0xD3,0x46,0x00,0x00,0x00,0x00,0x00,0x00,0x00,0x00,0x00,0x00,0x00,0x00,0x2D,0xB1,0xEF,
  0xF7,0xC6,0x3E,0x00,0x00,0x2F,0xF4,0xA6,0x22,0x12,0x7E,0xF9,0x33,0x00,0xB9,0xD6,0x04,0x00,0x00,0x00,
  0xC1,0xB0,0x06,0xFA,0x8A,0x00,0x00,0x00,0x00,0x82,0xEC,0x17,0xFF,0xFF,0xFF,0xFF,0xFF,0xFF,0xFF,0xFE,
  0x08,0xFC,0x7E,0x00,0x00,0x00,0x00,0x00,0x00,0x00,0xBC,0xCD,0x03,0x00,0x00,0x00,0x00,0x00,0x00,0x2F,
  0xF3,0xA8,0x29,0x09,0x27,0x70,0x8D,0x00,0x00,0x28,0xA8,0xEA,0xF7,0xD7,0x8C,0x1A,0x1F,0xE8,0x75,0x00,
  0x00,0x00,0x37,0xF1,0x36,0x00,0x00,0x00,0x56,0xDC,0x0F,0x00,0x00,0x00,0x00,0x00,0x00,0x00,0x7C,0xF4,
  0x00,0x00,0x00,0x7C,0xF4,0x00,0x00,0x00,0x7C,0xF4,0x00,0x00,0x00,0x7C,0xF4,0x00,0x00,0x00,0x7C,0xF4,
  0x00,0x00,0x00,0x7C,0xF4,0x00,0x00,0x00,0x7C,0xF4,0x00,0x00,0x00,0x7C,0xF4,0x00,0x00,0x00,0x7C,0xF4,
  0x00,0x00,0x1E,0xEF,0x6E,0x03,0xC4,0x96,0x00,0x83,0xB8,0x03,0x00,0x00,0x00,0x00,0x00,0x7C,0xF4,0x00,
  0x00,0x7C,0xF4,0x00,0x00,0x7C,0xF4,0x00,0x00,0x7C,0xF4,0x00,0x00,0x7C,0xF4,0x00,0x00,0x7C,0xF4,0x00,
  0x00,0x7C,0xF4,0x00,0x00,0x7C,0xF4,0x00,0x00,0x7C,0xF4,0x00,0x00,0x00,0x00,0x58,0xF6,0x2D,0x00,0x00,
  0x00,0x00,0x00,0x00,0x00,0x7E,0xD6,0x0A,0x00,0x00,0x00,0x00,0x00,0x00,0x00,0xA4,0x9D,0x00,0x00,0x00,
  0x00,0x00,0x00,0x00,0x00,0x00,0x00,0x00,0x00,0x00,0x00,0x43,0xC4,0xF6,0xF1,0xB2,0x28,0x00,0x00,0x43,
  0xFC,0x91,0x18,0x24,0xBB,0xED,0x1E,0x00,0xC7,0xD1,0x00,0x00,0x00,0x13,0xF5,0x94,0x08,0xFD,0x85,0x00,
  0x00,0x00,0x00,0xBA,0xD4,0x18,0xFF,0x6F,0x00,0x00,0x00,0x00,0xA3,0xE7,0x08,0xFD,0x84,0x00,0x00,0x00,
  0x00,0xB9,0xD4,0x00,0xC7,0xCF,0x00,0x00,0x00,0x12,0xF4,0x95,0x00,0x45,0xFC,0x8F,0x17,0x22,0xB9,0xEF,
  0x1F,0x00,0x00,0x45,0xC5,0xF7,0xF2,0xB3,0x2A,0x00,0x00,0x00,0x00,0x00,0x00,0x5D,0xF2,0x2C,0x00,0x00,
  0x00,0x00,0x00,0x24,0xEF,0x49,0x00,0x00,0x00,0x00,0x00,0x06,0xCC,0x6C,0x00,0x00,0x00,0x00,0x00,0x00,
  0x00,0x00,0x00,0x00,0x00,0x00,0x00,0x00,0x43,0xC4,0xF6,0xF1,0xB2,0x28,0x00,0x00,0x43,0xFC,0x91,0x18,
  0x24,0xBB,0xED,0x1E,0x00,0xC7,0xD1,0x00,0x00,0x00,0x13,0xF5,0x94,0x08,0xFD,0x85,0x00,0x00,0x00,0x00,
  0xBA,0xD4,0x18,0xFF,0x6F,0x00,0x00,0x00,0x00,0xA3,0xE7,0x08,0xFD,0x84,0x00,0x00,0x00,0x00,0xB9,0xD4,
  0x00,0xC7,0xCF,0x00,0x00,0x00,0x12,0xF4,0x95,0x00,0x45,0xFC,0x8F,0x17,0x22,0xB9,0xEF,0x1F,0x00,0x00,
  0x45,0xC5,0xF7,0xF2,0xB3,0x2A,0x00,0x00,0x00,0x00,0x11,0xE8,0xCD,0x03,0x00,0x00,0x00,0x00,0x00,0x9F,
  0x96,0xC2,0x73,0x00,0x00,0x00,0x00,0x42,0xD3,0x08,0x1D,0xE3,0x21,0x00,0x00,0x00,0x00,0x00,0x00,0x00,
  0x00,0x00,0x00,0x00,0x00,0x43,0xC4,0xF6,0xF1,0xB2,0x28,0x00,0x00,0x43,0xFC,0x91,0x18,0x24,0xBB,0xED,
  0x1E,0x00,0xC7,0xD1,0x00,0x00,0x00,0x13,0xF5,0x94,0x08,0xFD,0x85,0x00,0x00,0x00,0x00,0xBA,0xD4,0x18,
  0xFF,0x6F,0x00,0x00,0x00,0x00,0xA3,0xE7,0x08,0xFD,0x84,0x00,0x00,0x00,0x00,0xB9,0xD4,0x00,0xC7,0xCF,
  0x00,0x00,0x00,0x12,0xF4,0x95,0x00,0x45,0xFC,0x8F,0x17,0x22,0xB9,0xEF,0x1F,0x00,0x00,0x45,0xC5,0xF7,
  0xF2,0xB3,0x2A,0x00,0x00,0x00,0x34,0xE8,0xC8,0x20,0x9C,0x69,0x00,0x00,0x00,0x9A,0x71,0x39,0xDC,0xD7,
  0x16,0x00,0x00,0x00,0x00,0x00,0x00,0x00,0x00,0x00,0x00,0x00,0x00,0x43,0xC4,0xF6,0xF1,0xB2,0x28,0x00,
  0x00,0x43,0xFC,0x91,0x18,0x24,0xBB,0xED,0x1E,0x00,0xC7,0xD1,0x00,0x00,0x00,0x13,0xF5,0x94,0x08,0xFD,
  0x85,0x00,0x00,0x00,0x00,0xBA,0xD4,0x18,0xFF,0x6F,0x00,0x00,0x00,0x00,0xA3,0xE7,0x08,0xFD,0x84,0x00,
  0x00,0x00,0x00,0xB9,0xD4,0x00,0xC7,0xCF,0x00,0x00,0x00,0x12,0xF4,0x95,0x00,0x45,0xFC,0x8F,0x17,0x22,
  0xB9,0xEF,0x1F,0x00,0x00,0x45,0xC5,0xF7,0xF2,0xB3,0x2A,0x00,0x00,0x4B,0xF8,0x39,0x00,0x00,0x00,0x00,
  0x00,0x00,0x6E,0xE0,0x10,0x00,0x00,0x00,0x00,0x00,0x00,0x94,0xAD,0x00,0x00,0x00,0x00,0x00,0x00,0x00,
  0x00,0x00,0x00,0x00,0xA4,0xCC,0x00,0x00,0x00,0x00,0xC0,0xB0,0xA4,0xCC,0x00,0x00,0x00,0x00,0xC0,0xB0,
  0xA4,0xCC,0x00,0x00,0x00,0x00,0xC0,0xB0,0xA4,0xCC,0x00,0x00,0x00,0x00,0xC0,0xB0,0xA4,0xCC,0x00,0x00,
  0x00,0x00,0xC1,0xB0,0x96,0xD8,0x00,0x00,0x00,0x00,0xDA,0xB0,0x75,0xF6,0x0B,0x00,0x00,0x24,0xFC,0xB0,
  0x1C,0xFA,0x92,0x10,0x2D,0xAC,0xCC,0xB0,0x00,0x53,0xDB,0xF8,0xC2,0x27,0xC0,0xB0,0x00,0x00,0x00,0x00,
  0x4E,0xF6,0x37,0x00,0x00,0x00,0x00,0x1B,0xEB,0x57,0x00,0x00,0x00,0x00,0x02,0xBF,0x7C,0x00,0x00,0x00,
  0x00,0x00,0x00,0x00,0x00,0x00,0x00,0x00,0xA4,0xCC,0x00,0x00,0x00,0x00,0xC0,0xB0,0xA4,0xCC,0x00,0x00,
  0x00,0x00,0xC0,0xB0,0xA4,0xCC,0x00,0x00,0x00,0x00,0xC0,0xB0,0xA4,0xCC,0x00,0x00,0x00,0x00,0xC0,0xB0,
  0xA4,0xCC,0x00,0x00,0x00,0x00,0xC1,0xB0,0x96,0xD8,0x00,0x00,0x00,0x00,0xDA,0xB0,0x75,0xF6,0x0B,0x00,
  0x00,0x24,0xFC,0xB0,0x1C,0xFA,0x92,0x10,0x2D,0xAC,0xCC,0xB0,0x00,0x53,0xDB,0xF8,0xC2,0x27,0xC0,0xB0,
  0x00,0x00,0x00,0x00,0x00,0x8A,0xDE,0x15,0x00,0x00,0x00,0x00,0x00,0x45,0xEE,0x29,0x00,0x00,0x00,0x00,
  0x00,0x16,0xE3,0x45,0x00,0x00,0x00,0x00,0x00,0x00,0x00,0x00,0x00,0x00,0x00,0x00,0x51,0xFF,0x31,0x00,
  0x00,0x00,0x00,0xBA,0xCC,0x04,0xE6,0x94,0x00,0x00,0x00,0x1F,0xFD,0x67,0x00,0x84,0xEF,0x08,0x00,0x00,
  0x81,0xF3,0x0D,0x00,0x1F,0xFD,0x5B,0x00,0x02,0xE1,0x9B,0x00,0x00,0x00,0xB7,0xBE,0x00,0x47,0xFF,0x36,
  0x00,0x00,0x00,0x50,0xFE,0x23,0xAB,0xD0,0x00,0x00,0x00,0x00,0x04,0xE5,0x99,0xF9,0x6A,0x00,0x00,0x00,
  0x00,0x00,0x83,0xFF,0xF5,0x0F,0x00,0x00,0x00,0x00,0x00,0x20,0xFF,0x9F,0x00,0x00,0x00,0x00,0x00,0x00,
  0x41,0xFF,0x38,0x00,0x00,0x00,0x00,0x00,0x13,0xC7,0xC1,0x00,0x00,0x00,0x00,0x00,0xBC,0xFA,0xC6,0x22,
  0x00,0x00,0x00,0x00,0x00,0x00,0x00,0xB4,0x6A,0x07,0x38,0xE6,0x01,0x00,0x00,0x00,0x00,0x00,0x2B,0xCA,
  0xF7,0xDC,0x4F,0x00,0x00,0x00,0x00,0x00,0x00,0x00,0x00,0x00,0x00,0x00,0x00,0x00,0x00,0x00,0x00,0x00,
  0x00,0x00,0x00,0x00,0x00,0x00,0x00,0x00,0x00,0x00,0x00,0x00,0x9C,0xFF,0x8E,0x00,0x00,0x00,0x00,0x00,
  0x00,0x00,0x09,0xF1,0xF7,0xE9,0x04,0x00,0x00,0x00,0x00,0x00,0x00,0x5A,0xFF,0x72,0xFF,0x4C,0x00,0x00,
  0x00,0x00,0x00,0x00,0xB9,0xDA,0x02,0xE7,0xAA,0x00,0x00,0x00,0x00,0x00,0x1A,0xFD,0x83,0x00,0x92,0xF8,
  0x11,0x00,0x00,0x00,0x00,0x77,0xFF,0x2C,0x00,0x3B,0xFF,0x68,0x00,0x00,0x00,0x00,0xD5,0xD5,0x00,0x00,
  0x01,0xE2,0xC6,0x00,0x00,0x00,0x35,0xFF,0x7F,0x00,0x00,0x00,0x8C,0xFF,0x26,0x00,0x00,0x94,0xFF,0xFF,
  0xFF,0xFF,0xFF,0xFF,0xFF,0x84,0x00,0x06,0xEC,0xAE,0x00,0x00,0x00,0x00,0x00,0xB7,0xE1,0x01,0x52,0xFF,
  0x53,0x00,0x00,0x00,0x00,0x00,0x5C,0xFF,0x41,0xB1,0xF1,0x08,0x00,0x00,0x00,0x00,0x00,0x0C,0xF5,0xA0,
  0x00,0x00,0xB0,0x6D,0x07,0x35,0xE8,0x03,0x00,0x00,0x00,0x29,0xC9,0xF7,0xDE,0x51,0x00,0x00,0x00,0x00,
  0x00,0x00,0x00,0x00,0x00,0x00,0x00,0x00,0x00,0x00,0x00,0x00,0x00,0x00,0x00,0x00,0x00,0x64,0xFF,0xFF,
  0xFD,0xE1,0xA2,0x1D,0x00,0x00,0x00,0x00,0x00,0x04,0x2B,0xBB,0xD1,0x04,0x00,0x00,0x00,0x00,0x00,0x00,
  0x26,0xFF,0x35,0x00,0x07,0x79,0xD5,0xF3,0xFF,0xFF,0xFF,0x57,0x00,0x93,0xEC,0x4A,0x0F,0x01,0x1B,0xFF,
  0x5C,0x00,0xEB,0x81,0x00,0x00,0x00,0x39,0xFF,0x5C,0x01,0xF5,0x7A,0x00,0x00,0x00,0x92,0xFF,0x5C,0x00,
  0xAD,0xE1,0x30,0x10,0x6A,0xAB,0xFF,0x5C,0x00,0x15,0xA8,0xEF,0xED,0x96,0x1B,0xFF,0x5C,0x00,0x58,0xFF,
  0xFF,0xFF,0xF6,0xE2,0xB2,0x5D,0x04,0x00,0x00,0x00,0x58,0xFF,0x3C,0x00,0x06,0x23,0x6F,0xED,0xC7,0x0F,
  0x00,0x00,0x58,0xFF,0x3C,0x00,0x00,0x00,0x00,0x2A,0xF6,0xA5,0x00,0x00,0x58,0xFF,0x3C,0x00,0x00,0x00,
  0x00,0x00,0x98,0xFD,0x18,0x00,0x58,0xFF,0x3C,0x00,0x00,0x00,0x00,0x00,0x55,0xFF,0x52,0xEC,0xFF,0xFF,
  0xFF,0xFF,0xDC,0x00,0x00,0x00,0x3B,0xFF,0x6B,0x00,0x58,0xFF,0x3C,0x00,0x00,0x00,0x00,0x00,0x3C,0xFF,
  0x6A,0x00,0x58,0xFF,0x3C,0x00,0x00,0x00,0x00,0x00,0x56,0xFF,0x51,0x00,0x58,0xFF,0x3C,0x00,0x00,0x00,
  0x00,0x00,0x98,0xFD,0x18,0x00,0x58,0xFF,0x3C,0x00,0x00,0x00,0x00,0x2A,0xF5,0xA5,0x00,0x00,0x58,0xFF,
  0x3C,0x00,0x06,0x22,0x6E,0xEC,0xC7,0x0F,0x00,0x00,0x58,0xFF,0xFF,0xFF,0xF8,0xE4,0xB3,0x5E,0x04,0x00,
  0x00,0x00,0x00,0x00,0x00,0x00,0x00,0x00,0xBC,0xB4,0x00,0x00,0x00,0x00,0x00,0x48,0xFF,0xFF,0xFF,0xFF,
  0xE8,0x00,0x00,0x00,0x00,0x00,0x00,0x00,0xBC,0xB4,0x00,0x00,0x00,0x54,0xD7,0xF7,0xC8,0x31,0xBC,0xB4,
  0x00,0x00,0x3F,0xFE,0x83,0x14,0x2B,0xB4,0xCB,0xB4,0x00,0x00,0xC0,0xC5,0x00,0x00,0x00,0x25,0xFE,0xB4,
  0x00,0x01,0xF8,0x7C,0x00,0x00,0x00,0x00,0xD9,0xB4,0x00,0x13,0xFF,0x66,0x00,0x00,0x00,0x00,0xC3,0xB4,
  0x00,0x01,0xF8,0x7B,0x00,0x00,0x00,0x00,0xD9,0xB4,0x00,0x00,0xC1,0xC3,0x00,0x00,0x00,0x25,0xFD,0xB4,
  0x00,0x00,0x41,0xFE,0x81,0x14,0x29,0xB2,0xCB,0xB4,0x00,0x00,0x00,0x56,0xD8,0xF8,0xCB,0x33,0xBC,0xB4,
  0x00,0x00,0xAA,0xF0,0x79,0x36,0xDC,0x26,0xDD,0x20,0xA9,0xF3,0x66,0x00,0x00,0x00,0x00,0x00,0x00,0x00,
  0x00,0x6C,0xFF,0x28,0x00,0x00,0x00,0x6C,0xFF,0x28,0x00,0x00,0x00,0x6C,0xFF,0x28,0x00,0x00,0x00,0x6C,
  0xFF,0x28,0x00,0x00,0x00,0x6C,0xFF,0x28,0x00,0x00,0x00,0x6C,0xFF,0x28,0x00,0x00,0x00,0x6C,0xFF,0x28,
  0x00,0x00,0x00,0x6C,0xFF,0x28,0x00,0x00,0x00,0x6C,0xFF,0x28,0x00,0x00,0x00,0x6C,0xFF,0x28,0x00,0x00,
  0x00,0x6C,0xFF,0x28,0x00,0x00,0x00,0x6C,0xFF,0x28,0x00,0x08,0xC5,0xE8,0x4D,0x4D,0xB9,0x4A,0xBE,0x16,
  0xB5,0xEF,0x4C,0x00,0x00,0x00,0x00,0x00,0x00,0x00,0x00,0x7C,0xF4,0x00,0x00,0x00,0x00,0x7C,0xF4,0x00,
  0x00,0x00,0x00,0x7C,0xF4,0x00,0x00,0x00,0x00,0x7C,0xF4,0x00,0x00,0x00,0x00,0x7C,0xF4,0x00,0x00,0x00,
  0x00,0x7C,0xF4,0x00,0x00,0x00,0x00,0x7C,0xF4,0x00,0x00,0x00,0x00,0x7C,0xF4,0x00,0x00,0x00,0x00,0x7C,
  0xF4,0x00,0x00,0x00,0x00,0x3B,0xEB,0xC6,0x2E,0xAF,0x5C,0x00,0x00,0x00,0x00,0xA6,0x66,0x58,0xE2,0xD0,
  0x0E,0x00,0x00,0x00,0x00,0x00,0x00,0x00,0x00,0x00,0x00,0x00,0x00,0x9C,0xFC,0x00,0x00,0x00,0x00,0x00,
  0x44,0xFF,0x54,0x9C,0xFC,0x00,0x00,0x00,0x00,0x00,0x44,0xFF,0x54,0x9C,0xFC,0x00,0x00,0x00,0x00,0x00,
  0x44,0xFF,0x54,0x9C,0xFC,0x00,0x00,0x00,0x00,0x00,0x44,0xFF,0x54,0x9C,0xFC,0x00,0x00,0x00,0x00,0x00,
  0x44,0xFF,0x54,0x9C,0xFC,0x00,0x00,0x00,0x00,0x00,0x44,0xFF,0x54,0x9C,0xFC,0x00,0x00,0x00,0x00,0x00,
  0x44,0xFF,0x54,0x9A,0xFD,0x00,0x00,0x00,0x00,0x00,0x46,0xFF,0x51,0x87,0xFF,0x11,0x00,0x00,0x00,0x00,
  0x5A,0xFF,0x3E,0x4B,0xFF,0x52,0x00,0x00,0x00,0x00,0x9D,0xF4,0x0C,0x02,0xC1,0xE5,0x4C,0x0F,0x1A,0x75,
  0xFC,0x78,0x00,0x00,0x0A,0x85,0xDA,0xF9,0xF4,0xC8,0x5C,0x00,0x00,0x00,0x20,0xDC,0xD7,0x30,0x7D,0x89,
  0x00,0x00,0x7A,0x91,0x28,0xCF,0xE3,0x29,0x00,0x00,0x00,0x00,0x00,0x00,0x00,0x00,0x00,0xA4,0xCC,0x00,
  0x00,0x00,0x00,0xC0,0xB0,0xA4,0xCC,0x00,0x00,0x00,0x00,0xC0,0xB0,0xA4,0xCC,0x00,0x00,0x00,0x00,0xC0,
  0xB0,0xA4,0xCC,0x00,0x00,0x00,0x00,0xC0,0xB0,0xA4,0xCC,0x00,0x00,0x00,0x00,0xC1,0xB0,0x96,0xD8,0x00,
  0x00,0x00,0x00,0xDA,0xB0,0x75,0xF6,0x0B,0x00,0x00,0x24,0xFC,0xB0,0x1C,0xFA,0x92,0x10,0x2D,0xAC,0xCC,
  0xB0,0x00,0x53,0xDB,0xF8,0xC2,0x27,0xC0,0xB0,0x00,0x00,0x00,0x4D,0xBB,0xEE,0xF7,0xD8,0x85,0x0F,0x00,
  0xD4,0x29,0x00,0x00,0x89,0xFA,0x78,0x18,0x09,0x41,0xD3,0xFF,0x31,0xDC,0x31,0x00,0x50,0xFF,0x68,0x00,
  0x00,0x00,0x00,0x14,0xFF,0xFF,0xC7,0x04,0x00,0xC7,0xE0,0x01,0x00,0x00,0x00,0x00,0x00,0x84,0xFF,0x33,
  0x00,0x0D,0xFD,0x9C,0x00,0x00,0x00,0x00,0x00,0x00,0x3E,0xFF,0x75,0x00,0x27,0xFF,0x7F,0x00,0x00,0x00,
  0x00,0x00,0x00,0x1F,0xFF,0x92,0x00,0x28,0xFF,0x7E,0x00,0x00,0x00,0x00,0x00,0x00,0x20,0xFF,0x92,0x00,
  0x0D,0xFD,0x9C,0x00,0x00,0x00,0x00,0x00,0x00,0x3E,0xFF,0x75,0x00,0x00,0xC8,0xE0,0x01,0x00,0x00,0x00,
  0x00,0x00,0x84,0xFF,0x33,0x00,0x00,0x53,0xFF,0x68,0x00,0x00,0x00,0x00,0x14,0xEF,0xBD,0x00,0x00,0x00,
  0x00,0x8D,0xFA,0x77,0x17,0x08,0x41,0xD3,0xDC,0x1C,0x00,0x00,0x00,0x00,0x00,0x50,0xBD,0xF0,0xF8,0xD9,
  0x87,0x11,0x00,0x00,0x00,0x00,0x00,0x00,0x00,0x00,0x00,0x00,0x00,0x68,0x95,0x00,0x00,0x3C,0xC0,0xF5,
  0xF2,0xF4,0x58,0x7B,0x9D,0x00,0x39,0xFA,0x9B,0x1A,0x20,0xCA,0xFF,0xFF,0x45,0x00,0xBB,0xDB,0x02,0x00,
  0x00,0x0C,0xEF,0xA0,0x00,0x01,0xF8,0x91,0x00,0x00,0x00,0x00,0xAE,0xE0,0x00,0x0C,0xFF,0x7B,0x00,0x00,
  0x00,0x00,0x97,0xF3,0x00,0x01,0xF8,0x90,0x00,0x00,0x00,0x00,0xAD,0xE0,0x00,0x00,0xBB,0xDA,0x01,0x00,
  0x00,0x0C,0xEE,0xA1,0x00,0x00,0x3B,0xFA,0x98,0x19,0x1F,0xB0,0xF3,0x26,0x00,0x00,0x00,0x3E,0xC1,0xF6,
  0xF3,0xB8,0x30,0x00,0x00,0xA8,0xF0,0x00,0x00,0x00,0x00,0x00,0x50,0xFF,0x48,0x50,0xAD,0xA8,0xF0,0x00,
  0x00,0x00,0x00,0x00,0x50,0xFF,0x7C,0x64,0xB5,0xA8,0xF0,0x00,0x00,0x00,0x00,0x00,0x50,0xFF,0xF7,0xF1,
  0x59,0xA8,0xF0,0x00,0x00,0x00,0x00,0x00,0x50,0xFF,0x48,0x00,0x00,0xA8,0xF0,0x00,0x00,0x00,0x00,0x00,
  0x50,0xFF,0x48,0x00,0x00,0xA8,0xF0,0x00,0x00,0x00,0x00,0x00,0x50,0xFF,0x48,0x00,0x00,0xA8,0xF0,0x00,
  0x00,0x00,0x00,0x00,0x50,0xFF,0x48,0x00,0x00,0xA6,0xF2,0x00,0x00,0x00,0x00,0x00,0x52,0xFF,0x45,0x00,
  0x00,0x93,0xFD,0x07,0x00,0x00,0x00,0x00,0x66,0xFF,0x32,0x00,0x00,0x57,0xFF,0x46,0x00,0x00,0x00,0x00,
  0xA9,0xEF,0x06,0x00,0x00,0x05,0xCA,0xE0,0x47,0x0E,0x1C,0x7C,0xFE,0x6C,0x00,0x00,0x00,0x00,0x0D,0x8B,
  0xDC,0xFA,0xF3,0xC5,0x55,0x00,0x00,0x00,0x00,0x00,0x00,0x00,0x00,0x00,0x00,0x00,0x00,0x3C,0xC1,0xA0,
  0xD0,0x00,0x00,0x00,0x00,0xE5,0xF1,0x50,0xC9,0xA0,0xD0,0x00,0x00,0x00,0x00,0xC4,0xFF,0xF1,0x6B,0xA0,
  0xD0,0x00,0x00,0x00,0x00,0xBC,0xB4,0x00,0x00,0xA0,0xD0,0x00,0x00,0x00,0x00,0xBC,0xB4,0x00,0x00,0xA0,
  0xD0,0x00,0x00,0x00,0x00,0xBD,0xB4,0x00,0x00,0x92,0xDC,0x00,0x00,0x00,0x00,0xD6,0xB4,0x00,0x00,0x71,
  0xF8,0x0D,0x00,0x00,0x21,0xFB,0xB4,0x00,0x00,0x19,0xF8,0x95,0x11,0x2B,0xAC,0xCA,0xB4,0x00,0x00,0x00,
  0x51,0xDA,0xF8,0xC4,0x29,0xBC,0xB4,0x00,0x00,0x00,0x00,0x00,0x00,0x9C,0xFF,0x8E,0x00,0x00,0x00,0x00,
  0x00,0x00,0x00,0x09,0xF1,0xF7,0xE9,0x04,0x00,0x00,0x00,0x00,0x00,0x00,0x5A,0xFF,0x72,0xFF,0x4C,0x00,
  0x00,0x00,0x00,0x00,0x00,0xB9,0xDA,0x02,0xE7,0xAA,0x00,0x00,0x00,0x00,0x00,0x1A,0xFD,0x83,0x00,0x92,
  0xF8,0x11,0x00,0x00,0x00,0x00,0x77,0xFF,0x2C,0x00,0x3B,0xFF,0x68,0x00,0x00,0x00,0x00,0xD5,0xD5,0x00,
  0x00,0x01,0xE2,0xC6,0x00,0x00,0x00,0x35,0xFF,0x7F,0x00,0x00,0x00,0x8C,0xFF,0x26,0x00,0x00,0x94,0xFF,
  0xFF,0xFF,0xFF,0xFF,0xFF,0xFF,0x84,0x00,0x06,0xEC,0xAE,0x00,0x00,0x00,0x00,0x00,0xB7,0xE1,0x01,0x52,
  0xFF,0x53,0x00,0x00,0x00,0x00,0x00,0x5C,0xFF,0x41,0xB1,0xF1,0x08,0x00,0x00,0x00,0x00,0x00,0x0C,0xF5,
  0xA0,0x00,0x00,0x00,0x00,0x00,0x00,0x00,0x00,0x00,0x00,0x00,0x00,0x00,0x00,0x00,0x43,0xE4,0x20,0x00,
  0x00,0x00,0x00,0x00,0x00,0x00,0x00,0x47,0xF0,0x21,0x00,0x00,0x00,0x00,0x00,0x64,0xFF,0xFF,0xFD,0xE1,
  0xA2,0x1D,0x00,0x00,0x00,0x00,0x00,0x04,0x2B,0xBB,0xD1,0x04,0x00,0x00,0x00,0x00,0x00,0x00,0x26,0xFF,
  0x35,0x00,0x07,0x79,0xD5,0xF3,0xFF,0xFF,0xFF,0x57,0x00,0x93,0xEC,0x4A,0x0F,0x01,0x1B,0xFF,0x5C,0x00,
  0xEB,0x81,0x00,0x00,0x00,0x39,0xFF,0x5C,0x01,0xF5,0x7A,0x00,0x00,0x00,0x92,0xFF,0x5C,0x00,0xAD,0xE1,
  0x30,0x10,0x6A,0xAB,0xFF,0x5C,0x00,0x15,0xA8,0xEF,0xED,0x96,0x1B,0xFF,0x5C,0x00,0x00,0x00,0x00,0x00,
  0x00,0x00,0x00,0x00,0x00,0x00,0x00,0x6A,0xDC,0x00,0x00,0x00,0x00,0x00,0x00,0x00,0x70,0xE8,0x00,0x00,
  0x00,0x00,0x00,0x00,0x00,0x0C,0xB5,0xF5,0xD2,0x20,0x00,0x00,0x00,0x00,0x00,0x00,0x0A,0x2D,0x08,0xC5,
  0x39,0x00,0x00,0x00,0x00,0x00,0x00,0x00,0x00,0xB3,0x4A,0x00,0x00,0x00,0x00,0x00,0x00,0x00,0x00,0x00,
  0x00,0x00,0x00,0x00,0x00,0x00,0x00,0x00,0x00,0x00,0x9C,0xFF,0x8E,0x00,0x00,0x00,0x00,0x00,0x00,0x00,
  0x09,0xF1,0xF7,0xE9,0x04,0x00,0x00,0x00,0x00,0x00,0x00,0x5A,0xFF,0x72,0xFF,0x4C,0x00,0x00,0x00,0x00,
  0x00,0x00,0xB9,0xDA,0x02,0xE7,0xAA,0x00,0x00,0x00,0x00,0x00,0x1A,0xFD,0x83,0x00,0x92,0xF8,0x11,0x00,
  0x00,0x00,0x00,0x77,0xFF,0x2C,0x00,0x3B,0xFF,0x68,0x00,0x00,0x00,0x00,0xD5,0xD5,0x00,0x00,0x01,0xE2,
  0xC6,0x00,0x00,0x00,0x35,0xFF,0x7F,0x00,0x00,0x00,0x8C,0xFF,0x26,0x00,0x00,0x94,0xFF,0xFF,0xFF,0xFF,
  0xFF,0xFF,0xFF,0x84,0x00,0x06,0xEC,0xAE,0x00,0x00,0x00,0x00,0x00,0xB7,0xE1,0x01,0x52,0xFF,0x53,0x00,
  0x00,0x00,0x00,0x00,0x5C,0xFF,0x41,0xB1,0xF1,0x08,0x00,0x00,0x00,0x00,0x00,0x0C,0xF5,0xA0,0x00,0x00,
  0x00,0x97,0xF1,0xE1,0x3F,0x00,0x00,0x00,0x00,0x00,0x35,0x07,0x9D,0x66,0x00,0x00,0x00,0x00,0x00,0x00,
  0x83,0x7A,0x00,0x00,0x00,0x00,0x00,0x00,0x00,0x00,0x00,0x00,0x00,0x00,0x00,0x64,0xFF,0xFF,0xFD,0xE1,
  0xA2,0x1D,0x00,0x00,0x00,0x00,0x00,0x04,0x2B,0xBB,0xD1,0x04,0x00,0x00,0x00,0x00,0x00,0x00,0x26,0xFF,
  0x35,0x00,0x07,0x79,0xD5,0xF3,0xFF,0xFF,0xFF,0x57,0x00,0x93,0xEC,0x4A,0x0F,0x01,0x1B,0xFF,0x5C,0x00,
  0xEB,0x81,0x00,0x00,0x00,0x39,0xFF,0x5C,0x01,0xF5,0x7A,0x00,0x00,0x00,0x92,0xFF,0x5C,0x00,0xAD,0xE1,
  0x30,0x10,0x6A,0xAB,0xFF,0x5C,0x00,0x15,0xA8,0xEF,0xED,0x96,0x1B,0xFF,0x5C,0x00,0x00,0x00,0x00,0x00,
  0x00,0x00,0x00,0xA6,0xB8,0x04,0x00,0x00,0x00,0x00,0x00,0x00,0x00,0x6A,0xCD,0x0C,0x00,0x00,0x00,0x00,
  0x01,0xAC,0xE2,0x9C,0x00,0x00,0x00,0x00,0x00,0x00,0x00,0x82,0xA5,0x07,0xB2,0x6E,0x00,0x00,0x00,0x00,
  0x00,0x00,0x00,0x00,0x00,0x00,0x00,0x00,0x00,0x00,0x00,0x00,0x00,0x00,0x9C,0xFF,0x8E,0x00,0x00,0x00,
  0x00,0x00,0x00,0x00,0x09,0xF1,0xF7,0xE9,0x04,0x00,0x00,0x00,0x00,0x00,0x00,0x5A,0xFF,0x72,0xFF,0x4C,
  0x00,0x00,0x00,0x00,0x00,0x00,0xB9,0xDA,0x02,0xE7,0xAA,0x00,0x00,0x00,0x00,0x00,0x1A,0xFD,0x83,0x00,
  0x92,0xF8,0x11,0x00,0x00,0x00,0x00,0x77,0xFF,0x2C,0x00,0x3B,0xFF,0x68,0x00,0x00,0x00,0x00,0xD5,0xD5,
  0x00,0x00,0x01,0xE2,0xC6,0x00,0x00,0x00,0x35,0xFF,0x7F,0x00,0x00,0x00,0x8C,0xFF,0x26,0x00,0x00,0x94,
  0xFF,0xFF,0xFF,0xFF,0xFF,0xFF,0xFF,0x84,0x00,0x06,0xEC,0xAE,0x00,0x00,0x00,0x00,0x00,0xB7,0xE1,0x01,
  0x52,0xFF,0x53,0x00,0x00,0x00,0x00,0x00,0x5C,0xFF,0x41,0xB1,0xF1,0x08,0x00,0x00,0x00,0x00,0x00,0x0C,
  0xF5,0xA0,0x00,0x00,0x00,0x00,0x00,0x00,0x00,0x7B,0xD7,0x12,0x00,0x00,0x00,0x00,0x00,0x00,0x41,0xE3,
  0x1F,0x00,0x00,0x00,0x00,0x83,0xE2,0xC2,0x05,0x00,0x00,0x00,0x00,0x00,0x56,0xC5,0x0C,0x8B,0x9A,0x00,
  0x00,0x00,0x00,0x00,0x00,0x00,0x00,0x00,0x00,0x00,0x00,0x00,0x00,0x64,0xFF,0xFF,0xFD,0xE1,0xA2,0x1D,
  0x00,0x00,0x00,0x00,0x00,0x00,0x04,0x2B,0xBB,0xD1,0x04,0x00,0x00,0x00,0x00,0x00,0x00,0x00,0x26,0xFF,
  0x35,0x00,0x00,0x07,0x79,0xD5,0xF3,0xFF,0xFF,0xFF,0x57,0x00,0x00,0x93,0xEC,0x4A,0x0F,0x01,0x1B,0xFF,
  0x5C,0x00,0x00,0xEB,0x81,0x00,0x00,0x00,0x39,0xFF,0x5C,0x00,0x01,0xF5,0x7A,0x00,0x00,0x00,0x92,0xFF,
  0x5C,0x00,0x00,0xAD,0xE1,0x30,0x10,0x6A,0xAB,0xFF,0x5C,0x00,0x00,0x15,0xA8,0xEF,0xED,0x96,0x1B,0xFF,
  0x5C,0x00,0x00,0x00,0x00,0x00,0x00,0x02,0xAE,0xB0,0x00,0x00,0x00,0x00,0x00,0x00,0x00,0x00,0x00,0x08,
  0xC2,0x75,0x00,0x00,0x00,0x00,0x00,0x01,0xAC,0xE2,0x9C,0x00,0x00,0x00,0x00,0x00,0x00,0x00,0x82,0xA5,
  0x07,0xB2,0x6E,0x00,0x00,0x00,0x00,0x00,0x00,0x00,0x00,0x00,0x00,0x00,0x00,0x00,0x00,0x00,0x00,0x00,
  0x00,0x9C,0xFF,0x8E,0x00,0x00,0x00,0x00,0x00,0x00,0x00,0x09,0xF1,0xF7,0xE9,0x04,0x00,0x00,0x00,0x00,
  0x00,0x00,0x5A,0xFF,0x72,0xFF,0x4C,0x00,0x00,0x00,0x00,0x00,0x00,0xB9,0xDA,0x02,0xE7,0xAA,0x00,0x00,
  0x00,0x00,0x00,0x1A,0xFD,0x83,0x00,0x92,0xF8,0x11,0x00,0x00,0x00,0x00,0x77,0xFF,0x2C,0x00,0x3B,0xFF,
  0x68,0x00,0x00,0x00,0x00,0xD5,0xD5,0x00,0x00,0x01,0xE2,0xC6,0x00,0x00,0x00,0x35,0xFF,0x7F,0x00,0x00,
  0x00,0x8C,0xFF,0x26,0x00,0x00,0x94,0xFF,0xFF,0xFF,0xFF,0xFF,0xFF,0xFF,0x84,0x00,0x06,0xEC,0xAE,0x00,
  0x00,0x00,0x00,0x00,0xB7,0xE1,0x01,0x52,0xFF,0x53,0x00,0x00,0x00,0x00,0x00,0x5C,0xFF,0x41,0xB1,0xF1,
  0x08,0x00,0x00,0x00,0x00,0x00,0x0C,0xF5,0xA0,0x00,0x00,0x00,0x00,0x00,0x8A,0xD0,0x08,0x00,0x00,0x00,
  0x00,0x00,0x00,0x01,0xA2,0x9D,0x00,0x00,0x00,0x00,0x87,0xE2,0xBF,0x04,0x00,0x00,0x00,0x00,0x5A,0xC3,
  0x0B,0x8F,0x96,0x00,0x00,0x00,0x00,0x00,0x00,0x00,0x00,0x00,0x00,0x00,0x00,0x64,0xFF,0xFF,0xFD,0xE1,
  0xA2,0x1D,0x00,0x00,0x00,0x00,0x00,0x04,0x2B,0xBB,0xD1,0x04,0x00,0x00,0x00,0x00,0x00,0x00,0x26,0xFF,
  0x35,0x00,0x07,0x79,0xD5,0xF3,0xFF,0xFF,0xFF,0x57,0x00,0x93,0xEC,0x4A,0x0F,0x01,0x1B,0xFF,0x5C,0x00,
  0xEB,0x81,0x00,0x00,0x00,0x39,0xFF,0x5C,0x01,0xF5,0x7A,0x00,0x00,0x00,0x92,0xFF,0x5C,0x00,0xAD,0xE1,
  0x30,0x10,0x6A,0xAB,0xFF,0x5C,0x00,0x15,0xA8,0xEF,0xED,0x96,0x1B,0xFF,0x5C,0x00,0x00,0x00,0x00,0x00,
  0x00,0x3C,0xD6,0xF6,0xA0,0x00,0x00,0x00,0x00,0x00,0x00,0x00,0x24,0x16,0x2A,0xD9,0x01,0x00,0x00,0x00,
  0x01,0xAC,0xE2,0x9C,0x1F,0xC5,0x18,0x00,0x00,0x00,0x00,0x82,0xA5,0x07,0xB2,0x6E,0x00,0x00,0x00,0x00,
  0x00,0x00,0x00,0x00,0x00,0x00,0x00,0x00,0x00,0x00,0x00,0x00,0x00,0x00,0x9C,0xFF,0x8E,0x00,0x00,0x00,
  0x00,0x00,0x00,0x00,0x09,0xF1,0xF7,0xE9,0x04,0x00,0x00,0x00,0x00,0x00,0x00,0x5A,0xFF,0x72,0xFF,0x4C,
  0x00,0x00,0x00,0x00,0x00,0x00,0xB9,0xDA,0x02,0xE7,0xAA,0x00,0x00,0x00,0x00,0x00,0x1A,0xFD,0x83,0x00,
  0x92,0xF8,0x11,0x00,0x00,0x00,0x00,0x77,0xFF,0x2C,0x00,0x3B,0xFF,0x68,0x00,0x00,0x00,0x00,0xD5,0xD5,
  0x00,0x00,0x01,0xE2,0xC6,0x00,0x00,0x00,0x35,0xFF,0x7F,0x00,0x00,0x00,0x8C,0xFF,0x26,0x00,0x00,0x94,
  0xFF,0xFF,0xFF,0xFF,0xFF,0xFF,0xFF,0x84,0x00,0x06,0xEC,0xAE,0x00,0x00,0x00,0x00,0x00,0xB7,0xE1,0x01,
  0x52,0xFF,0x53,0x00,0x00,0x00,0x00,0x00,0x5C,0xFF,0x41,0xB1,0xF1,0x08,0x00,0x00,0x00,0x00,0x00,0x0C,
  0xF5,0xA0,0x00,0x00,0x00,0x00,0x00,0x22,0xC7,0xF6,0xBD,0x0B,0x00,0x00,0x00,0x00,0x00,0x19,0x21,0x13,
  0xDA,0x18,0x00,0x00,0x00,0x83,0xE2,0xC2,0x0C,0xCA,0x2C,0x00,0x00,0x00,0x56,0xC5,0x0C,0x8B,0x9A,0x00,
  0x00,0x00,0x00,0x00,0x00,0x00,0x00,0x00,0x00,0x00,0x00,0x00,0x00,0x64,0xFF,0xFF,0xFD,0xE1,0xA2,0x1D,
  0x00,0x00,0x00,0x00,0x00,0x00,0x04,0x2B,0xBB,0xD1,0x04,0x00,0x00,0x00,0x00,0x00,0x00,0x00,0x26,0xFF,
  0x35,0x00,0x00,0x07,0x79,0xD5,0xF3,0xFF,0xFF,0xFF,0x57,0x00,0x00,0x93,0xEC,0x4A,0x0F,0x01,0x1B,0xFF,
  0x5C,0x00,0x00,0xEB,0x81,0x00,0x00,0x00,0x39,0xFF,0x5C,0x00,0x01,0xF5,0x7A,0x00,0x00,0x00,0x92,0xFF,
  0x5C,0x00,0x00,0xAD,0xE1,0x30,0x10,0x6A,0xAB,0xFF,0x5C,0x00,0x00,0x15,0xA8,0xEF,0xED,0x96,0x1B,0xFF,
  0x5C,0x00,0x00,0x00,0x00,0x89,0xF3,0x91,0x1F,0xF4,0x05,0x00,0x00,0x00,0x00,0x06,0xF4,0x1F,0x93,0xF3,
  0x86,0x00,0x00,0x00,0x00,0x00,0x00,0x01,0xAC,0xE2,0x9C,0x00,0x00,0x00,0x00,0x00,0x00,0x00,0x82,0xA5,
  0x07,0xB2,0x6E,0x00,0x00,0x00,0x00,0x00,0x00,0x00,0x00,0x00,0x00,0x00,0x00,0x00,0x00,0x00,0x00,0x00,
  0x00,0x9C,0xFF,0x8E,0x00,0x00,0x00,0x00,0x00,0x00,0x00,0x09,0xF1,0xF7,0xE9,0x04,0x00,0x00,0x00,0x00,
  0x00,0x00,0x5A,0xFF,0x72,0xFF,0x4C,0x00,0x00,0x00,0x00,0x00,0x00,0xB9,0xDA,0x02,0xE7,0xAA,0x00,0x00,
  0x00,0x00,0x00,0x1A,0xFD,0x83,0x00,0x92,0xF8,0x11,0x00,0x00,0x00,0x00,0x77,0xFF,0x2C,0x00,0x3B,0xFF,
  0x68,0x00,0x00,0x00,0x00,0xD5,0xD5,0x00,0x00,0x01,0xE2,0xC6,0x00,0x00,0x00,0x35,0xFF,0x7F,0x00,0x00,
  0x00,0x8C,0xFF,0x26,0x00,0x00,0x94,0xFF,0xFF,0xFF,0xFF,0xFF,0xFF,0xFF,0x84,0x00,0x06,0xEC,0xAE,0x00,
  0x00,0x00,0x00,0x00,0xB7,0xE1,0x01,0x52,0xFF,0x53,0x00,0x00,0x00,0x00,0x00,0x5C,0xFF,0x41,0xB1,0xF1,
  0x08,0x00,0x00,0x00,0x00,0x00,0x0C,0xF5,0xA0,0x00,0x00,0x62,0xF2,0xAC,0x20,0xD9,0x2C,0x00,0x00,0x00,
  0xD6,0x3A,0x77,0xEE,0xAF,0x00,0x00,0x00,0x00,0x00,0x83,0xE2,0xC2,0x05,0x00,0x00,0x00,0x00,0x56,0xC5,
  0x0C,0x8B,0x9A,0x00,0x00,0x00,0x00,0x00,0x00,0x00,0x00,0x00,0x00,0x00,0x00,0x64,0xFF,0xFF,0xFD,0xE1,
  0xA2,0x1D,0x00,0x00,0x00,0x00,0x00,0x04,0x2B,0xBB,0xD1,0x04,0x00,0x00,0x00,0x00,0x00,0x00,0x26,0xFF,
  0x35,0x00,0x07,0x79,0xD5,0xF3,0xFF,0xFF,0xFF,0x57,0x00,0x93,0xEC,0x4A,0x0F,0x01,0x1B,0xFF,0x5C,0x00,
  0xEB,0x81,0x00,0x00,0x00,0x39,0xFF,0x5C,0x01,0xF5,0x7A,0x00,0x00,0x00,0x92,0xFF,0x5C,0x00,0xAD,0xE1,
  0x30,0x10,0x6A,0xAB,0xFF,0x5C,0x00,0x15,0xA8,0xEF,0xED,0x96,0x1B,0xFF,0x5C,0x00,0x00,0x00,0x01,0xAC,
  0xE2,0x9C,0x00,0x00,0x00,0x00,0x00,0x00,0x00,0x82,0xA5,0x07,0xB2,0x6E,0x00,0x00,0x00,0x00,0x00,0x00,
  0x00,0x00,0x00,0x00,0x00,0x00,0x00,0x00,0x00,0x00,0x00,0x00,0x9C,0xFF,0x8E,0x00,0x00,0x00,0x00,0x00,
  0x00,0x00,0x09,0xF1,0xF7,0xE9,0x04,0x00,0x00,0x00,0x00,0x00,0x00,0x5A,0xFF,0x72,0xFF,0x4C,0x00,0x00,
  0x00,0x00,0x00,0x00,0xB9,0xDA,0x02,0xE7,0xAA,0x00,0x00,0x00,0x00,0x00,0x1A,0xFD,0x83,0x00,0x92,0xF8,
  0x11,0x00,0x00,0x00,0x00,0x77,0xFF,0x2C,0x00,0x3B,0xFF,0x68,0x00,0x00,0x00,0x00,0xD5,0xD5,0x00,0x00,
  0x01,0xE2,0xC6,0x00,0x00,0x00,0x35,0xFF,0x7F,0x00,0x00,0x00,0x8C,0xFF,0x26,0x00,0x00,0x94,0xFF,0xFF,
  0xFF,0xFF,0xFF,0xFF,0xFF,0x84,0x00,0x06,0xEC,0xAE,0x00,0x00,0x00,0x00,0x00,0xB7,0xE1,0x01,0x52,0xFF,
  0x53,0x00,0x00,0x00,0x00,0x00,0x5C,0xFF,0x41,0xB1,0xF1,0x08,0x00,0x00,0x00,0x00,0x00,0x0C,0xF5,0xA0,
  0x00,0x00,0x00,0x00,0x00,0x00,0x00,0x00,0x00,0x00,0x00,0x00,0x00,0x00,0x00,0x51,0xE4,0x11,0x00,0x00,
  0x00,0x00,0x00,0x00,0x00,0x00,0x56,0xF0,0x12,0x00,0x00,0x00,0x00,0x00,0x00,0x00,0x3F,0xFE,0x8C,0x00,
  0x00,0x00,0x00,0x00,0x08,0xD9,0x6C,0xE9,0x33,0x00,0x00,0x00,0x00,0x86,0x98,0x00,0x51,0xCE,0x03,0x00,
  0x00,0x00,0x00,0x00,0x00,0x00,0x00,0x00,0x00,0x00,0x64,0xFF,0xFF,0xFD,0xE1,0xA2,0x1D,0x00,0x00,0x00,
  0x00,0x00,0x04,0x2B,0xBB,0xD1,0x04,0x00,0x00,0x00,0x00,0x00,0x00,0x26,0xFF,0x35,0x00,0x07,0x79,0xD5,
  0xF3,0xFF,0xFF,0xFF,0x57,0x00,0x93,0xEC,0x4A,0x0F,0x01,0x1B,0xFF,0x5C,0x00,0xEB,0x81,0x00,0x00,0x00,
  0x39,0xFF,0x5C,0x01,0xF5,0x7A,0x00,0x00,0x00,0x92,0xFF,0x5C,0x00,0xAD,0xE1,0x30,0x10,0x6A,0xAB,0xFF,
  0x5C,0x00,0x15,0xA8,0xEF,0xED,0x96,0x1B,0xFF,0x5C,0x00,0x00,0x00,0x00,0x00,0x00,0x00,0x00,0x00,0x00,
  0x00,0x00,0x6A,0xDC,0x00,0x00,0x00,0x00,0x00,0x00,0x00,0x70,0xE8,0x00,0x00,0x00,0x00,0x00,0x00,0x00,
  0x00,0x00,0x24,0xEE,0x50,0x00,0x00,0x00,0x00,0x00,0x00,0x00,0x09,0xD0,0x6A,0x00,0x00,0x00,0x00,0x00,
  0x00,0x00,0xDA,0x48,0x06,0x66,0xC6,0x00,0x00,0x00,0x00,0x00,0x00,0x41,0xD6,0xF8,0xD0,0x35,0x00,0x00,
  0x00,0x00,0x00,0x00,0x00,0x00,0x00,0x00,0x00,0x00,0x00,0x00,0x00,0x00,0x00,0x00,0x9C,0xFF,0x8E,0x00,
  0x00,0x00,0x00,0x00,0x00,0x00,0x09,0xF1,0xF7,0xE9,0x04,0x00,0x00,0x00,0x00,0x00,0x00,0x5A,0xFF,0x72,
  0xFF,0x4C,0x00,0x00,0x00,0x00,0x00,0x00,0xB9,0xDA,0x02,0xE7,0xAA,0x00,0x00,0x00,0x00,0x00,0x1A,0xFD,
  0x83,0x00,0x92,0xF8,0x11,0x00,0x00,0x00,0x00,0x77,0xFF,0x2C,0x00,0x3B,0xFF,0x68,0x00,0x00,0x00,0x00,
  0xD5,0xD5,0x00,0x00,0x01,0xE2,0xC6,0x00,0x00,0x00,0x35,0xFF,0x7F,0x00,0x00,0x00,0x8C,0xFF,0x26,0x00,
  0x00,0x94,0xFF,0xFF,0xFF,0xFF,0xFF,0xFF,0xFF,0x84,0x00,0x06,0xEC,0xAE,0x00,0x00,0x00,0x00,0x00,0xB7,
  0xE1,0x01,0x52,0xFF,0x53,0x00,0x00,0x00,0x00,0x00,0x5C,0xFF,0x41,0xB1,0xF1,0x08,0x00,0x00,0x00,0x00,
  0x00,0x0C,0xF5,0xA0,0x00,0x00,0x00,0x00,0x13,0xE2,0x6D,0x00,0x00,0x00,0x00,0x00,0x01,0xB8,0x89,0x00,
  0x00,0x00,0x00,0x00,0xBB,0x65,0x07,0x4A,0xE4,0x00,0x00,0x00,0x00,0x2E,0xCC,0xF8,0xDA,0x49,0x00,0x00,
  0x00,0x00,0x00,0x00,0x00,0x00,0x00,0x00,0x00,0x00,0x64,0xFF,0xFF,0xFD,0xE1,0xA2,0x1D,0x00,0x00,0x00,
  0x00,0x00,0x04,0x2B,0xBB,0xD1,0x04,0x00,0x00,0x00,0x00,0x00,0x00,0x26,0xFF,0x35,0x00,0x07,0x79,0xD5,
  0xF3,0xFF,0xFF,0xFF,0x57,0x00,0x93,0xEC,0x4A,0x0F,0x01,0x1B,0xFF,0x5C,0x00,0xEB,0x81,0x00,0x00,0x00,
  0x39,0xFF,0x5C,0x01,0xF5,0x7A,0x00,0x00,0x00,0x92,0xFF,0x5C,0x00,0xAD,0xE1,0x30,0x10,0x6A,0xAB,0xFF,
  0x5C,0x00,0x15,0xA8,0xEF,0xED,0x96,0x1B,0xFF,0x5C,0x00,0x00,0x00,0x5E,0xE9,0x1B,0x00,0x00,0x00,0x00,
  0x00,0x00,0x00,0x00,0x00,0x77,0xC4,0x04,0x00,0x00,0x00,0x00,0x00,0x00,0x00,0xDA,0x48,0x06,0x66,0xC6,
  0x00,0x00,0x00,0x00,0x00,0x00,0x41,0xD6,0xF8,0xD0,0x35,0x00,0x00,0x00,0x00,0x00,0x00,0x00,0x00,0x00,
  0x00,0x00,0x00,0x00,0x00,0x00,0x00,0x00,0x00,0x9C,0xFF,0x8E,0x00,0x00,0x00,0x00,0x00,0x00,0x00,0x09,
  0xF1,0xF7,0xE9,0x04,0x00,0x00,0x00,0x00,0x00,0x00,0x5A,0xFF,0x72,0xFF,0x4C,0x00,0x00,0x00,0x00,0x00,
  0x00,0xB9,0xDA,0x02,0xE7,0xAA,0x00,0x00,0x00,0x00,0x00,0x1A,0xFD,0x83,0x00,0x92,0xF8,0x11,0x00,0x00,
  0x00,0x00,0x77,0xFF,0x2C,0x00,0x3B,0xFF,0x68,0x00,0x00,0x00,0x00,0xD5,0xD5,0x00,0x00,0x01,0xE2,0xC6,
  0x00,0x00,0x00,0x35,0xFF,0x7F,0x00,0x00,0x00,0x8C,0xFF,0x26,0x00,0x00,0x94,0xFF,0xFF,0xFF,0xFF,0xFF,
  0xFF,0xFF,0x84,0x00,0x06,0xEC,0xAE,0x00,0x00,0x00,0x00,0x00,0xB7,0xE1,0x01,0x52,0xFF,0x53,0x00,0x00,
  0x00,0x00,0x00,0x5C,0xFF,0x41,0xB1,0xF1,0x08,0x00,0x00,0x00,0x00,0x00,0x0C,0xF5,0xA0,0x00,0x00,0x40,
  0xF0,0x31,0x00,0x00,0x00,0x00,0x00,0x00,0x00,0x55,0xDB,0x10,0x00,0x00,0x00,0x00,0x00,0xB7,0x69,0x07,
  0x46,0xE7,0x01,0x00,0x00,0x00,0x2C,0xCB,0xF7,0xDB,0x4C,0x00,0x00,0x00,0x00,0x00,0x00,0x00,0x00,0x00,
  0x00,0x00,0x00,0x64,0xFF,0xFF,0xFD,0xE1,0xA2,0x1D,0x00,0x00,0x00,0x00,0x00,0x04,0x2B,0xBB,0xD1,0x04,
  0x00,0x00,0x00,0x00,0x00,0x00,0x26,0xFF,0x35,0x00,0x07,0x79,0xD5,0xF3,0xFF,0xFF,0xFF,0x57,0x00,0x93,
  0xEC,0x4A,0x0F,0x01,0x1B,0xFF,0x5C,0x00,0xEB,0x81,0x00,0x00,0x00,0x39,0xFF,0x5C,0x01,0xF5,0x7A,0x00,
  0x00,0x00,0x92,0xFF,0x5C,0x00,0xAD,0xE1,0x30,0x10,0x6A,0xAB,0xFF,0x5C,0x00,0x15,0xA8,0xEF,0xED,0x96,
  0x1B,0xFF,0x5C,0x00,0x00,0x00,0x1B,0xC2,0xF6,0xC3,0x10,0x00,0x00,0x00,0x00,0x00,0x00,0x15,0x24,0x0F,
  0xD6,0x20,0x00,0x00,0x00,0x00,0x00,0x00,0xDA,0x4A,0xCE,0x9A,0xC6,0x00,0x00,0x00,0x00,0x00,0x00,0x41,
  0xD6,0xF8,0xD0,0x35,0x00,0x00,0x00,0x00,0x00,0x00,0x00,0x00,0x00,0x00,0x00,0x00,0x00,0x00,0x00,0x00,
  0x00,0x00,0x9C,0xFF,0x8E,0x00,0x00,0x00,0x00,0x00,0x00,0x00,0x09,0xF1,0xF7,0xE9,0x04,0x00,0x00,0x00,
  0x00,0x00,0x00,0x5A,0xFF,0x72,0xFF,0x4C,0x00,0x00,0x00,0x00,0x00,0x00,0xB9,0xDA,0x02,0xE7,0xAA,0x00,
  0x00,0x00,0x00,0x00,0x1A,0xFD,0x83,0x00,0x92,0xF8,0x11,0x00,0x00,0x00,0x00,0x77,0xFF,0x2C,0x00,0x3B,
  0xFF,0x68,0x00,0x00,0x00,0x00,0xD5,0xD5,0x00,0x00,0x01,0xE2,0xC6,0x00,0x00,0x00,0x35,0xFF,0x7F,0x00,
  0x00,0x00,0x8C,0xFF,0x26,0x00,0x00,0x94,0xFF,0xFF,0xFF,0xFF,0xFF,0xFF,0xFF,0x84,0x00,0x06,0xEC,0xAE,
  0x00,0x00,0x00,0x00,0x00,0xB7,0xE1,0x01,0x52,0xFF,0x53,0x00,0x00,0x00,0x00,0x00,0x5C,0xFF,0x41,0xB1,
  0xF1,0x08,0x00,0x00,0x00,0x00,0x00,0x0C,0xF5,0xA0,0x00,0x00,0x08,0xB2,0xF4,0xD5,0x25,0x00,0x00,0x00,
  0x00,0x07,0x30,0x07,0xBF,0x40,0x00,0x00,0x00,0x00,0xB3,0x6D,0xB2,0x96,0xE9,0x01,0x00,0x00,0x00,0x29,
  0xC9,0xF7,0xDC,0x4E,0x00,0x00,0x00,0x00,0x00,0x00,0x00,0x00,0x00,0x00,0x00,0x00,0x64,0xFF,0xFF,0xFD,
  0xE1,0xA2,0x1D,0x00,0x00,0x00,0x00,0x00,0x04,0x2B,0xBB,0xD1,0x04,0x00,0x00,0x00,0x00,0x00,0x00,0x26,
  0xFF,0x35,0x00,0x07,0x79,0xD5,0xF3,0xFF,0xFF,0xFF,0x57,0x00,0x93,0xEC,0x4A,0x0F,0x01,0x1B,0xFF,0x5C,
  0x00,0xEB,0x81,0x00,0x00,0x00,0x39,0xFF,0x5C,0x01,0xF5,0x7A,0x00,0x00,0x00,0x92,0xFF,0x5C,0x00,0xAD,
  0xE1,0x30,0x10,0x6A,0xAB,0xFF,0x5C,0x00,0x15,0xA8,0xEF,0xED,0x96,0x1B,0xFF,0x5C,0x00,0x00,0x00,0x89,
  0xF3,0x91,0x1F,0xF4,0x05,0x00,0x00,0x00,0x00,0x06,0xF4,0x1F,0x93,0xF3,0x86,0x00,0x00,0x00,0x00,0x00,
  0x00,0xDA,0x48,0x06,0x66,0xC6,0x00,0x00,0x00,0x00,0x00,0x00,0x41,0xD6,0xF8,0xD0,0x35,0x00,0x00,0x00,
  0x00,0x00,0x00,0x00,0x00,0x00,0x00,0x00,0x00,0x00,0x00,0x00,0x00,0x00,0x00,0x9C,0xFF,0x8E,0x00,0x00,
  0x00,0x00,0x00,0x00,0x00,0x09,0xF1,0xF7,0xE9,0x04,0x00,0x00,0x00,0x00,0x00,0x00,0x5A,0xFF,0x72,0xFF,
  0x4C,0x00,0x00,0x00,0x00,0x00,0x00,0xB9,0xDA,0x02,0xE7,0xAA,0x00,0x00,0x00,0x00,0x00,0x1A,0xFD,0x83,
  0x00,0x92,0xF8,0x11,0x00,0x00,0x00,0x00,0x77,0xFF,0x2C,0x00,0x3B,0xFF,0x68,0x00,0x00,0x00,0x00,0xD5,
  0xD5,0x00,0x00,0x01,0xE2,0xC6,0x00,0x00,0x00,0x35,0xFF,0x7F,0x00,0x00,0x00,0x8C,0xFF,0x26,0x00,0x00,
  0x94,0xFF,0xFF,0xFF,0xFF,0xFF,0xFF,0xFF,0x84,0x00,0x06,0xEC,0xAE,0x00,0x00,0x00,0x00,0x00,0xB7,0xE1,
  0x01,0x52,0xFF,0x53,0x00,0x00,0x00,0x00,0x00,0x5C,0xFF,0x41,0xB1,0xF1,0x08,0x00,0x00,0x00,0x00,0x00,
  0x0C,0xF5,0xA0,0x00,0x00,0x69,0xF3,0xA7,0x1E,0xE0,0x24,0x00,0x00,0x00,0xDE,0x33,0x7C,0xF0,0xA8,0x00,
  0x00,0x00,0x00,0xB7,0x69,0x07,0x46,0xE7,0x01,0x00,0x00,0x00,0x2C,0xCB,0xF7,0xDB,0x4C,0x00,0x00,0x00,
  0x00,0x00,0x00,0x00,0x00,0x00,0x00,0x00,0x00,0x64,0xFF,0xFF,0xFD,0xE1,0xA2,0x1D,0x00,0x00,0x00,0x00,
  0x00,0x04,0x2B,0xBB,0xD1,0x04,0x00,0x00,0x00,0x00,0x00,0x00,0x26,0xFF,0x35,0x00,0x07,0x79,0xD5,0xF3,
  0xFF,0xFF,0xFF,0x57,0x00,0x93,0xEC,0x4A,0x0F,0x01,0x1B,0xFF,0x5C,0x00,0xEB,0x81,0x00,0x00,0x00,0x39,
  0xFF,0x5C,0x01,0xF5,0x7A,0x00,0x00,0x00,0x92,0xFF,0x5C,0x00,0xAD,0xE1,0x30,0x10,0x6A,0xAB,0xFF,0x5C,
  0x00,0x15,0xA8,0xEF,0xED,0x96,0x1B,0xFF,0x5C,0x00,0x00,0x00,0xB4,0x6A,0x07,0x38,0xE6,0x01,0x00,0x00,
  0x00,0x00,0x00,0x2B,0xCA,0xF7,0xDC,0x4F,0x00,0x00,0x00,0x00,0x00,0x00,0x00,0x00,0x00,0x00,0x00,0x00,
  0x00,0x00,0x00,0x00,0x00,0x00,0x00,0x00,0x00,0x00,0x00,0x00,0x00,0x00,0x00,0x00,0x00,0x9C,0xFF,0x8E,
  0x00,0x00,0x00,0x00,0x00,0x00,0x00,0x09,0xF1,0xF7,0xE9,0x04,0x00,0x00,0x00,0x00,0x00,0x00,0x5A,0xFF,
  0x72,0xFF,0x4C,0x00,0x00,0x00,0x00,0x00,0x00,0xB9,0xDA,0x02,0xE7,0xAA,0x00,0x00,0x00,0x00,0x00,0x1A,
  0xFD,0x83,0x00,0x92,0xF8,0x11,0x00,0x00,0x00,0x00,0x77,0xFF,0x2C,0x00,0x3B,0xFF,0x68,0x00,0x00,0x00,
  0x00,0xD5,0xD5,0x00,0x00,0x01,0xE2,0xC6,0x00,0x00,0x00,0x35,0xFF,0x7F,0x00,0x00,0x00,0x8C,0xFF,0x26,
  0x00,0x00,0x94,0xFF,0xFF,0xFF,0xFF,0xFF,0xFF,0xFF,0x84,0x00,0x06,0xEC,0xAE,0x00,0x00,0x00,0x00,0x00,
  0xB7,0xE1,0x01,0x52,0xFF,0x53,0x00,0x00,0x00,0x00,0x00,0x5C,0xFF,0x41,0xB1,0xF1,0x08,0x00,0x00,0x00,
  0x00,0x00,0x0C,0xF5,0xA0,0x00,0x00,0x00,0x00,0x00,0x00,0x00,0x00,0x00,0x00,0x00,0x00,0x00,0x00,0x00,
  0x35,0xE4,0x2E,0x00,0x00,0x00,0x00,0x00,0x00,0x00,0x00,0x38,0xF0,0x30,0x00,0x00,0x00,0x00,0x00,0x00,
  0xB0,0x6D,0x07,0x35,0xE8,0x03,0x00,0x00,0x00,0x29,0xC9,0xF7,0xDE,0x51,0x00,0x00,0x00,0x00,0x00,0x00,
  0x00,0x00,0x00,0x00,0x00,0x00,0x00,0x00,0x00,0x00,0x00,0x00,0x00,0x00,0x00,0x64,0xFF,0xFF,0xFD,0xE1,
  0xA2,0x1D,0x00,0x00,0x00,0x00,0x00,0x04,0x2B,0xBB,0xD1,0x04,0x00,0x00,0x00,0x00,0x00,0x00,0x26,0xFF,
  0x35,0x00,0x07,0x79,0xD5,0xF3,0xFF,0xFF,0xFF,0x57,0x00,0x93,0xEC,0x4A,0x0F,0x01,0x1B,0xFF,0x5C,0x00,
  0xEB,0x81,0x00,0x00,0x00,0x39,0xFF,0x5C,0x01,0xF5,0x7A,0x00,0x00,0x00,0x92,0xFF,0x5C,0x00,0xAD,0xE1,
  0x30,0x10,0x6A,0xAB,0xFF,0x5C,0x00,0x15,0xA8,0xEF,0xED,0x96,0x1B,0xFF,0x5C,0x00,0x00,0x00,0x00,0x00,
  0x00,0x00,0x00,0x00,0x00,0x00,0x00,0x4A,0xE4,0x18,0x00,0x00,0x00,0x00,0x00,0x00,0x4E,0xF0,0x1A,0x00,
  0x00,0x00,0x6C,0xFF,0xFF,0xFF,0xFF,0xFF,0xFF,0xF4,0x00,0x6C,0xFF,0x28,0x00,0x00,0x00,0x00,0x00,0x00,
  0x6C,0xFF,0x28,0x00,0x00,0x00,0x00,0x00,0x00,0x6C,0xFF,0x28,0x00,0x00,0x00,0x00,0x00,0x00,0x6C,0xFF,
  0x28,0x00,0x00,0x00,0x00,0x00,0x00,0x6C,0xFF,0xFF,0xFF,0xFF,0xFF,0xFF,0xB4,0x00,0x6C,0xFF,0x28,0x00,
  0x00,0x00,0x00,0x00,0x00,0x6C,0xFF,0x28,0x00,0x00,0x00,0x00,0x00,0x00,0x6C,0xFF,0x28,0x00,0x00,0x00,
  0x00,0x00,0x00,0x6C,0xFF,0x28,0x00,0x00,0x00,0x00,0x00,0x00,0x6C,0xFF,0x28,0x00,0x00,0x00,0x00,0x00,
  0x00,0x6C,0xFF,0xFF,0xFF,0xFF,0xFF,0xFF,0xFF,0x18,0x00,0x00,0x00,0x00,0x00,0x00,0x00,0x00,0x00,0x00,
  0x00,0x00,0x72,0xD5,0x00,0x00,0x00,0x00,0x00,0x00,0x00,0x78,0xE1,0x00,0x00,0x00,0x00,0x00,0x00,0x2D,
  0xB1,0xEF,0xF7,0xC6,0x3E,0x00,0x00,0x2F,0xF4,0xA6,0x22,0x12,0x7E,0xF9,0x33,0x00,0xB9,0xD6,0x04,0x00,
  0x00,0x00,0xC1,0xB0,0x06,0xFA,0x8A,0x00,0x00,0x00,0x00,0x82,0xEC,0x17,0xFF,0xFF,0xFF,0xFF,0xFF,0xFF,
  0xFF,0xFE,0x08,0xFC,0x7E,0x00,0x00,0x00,0x00,0x00,0x00,0x00,0xBC,0xCD,0x03,0x00,0x00,0x00,0x00,0x00,
  0x00,0x2F,0xF3,0xA8,0x29,0x09,0x27,0x70,0x8D,0x00,0x00,0x28,0xA8,0xEA,0xF7,0xD7,0x8C,0x1A,0x00,0x00,
  0x00,0x00,0x00,0x00,0x00,0x00,0x00,0x00,0x00,0x00,0x00,0x92,0xB5,0x00,0x00,0x00,0x00,0x00,0x00,0x00,
  0x99,0xBF,0x00,0x00,0x00,0x00,0x00,0x2B,0xCD,0xF6,0xB4,0x05,0x00,0x00,0x00,0x00,0x1D,0x1D,0x19,0xDD,
  0x0E,0x00,0x00,0x00,0x00,0x00,0x0E,0xCA,0x24,0x00,0x00,0x00,0x00,0x00,0x00,0x00,0x00,0x00,0x00,0x00,
  0x00,0x6C,0xFF,0xFF,0xFF,0xFF,0xFF,0xFF,0xF4,0x00,0x6C,0xFF,0x28,0x00,0x00,0x00,0x00,0x00,0x00,0x6C,
  0xFF,0x28,0x00,0x00,0x00,0x00,0x00,0x00,0x6C,0xFF,0x28,0x00,0x00,0x00,0x00,0x00,0x00,0x6C,0xFF,0x28,
  0x00,0x00,0x00,0x00,0x00,0x00,0x6C,0xFF,0xFF,0xFF,0xFF,0xFF,0xFF,0xB4,0x00,0x6C,0xFF,0x28,0x00,0x00,
  0x00,0x00,0x00,0x00,0x6C,0xFF,0x28,0x00,0x00,0x00,0x00,0x00,0x00,0x6C,0xFF,0x28,0x00,0x00,0x00,0x00,
  0x00,0x00,0x6C,0xFF,0x28,0x00,0x00,0x00,0x00,0x00,0x00,0x6C,0xFF,0x28,0x00,0x00,0x00,0x00,0x00,0x00,
  0x6C,0xFF,0xFF,0xFF,0xFF,0xFF,0xFF,0xFF,0x18,0x00,0x00,0x00,0x3F,0xD7,0xF6,0x9C,0x00,0x00,0x00,0x00,
  0x00,0x25,0x15,0x2C,0xD7,0x00,0x00,0x00,0x00,0x00,0x00,0x22,0xC4,0x17,0x00,0x00,0x00,0x00,0x00,0x00,
  0x00,0x00,0x00,0x00,0x00,0x00,0x00,0x2D,0xB1,0xEF,0xF7,0xC6,0x3E,0x00,0x00,0x2F,0xF4,0xA6,0x22,0x12,
  0x7E,0xF9,0x33,0x00,0xB9,0xD6,0x04,0x00,0x00,0x00,0xC1,0xB0,0x06,0xFA,0x8A,0x00,0x00,0x00,0x00,0x82,
  0xEC,0x17,0xFF,0xFF,0xFF,0xFF,0xFF,0xFF,0xFF,0xFE,0x08,0xFC,0x7E,0x00,0x00,0x00,0x00,0x00,0x00,0x00,
  0xBC,0xCD,0x03,0x00,0x00,0x00,0x00,0x00,0x00,0x2F,0xF3,0xA8,0x29,0x09,0x27,0x70,0x8D,0x00,0x00,0x28,
  0xA8,0xEA,0xF7,0xD7,0x8C,0x1A,0x00,0x06,0xC2,0xEA,0x65,0x53,0xBC,0x00,0x00,0x00,0x46,0xC2,0x27,0xBA,
  0xF0,0x4B,0x00,0x00,0x00,0x00,0x00,0x00,0x00,0x00,0x00,0x00,0x00,0x6C,0xFF,0xFF,0xFF,0xFF,0xFF,0xFF,
  0xF4,0x00,0x6C,0xFF,0x28,0x00,0x00,0x00,0x00,0x00,0x00,0x6C,0xFF,0x28,0x00,0x00,0x00,0x00,0x00,0x00,
  0x6C,0xFF,0x28,0x00,0x00,0x00,0x00,0x00,0x00,0x6C,0xFF,0x28,0x00,0x00,0x00,0x00,0x00,0x00,0x6C,0xFF,
  0xFF,0xFF,0xFF,0xFF,0xFF,0xB4,0x00,0x6C,0xFF,0x28,0x00,0x00,0x00,0x00,0x00,0x00,0x6C,0xFF,0x28,0x00,
  0x00,0x00,0x00,0x00,0x00,0x6C,0xFF,0x28,0x00,0x00,0x00,0x00,0x00,0x00,0x6C,0xFF,0x28,0x00,0x00,0x00,
  0x00,0x00,0x00,0x6C,0xFF,0x28,0x00,0x00,0x00,0x00,0x00,0x00,0x6C,0xFF,0xFF,0xFF,0xFF,0xFF,0xFF,0xFF,
  0x18,0x00,0x00,0x0B,0xCA,0xE6,0x48,0x55,0xB1,0x00,0x00,0x00,0x52,0xB6,0x18,0xBA,0xEE,0x45,0x00,0x00,
  0x00,0x00,0x00,0x00,0x00,0x00,0x00,0x00,0x00,0x00,0x2D,0xB1,0xEF,0xF7,0xC6,0x3E,0x00,0x00,0x2F,0xF4,
  0xA6,0x22,0x12,0x7E,0xF9,0x33,0x00,0xB9,0xD6,0x04,0x00,0x00,0x00,0xC1,0xB0,0x06,0xFA,0x8A,0x00,0x00,
  0x00,0x00,0x82,0xEC,0x17,0xFF,0xFF,0xFF,0xFF,0xFF,0xFF,0xFF,0xFE,0x08,0xFC,0x7E,0x00,0x00,0x00,0x00,
  0x00,0x00,0x00,0xBC,0xCD,0x03,0x00,0x00,0x00,0x00,0x00,0x00,0x2F,0xF3,0xA8,0x29,0x09,0x27,0x70,0x8D,
  0x00,0x00,0x28,0xA8,0xEA,0xF7,0xD7,0x8C,0x1A,0x00,0x00,0x00,0x00,0x00,0x00,0x00,0xA6,0xB8,0x04,0x00,
  0x00,0x00,0x00,0x00,0x00,0x6A,0xCD,0x0C,0x00,0x00,0x00,0x01,0xAC,0xE2,0x9C,0x00,0x00,0x00,0x00,0x00,
  0x00,0x82,0xA5,0x07,0xB2,0x6E,0x00,0x00,0x00,0x00,0x00,0x00,0x00,0x00,0x00,0x00,0x00,0x00,0x00,0x6C,
  0xFF,0xFF,0xFF,0xFF,0xFF,0xFF,0xF4,0x00,0x00,0x6C,0xFF,0x28,0x00,0x00,0x00,0x00,0x00,0x00,0x00,0x6C,
  0xFF,0x28,0x00,0x00,0x00,0x00,0x00,0x00,0x00,0x6C,0xFF,0x28,0x00,0x00,0x00,0x00,0x00,0x00,0x00,0x6C,
  0xFF,0x28,0x00,0x00,0x00,0x00,0x00,0x00,0x00,0x6C,0xFF,0xFF,0xFF,0xFF,0xFF,0xFF,0xB4,0x00,0x00,0x6C,
  0xFF,0x28,0x00,0x00,0x00,0x00,0x00,0x00,0x00,0x6C,0xFF,0x28,0x00,0x00,0x00,0x00,0x00,0x00,0x00,0x6C,
  0xFF,0x28,0x00,0x00,0x00,0x00,0x00,0x00,0x00,0x6C,0xFF,0x28,0x00,0x00,0x00,0x00,0x00,0x00,0x00,0x6C,
  0xFF,0x28,0x00,0x00,0x00,0x00,0x00,0x00,0x00,0x6C,0xFF,0xFF,0xFF,0xFF,0xFF,0xFF,0xFF,0x18,0x00,0x00,
  0x00,0x00,0x00,0x00,0x00,0x00,0x1B,0xE9,0x5E,0x00,0x00,0x00,0x00,0x00,0x00,0x04,0xC5,0x79,0x00,0x00,
  0x00,0x00,0x22,0xE4,0xE5,0x41,0x00,0x00,0x00,0x00,0x00,0x0D,0xCF,0x4D,0x2C,0xD8,0x22,0x00,0x00,0x00,
  0x00,0x00,0x00,0x00,0x00,0x00,0x00,0x00,0x00,0x00,0x00,0x2D,0xB1,0xEF,0xF7,0xC6,0x3E,0x00,0x00,0x00,
  0x2F,0xF4,0xA6,0x22,0x12,0x7E,0xF9,0x33,0x00,0x00,0xB9,0xD6,0x04,0x00,0x00,0x00,0xC1,0xB0,0x00,0x06,
  0xFA,0x8A,0x00,0x00,0x00,0x00,0x82,0xEC,0x00,0x17,0xFF,0xFF,0xFF,0xFF,0xFF,0xFF,0xFF,0xFE,0x00,0x08,
  0xFC,0x7E,0x00,0x00,0x00,0x00,0x00,0x00,0x00,0x00,0xBC,0xCD,0x03,0x00,0x00,0x00,0x00,0x00,0x00,0x00,
  0x2F,0xF3,0xA8,0x29,0x09,0x27,0x70,0x8D,0x00,0x00,0x00,0x28,0xA8,0xEA,0xF7,0xD7,0x8C,0x1A,0x00,0x00,
  0x00,0x00,0x00,0x0B,0xCA,0x8D,0x00,0x00,0x00,0x00,0x00,0x00,0x00,0x15,0xD9,0x52,0x00,0x00,0x00,0x08,
  0xC9,0xE3,0x78,0x00,0x00,0x00,0x00,0x00,0xA5,0x83,0x0F,0xCA,0x4C,0x00,0x00,0x00,0x00,0x00,0x00,0x00,
  0x00,0x00,0x00,0x00,0x6C,0xFF,0xFF,0xFF,0xFF,0xFF,0xFF,0xF4,0x00,0x6C,0xFF,0x28,0x00,0x00,0x00,0x00,
  0x00,0x00,0x6C,0xFF,0x28,0x00,0x00,0x00,0x00,0x00,0x00,0x6C,0xFF,0x28,0x00,0x00,0x00,0x00,0x00,0x00,
  0x6C,0xFF,0x28,0x00,0x00,0x00,0x00,0x00,0x00,0x6C,0xFF,0xFF,0xFF,0xFF,0xFF,0xFF,0xB4,0x00,0x6C,0xFF,
  0x28,0x00,0x00,0x00,0x00,0x00,0x00,0x6C,0xFF,0x28,0x00,0x00,0x00,0x00,0x00,0x00,0x6C,0xFF,0x28,0x00,
  0x00,0x00,0x00,0x00,0x00,0x6C,0xFF,0x28,0x00,0x00,0x00,0x00,0x00,0x00,0x6C,0xFF,0x28,0x00,0x00,0x00,
  0x00,0x00,0x00,0x6C,0xFF,0xFF,0xFF,0xFF,0xFF,0xFF,0xFF,0x18,0x00,0x00,0x00,0x00,0x00,0x26,0xEA,0x52,
  0x00,0x00,0x00,0x00,0x00,0x00,0x00,0x36,0xE5,0x24,0x00,0x00,0x00,0x22,0xE4,0xE5,0x41,0x00,0x00,0x00,
  0x00,0x0D,0xCF,0x4D,0x2C,0xD8,0x22,0x00,0x00,0x00,0x00,0x00,0x00,0x00,0x00,0x00,0x00,0x00,0x00,0x2D,
  0xB1,0xEF,0xF7,0xC6,0x3E,0x00,0x00,0x2F,0xF4,0xA6,0x22,0x12,0x7E,0xF9,0x33,0x00,0xB9,0xD6,0x04,0x00,
  0x00,0x00,0xC1,0xB0,0x06,0xFA,0x8A,0x00,0x00,0x00,0x00,0x82,0xEC,0x17,0xFF,0xFF,0xFF,0xFF,0xFF,0xFF,
  0xFF,0xFE,0x08,0xFC,0x7E,0x00,0x00,0x00,0x00,0x00,0x00,0x00,0xBC,0xCD,0x03,0x00,0x00,0x00,0x00,0x00,
  0x00,0x2F,0xF3,0xA8,0x29,0x09,0x27,0x70,0x8D,0x00,0x00,0x28,0xA8,0xEA,0xF7,0xD7,0x8C,0x1A,0x00,0x00,
  0x00,0x00,0x00,0x54,0xE1,0xF3,0x80,0x00,0x00,0x00,0x00,0x00,0x2B,0x0F,0x4A,0xBA,0x00,0x00,0x08,0xC9,
  0xE3,0x78,0x39,0xB6,0x0D,0x00,0x00,0xA5,0x83,0x0F,0xCA,0x4C,0x00,0x00,0x00,0x00,0x00,0x00,0x00,0x00,
  0x00,0x00,0x00,0x6C,0xFF,0xFF,0xFF,0xFF,0xFF,0xFF,0xF4,0x00,0x6C,0xFF,0x28,0x00,0x00,0x00,0x00,0x00,
  0x00,0x6C,0xFF,0x28,0x00,0x00,0x00,0x00,0x00,0x00,0x6C,0xFF,0x28,0x00,0x00,0x00,0x00,0x00,0x00,0x6C,
  0xFF,0x28,0x00,0x00,0x00,0x00,0x00,0x00,0x6C,0xFF,0xFF,0xFF,0xFF,0xFF,0xFF,0xB4,0x00,0x6C,0xFF,0x28,
  0x00,0x00,0x00,0x00,0x00,0x00,0x6C,0xFF,0x28,0x00,0x00,0x00,0x00,0x00,0x00,0x6C,0xFF,0x28,0x00,0x00,
  0x00,0x00,0x00,0x00,0x6C,0xFF,0x28,0x00,0x00,0x00,0x00,0x00,0x00,0x6C,0xFF,0x28,0x00,0x00,0x00,0x00,
  0x00,0x00,0x6C,0xFF,0xFF,0xFF,0xFF,0xFF,0xFF,0xFF,0x18,0x00,0x00,0x00,0x00,0x00,0x00,0x83,0xEE,0xE7,
  0x51,0x00,0x00,0x00,0x00,0x00,0x00,0x33,0x08,0x86,0x7E,0x00,0x00,0x00,0x22,0xE4,0xE5,0x41,0x6C,0x8F,
  0x01,0x00,0x00,0x0D,0xCF,0x4D,0x2C,0xD8,0x22,0x00,0x00,0x00,0x00,0x00,0x00,0x00,0x00,0x00,0x00,0x00,
  0x00,0x00,0x00,0x2D,0xB1,0xEF,0xF7,0xC6,0x3E,0x00,0x00,0x00,0x2F,0xF4,0xA6,0x22,0x12,0x7E,0xF9,0x33,
  0x00,0x00,0xB9,0xD6,0x04,0x00,0x00,0x00,0xC1,0xB0,0x00,0x06,0xFA,0x8A,0x00,0x00,0x00,0x00,0x82,0xEC,
  0x00,0x17,0xFF,0xFF,0xFF,0xFF,0xFF,0xFF,0xFF,0xFE,0x00,0x08,0xFC,0x7E,0x00,0x00,0x00,0x00,0x00,0x00,
  0x00,0x00,0xBC,0xCD,0x03,0x00,0x00,0x00,0x00,0x00,0x00,0x00,0x2F,0xF3,0xA8,0x29,0x09,0x27,0x70,0x8D,
  0x00,0x00,0x00,0x28,0xA8,0xEA,0xF7,0xD7,0x8C,0x1A,0x00,0x00,0x01,0xB1,0xEF,0x74,0x3D,0xD4,0x00,0x00,
  0x00,0x2E,0xD6,0x21,0xAD,0xF3,0x5F,0x00,0x00,0x00,0x00,0x0B,0xCF,0xE3,0x70,0x00,0x00,0x00,0x00,0x01,
  0xAC,0x7B,0x12,0xCD,0x46,0x00,0x00,0x00,0x00,0x00,0x00,0x00,0x00,0x00,0x00,0x00,0x6C,0xFF,0xFF,0xFF,
  0xFF,0xFF,0xFF,0xF4,0x00,0x6C,0xFF,0x28,0x00,0x00,0x00,0x00,0x00,0x00,0x6C,0xFF,0x28,0x00,0x00,0x00,
  0x00,0x00,0x00,0x6C,0xFF,0x28,0x00,0x00,0x00,0x00,0x00,0x00,0x6C,0xFF,0x28,0x00,0x00,0x00,0x00,0x00,
  0x00,0x6C,0xFF,0xFF,0xFF,0xFF,0xFF,0xFF,0xB4,0x00,0x6C,0xFF,0x28,0x00,0x00,0x00,0x00,0x00,0x00,0x6C,
  0xFF,0x28,0x00,0x00,0x00,0x00,0x00,0x00,0x6C,0xFF,0x28,0x00,0x00,0x00,0x00,0x00,0x00,0x6C,0xFF,0x28,
  0x00,0x00,0x00,0x00,0x00,0x00,0x6C,0xFF,0x28,0x00,0x00,0x00,0x00,0x00,0x00,0x6C,0xFF,0xFF,0xFF,0xFF,
  0xFF,0xFF,0xFF,0x18,0x00,0x00,0x12,0xD2,0xE2,0x53,0x6D,0xA0,0x00,0x00,0x00,0x62,0xA9,0x32,0xC8,0xEA,
  0x36,0x00,0x00,0x00,0x00,0x22,0xE4,0xE5,0x41,0x00,0x00,0x00,0x00,0x0D,0xCF,0x4D,0x2C,0xD8,0x22,0x00,
  0x00,0x00,0x00,0x00,0x00,0x00,0x00,0x00,0x00,0x00,0x00,0x2D,0xB1,0xEF,0xF7,0xC6,0x3E,0x00,0x00,0x2F,
  0xF4,0xA6,0x22,0x12,0x7E,0xF9,0x33,0x00,0xB9,0xD6,0x04,0x00,0x00,0x00,0xC1,0xB0,0x06,0xFA,0x8A,0x00,
  0x00,0x00,0x00,0x82,0xEC,0x17,0xFF,0xFF,0xFF,0xFF,0xFF,0xFF,0xFF,0xFE,0x08,0xFC,0x7E,0x00,0x00,0x00,
  0x00,0x00,0x00,0x00,0xBC,0xCD,0x03,0x00,0x00,0x00,0x00,0x00,0x00,0x2F,0xF3,0xA8,0x29,0x09,0x27,0x70,
  0x8D,0x00,0x00,0x28,0xA8,0xEA,0xF7,0xD7,0x8C,0x1A,0x00,0x00,0x10,0xD8,0xE4,0x60,0x00,0x00,0x00,0x00,
  0x03,0xBA,0x6C,0x19,0xD3,0x39,0x00,0x00,0x00,0x00,0x00,0x00,0x00,0x00,0x00,0x00,0x00,0x6C,0xFF,0xFF,
  0xFF,0xFF,0xFF,0xFF,0xF4,0x00,0x6C,0xFF,0x28,0x00,0x00,0x00,0x00,0x00,0x00,0x6C,0xFF,0x28,0x00,0x00,
  0x00,0x00,0x00,0x00,0x6C,0xFF,0x28,0x00,0x00,0x00,0x00,0x00,0x00,0x6C,0xFF,0x28,0x00,0x00,0x00,0x00,
  0x00,0x00,0x6C,0xFF,0xFF,0xFF,0xFF,0xFF,0xFF,0xB4,0x00,0x6C,0xFF,0x28,0x00,0x00,0x00,0x00,0x00,0x00,
  0x6C,0xFF,0x28,0x00,0x00,0x00,0x00,0x00,0x00,0x6C,0xFF,0x28,0x00,0x00,0x00,0x00,0x00,0x00,0x6C,0xFF,
  0x28,0x00,0x00,0x00,0x00,0x00,0x00,0x6C,0xFF,0x28,0x00,0x00,0x00,0x00,0x00,0x00,0x6C,0xFF,0xFF,0xFF,
  0xFF,0xFF,0xFF,0xFF,0x18,0x00,0x00,0x00,0x00,0x00,0x00,0x00,0x00,0x00,0x00,0x00,0x00,0x72,0xD5,0x00,
  0x00,0x00,0x00,0x00,0x00,0x00,0x78,0xE1,0x00,0x00,0x00,0x00,0x00,0x00,0x00,0x02,0xC7,0xEC,0x14,0x00,
  0x00,0x00,0x00,0x00,0x6F,0xC1,0x97,0xA3,0x00,0x00,0x00,0x00,0x1E,0xE2,0x1D,0x08,0xD3,0x46,0x00,0x00,
  0x00,0x00,0x00,0x00,0x00,0x00,0x00,0x00,0x00,0x00,0x2D,0xB1,0xEF,0xF7,0xC6,0x3E,0x00,0x00,0x2F,0xF4,
  0xA6,0x22,0x12,0x7E,0xF9,0x33,0x00,0xB9,0xD6,0x04,0x00,0x00,0x00,0xC1,0xB0,0x06,0xFA,0x8A,0x00,0x00,
  0x00,0x00,0x82,0xEC,0x17,0xFF,0xFF,0xFF,0xFF,0xFF,0xFF,0xFF,0xFE,0x08,0xFC,0x7E,0x00,0x00,0x00,0x00,
  0x00,0x00,0x00,0xBC,0xCD,0x03,0x00,0x00,0x00,0x00,0x00,0x00,0x2F,0xF3,0xA8,0x29,0x09,0x27,0x70,0x8D,
  0x00,0x00,0x28,0xA8,0xEA,0xF7,0xD7,0x8C,0x1A,0x00,0x00,0x00,0x00,0x00,0x00,0x00,0x00,0x00,0x00,0x00,
  0x00,0x00,0xFF,0xFF,0x00,0x00,0x00,0x00,0x00,0x00,0x00,0xFF,0xFF,0x00,0x00,0x00,0x24,0xC8,0xF6,0xBB,
  0x09,0x1A,0x20,0x14,0xDB,0x15,0x00,0x08,0xCA,0x2A,0x00,0x00,0x00,0x00,0x00,0x00,0x00,0x6C,0xFF,0x28,
  0x00,0x00,0x6C,0xFF,0x28,0x00,0x00,0x6C,0xFF,0x28,0x00,0x00,0x6C,0xFF,0x28,0x00,0x00,0x6C,0xFF,0x28,
  0x00,0x00,0x6C,0xFF,0x28,0x00,0x00,0x6C,0xFF,0x28,0x00,0x00,0x6C,0xFF,0x28,0x00,0x00,0x6C,0xFF,0x28,
  0x00,0x00,0x6C,0xFF,0x28,0x00,0x00,0x6C,0xFF,0x28,0x00,0x00,0x6C,0xFF,0x28,0x00,0x3F,0xD7,0xF6,0x9C,
  0x00,0x25,0x15,0x2C,0xD7,0x00,0x00,0x22,0xC4,0x17,0x00,0x00,0x00,0x00,0x00,0x00,0x00,0x7C,0xF4,0x00,
  0x00,0x00,0x7C,0xF4,0x00,0x00,0x00,0x7C,0xF4,0x00,0x00,0x00,0x7C,0xF4,0x00,0x00,0x00,0x7C,0xF4,0x00,
  0x00,0x00,0x7C,0xF4,0x00,0x00,0x00,0x7C,0xF4,0x00,0x00,0x00,0x7C,0xF4,0x00,0x00,0x00,0x7C,0xF4,0x00,
  0x00,0x6C,0xFF,0x28,0x6C,0xFF,0x28,0x6C,0xFF,0x28,0x6C,0xFF,0x28,0x6C,0xFF,0x28,0x6C,0xFF,0x28,0x6C,
  0xFF,0x28,0x6C,0xFF,0x28,0x6C,0xFF,0x28,0x6C,0xFF,0x28,0x6C,0xFF,0x28,0x6C,0xFF,0x28,0x00,0x00,0x00,
  0x55,0xE4,0x0E,0x5A,0xF0,0x0F,0x7C,0xF4,0x7C,0xF4,0x00,0x00,0x7C,0xF4,0x7C,0xF4,0x7C,0xF4,0x7C,0xF4,
  0x7C,0xF4,0x7C,0xF4,0x7C,0xF4,0x7C,0xF4,0x7C,0xF4,0x00,0x00,0x72,0xD5,0x78,0xE1,0x00,0x00,0x00,0x40,
  0xB4,0xEC,0xF9,0xDD,0x90,0x16,0x00,0x00,0x00,0x00,0x72,0xFD,0x86,0x1D,0x07,0x38,0xC7,0xE5,0x27,0x00,
  0x00,0x3A,0xFD,0x80,0x00,0x00,0x00,0x00,0x0B,0xE0,0xD1,0x02,0x00,0xAF,0xF0,0x09,0x00,0x00,0x00,0x00,
  0x00,0x6C,0xFF,0x4B,0x01,0xF1,0xB4,0x00,0x00,0x00,0x00,0x00,0x00,0x26,0xFF,0x8D,0x0F,0xFF,0x97,0x00,
  0x00,0x00,0x00,0x00,0x00,0x08,0xFE,0xAA,0x10,0xFF,0x96,0x00,0x00,0x00,0x00,0x00,0x00,0x08,0xFF,0xAA,
  0x01,0xF2,0xB4,0x00,0x00,0x00,0x00,0x00,0x00,0x26,0xFF,0x8D,0x00,0xB0,0xF0,0x08,0x00,0x00,0x00,0x00,
  0x00,0x6C,0xFF,0x4B,0x00,0x3C,0xFE,0x80,0x00,0x00,0x00,0x00,0x0B,0xE0,0xD2,0x02,0x00,0x00,0x76,0xFD,
  0x85,0x1C,0x07,0x37,0xC6,0xE7,0x29,0x00,0x00,0x00,0x00,0x43,0xB5,0xED,0xF9,0xDE,0x91,0x18,0x00,0x00,
  0x00,0x00,0x00,0x00,0x00,0x00,0x00,0x00,0x00,0x00,0x00,0x00,0x00,0x00,0x00,0x00,0x00,0x60,0xE4,0x03,
  0x00,0x00,0x00,0x00,0x00,0x00,0x00,0x00,0x00,0x65,0xF0,0x03,0x00,0x00,0x00,0x00,0x00,0x00,0x43,0xC4,
  0xF6,0xF1,0xB2,0x28,0x00,0x00,0x43,0xFC,0x91,0x18,0x24,0xBB,0xED,0x1E,0x00,0xC7,0xD1,0x00,0x00,0x00,
  0x13,0xF5,0x94,0x08,0xFD,0x85,0x00,0x00,0x00,0x00,0xBA,0xD4,0x18,0xFF,0x6F,0x00,0x00,0x00,0x00,0xA3,
  0xE7,0x08,0xFD,0x84,0x00,0x00,0x00,0x00,0xB9,0xD4,0x00,0xC7,0xCF,0x00,0x00,0x00,0x12,0xF4,0x95,0x00,
  0x45,0xFC,0x8F,0x17,0x22,0xB9,0xEF,0x1F,0x00,0x00,0x45,0xC5,0xF7,0xF2,0xB3,0x2A,0x00,0x00,0x00,0x00,
  0x00,0x00,0x00,0x00,0x00,0x00,0x00,0x00,0x00,0x00,0xBC,0x8A,0x00,0x00,0x00,0x00,0x00,0x00,0x00,0xC6,
  0x92,0x00,0x00,0x00,0x00,0x00,0x00,0x00,0x20,0xC6,0xF6,0xBF,0x0D,0x00,0x00,0x00,0x00,0x00,0x00,0x00,
  0x18,0x22,0x11,0xD9,0x1B,0x00,0x00,0x00,0x00,0x00,0x00,0x00,0x00,0x04,0xCA,0x2F,0x00,0x00,0x00,0x00,
  0x00,0x00,0x00,0x00,0x00,0x00,0x00,0x00,0x00,0x00,0x00,0x00,0x00,0x00,0x00,0x40,0xB4,0xEC,0xF9,0xDD,
  0x90,0x16,0x00,0x00,0x00,0x00,0x72,0xFD,0x86,0x1D,0x07,0x38,0xC7,0xE5,0x27,0x00,0x00,0x3A,0xFD,0x80,
  0x00,0x00,0x00,0x00,0x0B,0xE0,0xD1,0x02,0x00,0xAF,0xF0,0x09,0x00,0x00,0x00,0x00,0x00,0x6C,0xFF,0x4B,
  0x01,0xF1,0xB4,0x00,0x00,0x00,0x00,0x00,0x00,0x26,0xFF,0x8D,0x0F,0xFF,0x97,0x00,0x00,0x00,0x00,0x00,
  0x00,0x08,0xFE,0xAA,0x10,0xFF,0x96,0x00,0x00,0x00,0x00,0x00,0x00,0x08,0xFF,0xAA,0x01,0xF2,0xB4,0x00,
  0x00,0x00,0x00,0x00,0x00,0x26,0xFF,0x8D,0x00,0xB0,0xF0,0x08,0x00,0x00,0x00,0x00,0x00,0x6C,0xFF,0x4B,
  0x00,0x3C,0xFE,0x80,0x00,0x00,0x00,0x00,0x0B,0xE0,0xD2,0x02,0x00,0x00,0x76,0xFD,0x85,0x1C,0x07,0x37,
  0xC6,0xE7,0x29,0x00,0x00,0x00,0x00,0x43,0xB5,0xED,0xF9,0xDE,0x91,0x18,0x00,0x00,0x00,0x00,0x00,0x54,
  0xE1,0xF3,0x80,0x00,0x00,0x00,0x00,0x00,0x2B,0x0F,0x4A,0xBA,0x00,0x00,0x00,0x00,0x00,0x00,0x39,0xB6,
  0x0D,0x00,0x00,0x00,0x00,0x00,0x00,0x00,0x00,0x00,0x00,0x00,0x00,0x00,0x43,0xC4,0xF6,0xF1,0xB2,0x28,
  0x00,0x00,0x43,0xFC,0x91,0x18,0x24,0xBB,0xED,0x1E,0x00,0xC7,0xD1,0x00,0x00,0x00,0x13,0xF5,0x94,0x08,
  0xFD,0x85,0x00,0x00,0x00,0x00,0xBA,0xD4,0x18,0xFF,0x6F,0x00,0x00,0x00,0x00,0xA3,0xE7,0x08,0xFD,0x84,
  0x00,0x00,0x00,0x00,0xB9,0xD4,0x00,0xC7,0xCF,0x00,0x00,0x00,0x12,0xF4,0x95,0x00,0x45,0xFC,0x8F,0x17,
  0x22,0xB9,0xEF,0x1F,0x00,0x00,0x45,0xC5,0xF7,0xF2,0xB3,0x2A,0x00,0x00,0x00,0x00,0x00,0x00,0x00,0x00,
  0x00,0x05,0xC8,0x95,0x00,0x00,0x00,0x00,0x00,0x00,0x00,0x00,0x00,0x92,0xAF,0x02,0x00,0x00,0x00,0x00,
  0x00,0x09,0xCC,0xE3,0x74,0x00,0x00,0x00,0x00,0x00,0x00,0x00,0x00,0xA9,0x7F,0x11,0xCC,0x49,0x00,0x00,
  0x00,0x00,0x00,0x00,0x00,0x00,0x00,0x00,0x00,0x00,0x00,0x00,0x00,0x00,0x00,0x00,0x40,0xB4,0xEC,0xF9,
  0xDD,0x90,0x16,0x00,0x00,0x00,0x00,0x72,0xFD,0x86,0x1D,0x07,0x38,0xC7,0xE5,0x27,0x00,0x00,0x3A,0xFD,
  0x80,0x00,0x00,0x00,0x00,0x0B,0xE0,0xD1,0x02,0x00,0xAF,0xF0,0x09,0x00,0x00,0x00,0x00,0x00,0x6C,0xFF,
  0x4B,0x01,0xF1,0xB4,0x00,0x00,0x00,0x00,0x00,0x00,0x26,0xFF,0x8D,0x0F,0xFF,0x97,0x00,0x00,0x00,0x00,
  0x00,0x00,0x08,0xFE,0xAA,0x10,0xFF,0x96,0x00,0x00,0x00,0x00,0x00,0x00,0x08,0xFF,0xAA,0x01,0xF2,0xB4,
  0x00,0x00,0x00,0x00,0x00,0x00,0x26,0xFF,0x8D,0x00,0xB0,0xF0,0x08,0x00,0x00,0x00,0x00,0x00,0x6C,0xFF,
  0x4B,0x00,0x3C,0xFE,0x80,0x00,0x00,0x00,0x00,0x0B,0xE0,0xD2,0x02,0x00,0x00,0x76,0xFD,0x85,0x1C,0x07,
  0x37,0xC6,0xE7,0x29,0x00,0x00,0x00,0x00,0x43,0xB5,0xED,0xF9,0xDE,0x91,0x18,0x00,0x00,0x00,0x00,0x00,
  0x00,0x00,0x00,0x00,0x3E,0xF0,0x35,0x00,0x00,0x00,0x00,0x00,0x00,0x17,0xE2,0x49,0x00,0x00,0x00,0x00,
  0x45,0xE5,0xE3,0x1E,0x00,0x00,0x00,0x00,0x00,0x26,0xD9,0x29,0x50,0xCA,0x0A,0x00,0x00,0x00,0x00,0x00,
  0x00,0x00,0x00,0x00,0x00,0x00,0x00,0x00,0x00,0x43,0xC4,0xF6,0xF1,0xB2,0x28,0x00,0x00,0x00,0x43,0xFC,
  0x91,0x18,0x24,0xBB,0xED,0x1E,0x00,0x00,0xC7,0xD1,0x00,0x00,0x00,0x13,0xF5,0x94,0x00,0x08,0xFD,0x85,
  0x00,0x00,0x00,0x00,0xBA,0xD4,0x00,0x18,0xFF,0x6F,0x00,0x00,0x00,0x00,0xA3,0xE7,0x00,0x08,0xFD,0x84,
  0x00,0x00,0x00,0x00,0xB9,0xD4,0x00,0x00,0xC7,0xCF,0x00,0x00,0x00,0x12,0xF4,0x95,0x00,0x00,0x45,0xFC,
  0x8F,0x17,0x22,0xB9,0xEF,0x1F,0x00,0x00,0x00,0x45,0xC5,0xF7,0xF2,0xB3,0x2A,0x00,0x00,0x00,0x00,0x00,
  0x00,0x00,0x00,0x0E,0xCF,0x85,0x00,0x00,0x00,0x00,0x00,0x00,0x00,0x00,0x00,0x00,0x18,0xDD,0x4B,0x00,
  0x00,0x00,0x00,0x00,0x00,0x0B,0xCF,0xE3,0x70,0x00,0x00,0x00,0x00,0x00,0x00,0x00,0x01,0xAC,0x7B,0x12,
  0xCD,0x46,0x00,0x00,0x00,0x00,0x00,0x00,0x00,0x00,0x00,0x00,0x00,0x00,0x00,0x00,0x00,0x00,0x00,0x00,
  0x40,0xB4,0xEC,0xF9,0xDD,0x90,0x16,0x00,0x00,0x00,0x00,0x72,0xFD,0x86,0x1D,0x07,0x38,0xC7,0xE5,0x27,
  0x00,0x00,0x3A,0xFD,0x80,0x00,0x00,0x00,0x00,0x0B,0xE0,0xD1,0x02,0x00,0xAF,0xF0,0x09,0x00,0x00,0x00,
  0x00,0x00,0x6C,0xFF,0x4B,0x01,0xF1,0xB4,0x00,0x00,0x00,0x00,0x00,0x00,0x26,0xFF,0x8D,0x0F,0xFF,0x97,
  0x00,0x00,0x00,0x00,0x00,0x00,0x08,0xFE,0xAA,0x10,0xFF,0x96,0x00,0x00,0x00,0x00,0x00,0x00,0x08,0xFF,
  0xAA,0x01,0xF2,0xB4,0x00,0x00,0x00,0x00,0x00,0x00,0x26,0xFF,0x8D,0x00,0xB0,0xF0,0x08,0x00,0x00,0x00,
  0x00,0x00,0x6C,0xFF,0x4B,0x00,0x3C,0xFE,0x80,0x00,0x00,0x00,0x00,0x0B,0xE0,0xD2,0x02,0x00,0x00,0x76,
  0xFD,0x85,0x1C,0x07,0x37,0xC6,0xE7,0x29,0x00,0x00,0x00,0x00,0x43,0xB5,0xED,0xF9,0xDE,0x91,0x18,0x00,
  0x00,0x00,0x00,0x00,0x00,0x00,0x4D,0xEE,0x26,0x00,0x00,0x00,0x00,0x00,0x00,0x00,0x64,0xD2,0x0A,0x00,
  0x00,0x00,0x49,0xE5,0xE2,0x1C,0x00,0x00,0x00,0x00,0x28,0xD9,0x27,0x54,0xC9,0x09,0x00,0x00,0x00,0x00,
  0x00,0x00,0x00,0x00,0x00,0x00,0x00,0x00,0x43,0xC4,0xF6,0xF1,0xB2,0x28,0x00,0x00,0x43,0xFC,0x91,0x18,
  0x24,0xBB,0xED,0x1E,0x00,0xC7,0xD1,0x00,0x00,0x00,0x13,0xF5,0x94,0x08,0xFD,0x85,0x00,0x00,0x00,0x00,
  0xBA,0xD4,0x18,0xFF,0x6F,0x00,0x00,0x00,0x00,0xA3,0xE7,0x08,0xFD,0x84,0x00,0x00,0x00,0x00,0xB9,0xD4,
  0x00,0xC7,0xCF,0x00,0x00,0x00,0x12,0xF4,0x95,0x00,0x45,0xFC,0x8F,0x17,0x22,0xB9,0xEF,0x1F,0x00,0x00,
  0x45,0xC5,0xF7,0xF2,0xB3,0x2A,0x00,0x00,0x00,0x00,0x00,0x00,0x00,0x00,0x5A,0xE3,0xF2,0x7A,0x00,0x00,
  0x00,0x00,0x00,0x00,0x00,0x00,0x2D,0x0E,0x52,0xB2,0x00,0x00,0x00,0x00,0x00,0x0B,0xCF,0xE3,0x70,0x40,
  0xB2,0x0B,0x00,0x00,0x00,0x00,0x01,0xAC,0x7B,0x12,0xCD,0x46,0x00,0x00,0x00,0x00,0x00,0x00,0x00,0x00,
  0x00,0x00,0x00,0x00,0x00,0x00,0x00,0x00,0x00,0x00,0x40,0xB4,0xEC,0xF9,0xDD,0x90,0x16,0x00,0x00,0x00,
  0x00,0x72,0xFD,0x86,0x1D,0x07,0x38,0xC7,0xE5,0x27,0x00,0x00,0x3A,0xFD,0x80,0x00,0x00,0x00,0x00,0x0B,
  0xE0,0xD1,0x02,0x00,0xAF,0xF0,0x09,0x00,0x00,0x00,0x00,0x00,0x6C,0xFF,0x4B,0x01,0xF1,0xB4,0x00,0x00,
  0x00,0x00,0x00,0x00,0x26,0xFF,0x8D,0x0F,0xFF,0x97,0x00,0x00,0x00,0x00,0x00,0x00,0x08,0xFE,0xAA,0x10,
  0xFF,0x96,0x00,0x00,0x00,0x00,0x00,0x00,0x08,0xFF,0xAA,0x01,0xF2,0xB4,0x00,0x00,0x00,0x00,0x00,0x00,
  0x26,0xFF,0x8D,0x00,0xB0,0xF0,0x08,0x00,0x00,0x00,0x00,0x00,0x6C,0xFF,0x4B,0x00,0x3C,0xFE,0x80,0x00,
  0x00,0x00,0x00,0x0B,0xE0,0xD2,0x02,0x00,0x00,0x76,0xFD,0x85,0x1C,0x07,0x37,0xC6,0xE7,0x29,0x00,0x00,
  0x00,0x00,0x43,0xB5,0xED,0xF9,0xDE,0x91,0x18,0x00,0x00,0x00,0x00,0x00,0x00,0x00,0x03,0xAC,0xF3,0xD9,
  0x2C,0x00,0x00,0x00,0x00,0x00,0x03,0x34,0x07,0xB6,0x4B,0x00,0x00,0x00,0x45,0xE5,0xE3,0x1E,0x9F,0x5E,
  0x00,0x00,0x00,0x26,0xD9,0x29,0x50,0xCA,0x0A,0x00,0x00,0x00,0x00,0x00,0x00,0x00,0x00,0x00,0x00,0x00,
  0x00,0x00,0x00,0x43,0xC4,0xF6,0xF1,0xB2,0x28,0x00,0x00,0x00,0x43,0xFC,0x91,0x18,0x24,0xBB,0xED,0x1E,
  0x00,0x00,0xC7,0xD1,0x00,0x00,0x00,0x13,0xF5,0x94,0x00,0x08,0xFD,0x85,0x00,0x00,0x00,0x00,0xBA,0xD4,
  0x00,0x18,0xFF,0x6F,0x00,0x00,0x00,0x00,0xA3,0xE7,0x00,0x08,0xFD,0x84,0x00,0x00,0x00,0x00,0xB9,0xD4,
  0x00,0x00,0xC7,0xCF,0x00,0x00,0x00,0x12,0xF4,0x95,0x00,0x00,0x45,0xFC,0x8F,0x17,0x22,0xB9,0xEF,0x1F,
  0x00,0x00,0x00,0x45,0xC5,0xF7,0xF2,0xB3,0x2A,0x00,0x00,0x00,0x00,0x00,0x02,0xB7,0xED,0x6F,0x44,0xCC,
  0x00,0x00,0x00,0x00,0x00,0x00,0x36,0xD0,0x23,0xB2,0xF2,0x59,0x00,0x00,0x00,0x00,0x00,0x00,0x00,0x0D,
  0xD3,0xE3,0x68,0x00,0x00,0x00,0x00,0x00,0x00,0x00,0x02,0xB3,0x73,0x15,0xD0,0x3F,0x00,0x00,0x00,0x00,
  0x00,0x00,0x00,0x00,0x00,0x00,0x00,0x00,0x00,0x00,0x00,0x00,0x00,0x00,0x40,0xB4,0xEC,0xF9,0xDD,0x90,
  0x16,0x00,0x00,0x00,0x00,0x72,0xFD,0x86,0x1D,0x07,0x38,0xC7,0xE5,0x27,0x00,0x00,0x3A,0xFD,0x80,0x00,
  0x00,0x00,0x00,0x0B,0xE0,0xD1,0x02,0x00,0xAF,0xF0,0x09,0x00,0x00,0x00,0x00,0x00,0x6C,0xFF,0x4B,0x01,
  0xF1,0xB4,0x00,0x00,0x00,0x00,0x00,0x00,0x26,0xFF,0x8D,0x0F,0xFF,0x97,0x00,0x00,0x00,0x00,0x00,0x00,
  0x08,0xFE,0xAA,0x10,0xFF,0x96,0x00,0x00,0x00,0x00,0x00,0x00,0x08,0xFF,0xAA,0x01,0xF2,0xB4,0x00,0x00,
  0x00,0x00,0x00,0x00,0x26,0xFF,0x8D,0x00,0xB0,0xF0,0x08,0x00,0x00,0x00,0x00,0x00,0x6C,0xFF,0x4B,0x00,
  0x3C,0xFE,0x80,0x00,0x00,0x00,0x00,0x0B,0xE0,0xD2,0x02,0x00,0x00,0x76,0xFD,0x85,0x1C,0x07,0x37,0xC6,
  0xE7,0x29,0x00,0x00,0x00,0x00,0x43,0xB5,0xED,0xF9,0xDE,0x91,0x18,0x00,0x00,0x00,0x00,0x30,0xE7,0xCD,
  0x35,0xA0,0x6C,0x00,0x00,0x00,0x96,0x75,0x4F,0xDD,0xD7,0x16,0x00,0x00,0x00,0x00,0x45,0xE5,0xE3,0x1E,
  0x00,0x00,0x00,0x00,0x26,0xD9,0x29,0x50,0xCA,0x0A,0x00,0x00,0x00,0x00,0x00,0x00,0x00,0x00,0x00,0x00,
  0x00,0x00,0x43,0xC4,0xF6,0xF1,0xB2,0x28,0x00,0x00,0x43,0xFC,0x91,0x18,0x24,0xBB,0xED,0x1E,0x00,0xC7,
  0xD1,0x00,0x00,0x00,0x13,0xF5,0x94,0x08,0xFD,0x85,0x00,0x00,0x00,0x00,0xBA,0xD4,0x18,0xFF,0x6F,0x00,
  0x00,0x00,0x00,0xA3,0xE7,0x08,0xFD,0x84,0x00,0x00,0x00,0x00,0xB9,0xD4,0x00,0xC7,0xCF,0x00,0x00,0x00,
  0x12,0xF4,0x95,0x00,0x45,0xFC,0x8F,0x17,0x22,0xB9,0xEF,0x1F,0x00,0x00,0x45,0xC5,0xF7,0xF2,0xB3,0x2A,
  0x00,0x00,0x00,0x00,0x00,0x09,0xCC,0xE3,0x74,0x00,0x00,0x00,0x00,0x00,0x00,0x00,0x00,0xA9,0x7F,0x11,
  0xCC,0x49,0x00,0x00,0x00,0x00,0x00,0x00,0x00,0x00,0x00,0x00,0x00,0x00,0x00,0x00,0x00,0x00,0x00,0x00,
  0x40,0xB4,0xEC,0xF9,0xDD,0x90,0x16,0x00,0x00,0x00,0x00,0x72,0xFD,0x86,0x1D,0x07,0x38,0xC7,0xE5,0x27,
  0x00,0x00,0x3A,0xFD,0x80,0x00,0x00,0x00,0x00,0x0B,0xE0,0xD1,0x02,0x00,0xAF,0xF0,0x09,0x00,0x00,0x00,
  0x00,0x00,0x6C,0xFF,0x4B,0x01,0xF1,0xB4,0x00,0x00,0x00,0x00,0x00,0x00,0x26,0xFF,0x8D,0x0F,0xFF,0x97,
  0x00,0x00,0x00,0x00,0x00,0x00,0x08,0xFE,0xAA,0x10,0xFF,0x96,0x00,0x00,0x00,0x00,0x00,0x00,0x08,0xFF,
  0xAA,0x01,0xF2,0xB4,0x00,0x00,0x00,0x00,0x00,0x00,0x26,0xFF,0x8D,0x00,0xB0,0xF0,0x08,0x00,0x00,0x00,
  0x00,0x00,0x6C,0xFF,0x4B,0x00,0x3C,0xFE,0x80,0x00,0x00,0x00,0x00,0x0B,0xE0,0xD2,0x02,0x00,0x00,0x76,
  0xFD,0x85,0x1C,0x07,0x37,0xC6,0xE7,0x29,0x00,0x00,0x00,0x00,0x43,0xB5,0xED,0xF9,0xDE,0x91,0x18,0x00,
  0x00,0x00,0x00,0x00,0x00,0x00,0x00,0x00,0x00,0x00,0x00,0x00,0x00,0x00,0x00,0x00,0x00,0x00,0x60,0xE4,
  0x03,0x00,0x00,0x00,0x00,0x00,0x00,0x00,0x00,0x00,0x65,0xF0,0x03,0x00,0x00,0x00,0x00,0x00,0x00,0x00,
  0x11,0xE8,0xCD,0x03,0x00,0x00,0x00,0x00,0x00,0x9F,0x96,0xC2,0x73,0x00,0x00,0x00,0x00,0x42,0xD3,0x08,
  0x1D,0xE3,0x21,0x00,0x00,0x00,0x00,0x00,0x00,0x00,0x00,0x00,0x00,0x00,0x00,0x43,0xC4,0xF6,0xF1,0xB2,
  0x28,0x00,0x00,0x43,0xFC,0x91,0x18,0x24,0xBB,0xED,0x1E,0x00,0xC7,0xD1,0x00,0x00,0x00,0x13,0xF5,0x94,
  0x08,0xFD,0x85,0x00,0x00,0x00,0x00,0xBA,0xD4,0x18,0xFF,0x6F,0x00,0x00,0x00,0x00,0xA3,0xE7,0x08,0xFD,
  0x84,0x00,0x00,0x00,0x00,0xB9,0xD4,0x00,0xC7,0xCF,0x00,0x00,0x00,0x12,0xF4,0x95,0x00,0x45,0xFC,0x8F,
  0x17,0x22,0xB9,0xEF,0x1F,0x00,0x00,0x45,0xC5,0xF7,0xF2,0xB3,0x2A,0x00,0x00,0x00,0x00,0x00,0x00,0x00,
  0x00,0x00,0x00,0x00,0x00,0x00,0x00,0xFF,0xFF,0x00,0x00,0x00,0x00,0x00,0x00,0x00,0xFF,0xFF,0x00,0x00,
  0x00,0x00,0x00,0x00,0x00,0x00,0x00,0xA6,0xB8,0x04,0x00,0x00,0x00,0x00,0x00,0x00,0x00,0x00,0x00,0x6A,
  0xCD,0x0C,0x00,0x00,0x00,0x00,0x00,0x00,0x00,0x00,0x00,0x00,0x00,0x00,0x00,0x00,0x00,0x00,0x00,0x00,
  0x00,0x00,0x00,0x4D,0xBB,0xEE,0xF7,0xD8,0x85,0x0F,0x00,0xD4,0x29,0x00,0x00,0x89,0xFA,0x78,0x18,0x09,
  0x41,0xD3,0xFF,0x31,0xDC,0x31,0x00,0x50,0xFF,0x68,0x00,0x00,0x00,0x00,0x14,0xFF,0xFF,0xC7,0x04,0x00,
  0xC7,0xE0,0x01,0x00,0x00,0x00,0x00,0x00,0x84,0xFF,0x33,0x00,0x0D,0xFD,0x9C,0x00,0x00,0x00,0x00,0x00,
  0x00,0x3E,0xFF,0x75,0x00,0x27,0xFF,0x7F,0x00,0x00,0x00,0x00,0x00,0x00,0x1F,0xFF,0x92,0x00,0x28,0xFF,
  0x7E,0x00,0x00,0x00,0x00,0x00,0x00,0x20,0xFF,0x92,0x00,0x0D,0xFD,0x9C,0x00,0x00,0x00,0x00,0x00,0x00,
  0x3E,0xFF,0x75,0x00,0x00,0xC8,0xE0,0x01,0x00,0x00,0x00,0x00,0x00,0x84,0xFF,0x33,0x00,0x00,0x53,0xFF,
  0x68,0x00,0x00,0x00,0x00,0x14,0xEF,0xBD,0x00,0x00,0x00,0x00,0x8D,0xFA,0x77,0x17,0x08,0x41,0xD3,0xDC,
  0x1C,0x00,0x00,0x00,0x00,0x00,0x50,0xBD,0xF0,0xF8,0xD9,0x87,0x11,0x00,0x00,0x00,0x00,0x00,0x00,0x00,
  0x00,0x5D,0xF2,0x2C,0x00,0x00,0x00,0x00,0x00,0x00,0x24,0xEF,0x49,0x00,0x00,0x00,0x00,0x00,0x00,0x06,
  0xCC,0x6C,0x00,0x00,0x00,0x00,0x00,0x00,0x00,0x00,0x00,0x00,0x00,0x00,0x68,0x95,0x00,0x00,0x3C,0xC0,
  0xF5,0xF2,0xF4,0x58,0x7B,0x9D,0x00,0x39,0xFA,0x9B,0x1A,0x20,0xCA,0xFF,0xFF,0x45,0x00,0xBB,0xDB,0x02,
  0x00,0x00,0x0C,0xEF,0xA0,0x00,0x01,0xF8,0x91,0x00,0x00,0x00,0x00,0xAE,0xE0,0x00,0x0C,0xFF,0x7B,0x00,
  0x00,0x00,0x00,0x97,0xF3,0x00,0x01,0xF8,0x90,0x00,0x00,0x00,0x00,0xAD,0xE0,0x00,0x00,0xBB,0xDA,0x01,
  0x00,0x00,0x0C,0xEE,0xA1,0x00,0x00,0x3B,0xFA,0x98,0x19,0x1F,0xB0,0xF3,0x26,0x00,0x00,0x00,0x3E,0xC1,
  0xF6,0xF3,0xB8,0x30,0x00,0x00,0x00,0x00,0x00,0x00,0x32,0xEF,0x40,0x00,0x00,0x00,0x00,0x00,0x00,0x00,
  0x00,0x00,0x00,0x00,0x45,0xE2,0x19,0x00,0x00,0x00,0x00,0x00,0x00,0x00,0x00,0x00,0x00,0x00,0x00,0x00,
  0x00,0x00,0x00,0x00,0x00,0x00,0x00,0x00,0x4D,0xBB,0xEE,0xF7,0xD8,0x85,0x0F,0x00,0xD4,0x29,0x00,0x00,
  0x89,0xFA,0x78,0x18,0x09,0x41,0xD3,0xFF,0x31,0xDC,0x31,0x00,0x50,0xFF,0x68,0x00,0x00,0x00,0x00,0x14,
  0xFF,0xFF,0xC7,0x04,0x00,0xC7,0xE0,0x01,0x00,0x00,0x00,0x00,0x00,0x84,0xFF,0x33,0x00,0x0D,0xFD,0x9C,
  0x00,0x00,0x00,0x00,0x00,0x00,0x3E,0xFF,0x75,0x00,0x27,0xFF,0x7F,0x00,0x00,0x00,0x00,0x00,0x00,0x1F,
  0xFF,0x92,0x00,0x28,0xFF,0x7E,0x00,0x00,0x00,0x00,0x00,0x00,0x20,0xFF,0x92,0x00,0x0D,0xFD,0x9C,0x00,
  0x00,0x00,0x00,0x00,0x00,0x3E,0xFF,0x75,0x00,0x00,0xC8,0xE0,0x01,0x00,0x00,0x00,0x00,0x00,0x84,0xFF,
  0x33,0x00,0x00,0x53,0xFF,0x68,0x00,0x00,0x00,0x00,0x14,0xEF,0xBD,0x00,0x00,0x00,0x00,0x8D,0xFA,0x77,
  0x17,0x08,0x41,0xD3,0xDC,0x1C,0x00,0x00,0x00,0x00,0x00,0x50,0xBD,0xF0,0xF8,0xD9,0x87,0x11,0x00,0x00,
  0x00,0x00,0x00,0x58,0xF6,0x2D,0x00,0x00,0x00,0x00,0x00,0x00,0x00,0x00,0x7E,0xD6,0x0A,0x00,0x00,0x00,
  0x00,0x00,0x00,0x00,0x00,0xA4,0x9D,0x00,0x00,0x00,0x00,0x00,0x00,0x00,0x00,0x00,0x00,0x00,0x00,0x68,
  0x95,0x00,0x00,0x3C,0xC0,0xF5,0xF2,0xF4,0x58,0x7B,0x9D,0x00,0x39,0xFA,0x9B,0x1A,0x20,0xCA,0xFF,0xFF,
  0x45,0x00,0xBB,0xDB,0x02,0x00,0x00,0x0C,0xEF,0xA0,0x00,0x01,0xF8,0x91,0x00,0x00,0x00,0x00,0xAE,0xE0,
  0x00,0x0C,0xFF,0x7B,0x00,0x00,0x00,0x00,0x97,0xF3,0x00,0x01,0xF8,0x90,0x00,0x00,0x00,0x00,0xAD,0xE0,
  0x00,0x00,0xBB,0xDA,0x01,0x00,0x00,0x0C,0xEE,0xA1,0x00,0x00,0x3B,0xFA,0x98,0x19,0x1F,0xB0,0xF3,0x26,
  0x00,0x00,0x00,0x3E,0xC1,0xF6,0xF3,0xB8,0x30,0x00,0x00,0x00,0x00,0x00,0x00,0x20,0xC6,0xF6,0xBF,0x0D,
  0x00,0x00,0x00,0x00,0x00,0x00,0x00,0x00,0x18,0x22,0x11,0xD9,0x1B,0x00,0x00,0x00,0x00,0x00,0x00,0x00,
  0x00,0x00,0x04,0xCA,0x2F,0x00,0x00,0x00,0x00,0x00,0x00,0x00,0x00,0x00,0x00,0x00,0x00,0x00,0x00,0x00,
  0x00,0x00,0x00,0x00,0x00,0x00,0x4D,0xBB,0xEE,0xF7,0xD8,0x85,0x0F,0x00,0xD4,0x29,0x00,0x00,0x89,0xFA,
  0x78,0x18,0x09,0x41,0xD3,0xFF,0x31,0xDC,0x31,0x00,0x50,0xFF,0x68,0x00,0x00,0x00,0x00,0x14,0xFF,0xFF,
  0xC7,0x04,0x00,0xC7,0xE0,0x01,0x00,0x00,0x00,0x00,0x00,0x84,0xFF,0x33,0x00,0x0D,0xFD,0x9C,0x00,0x00,
  0x00,0x00,0x00,0x00,0x3E,0xFF,0x75,0x00,0x27,0xFF,0x7F,0x00,0x00,0x00,0x00,0x00,0x00,0x1F,0xFF,0x92,
  0x00,0x28,0xFF,0x7E,0x00,0x00,0x00,0x00,0x00,0x00,0x20,0xFF,0x92,0x00,0x0D,0xFD,0x9C,0x00,0x00,0x00,
  0x00,0x00,0x00,0x3E,0xFF,0x75,0x00,0x00,0xC8,0xE0,0x01,0x00,0x00,0x00,0x00,0x00,0x84,0xFF,0x33,0x00,
  0x00,0x53,0xFF,0x68,0x00,0x00,0x00,0x00,0x14,0xEF,0xBD,0x00,0x00,0x00,0x00,0x8D,0xFA,0x77,0x17,0x08,
  0x41,0xD3,0xDC,0x1C,0x00,0x00,0x00,0x00,0x00,0x50,0xBD,0xF0,0xF8,0xD9,0x87,0x11,0x00,0x00,0x00,0x00,
  0x00,0x00,0x54,0xE1,0xF3,0x80,0x00,0x00,0x00,0x00,0x00,0x00,0x2B,0x0F,0x4A,0xBA,0x00,0x00,0x00,0x00,
  0x00,0x00,0x00,0x39,0xB6,0x0D,0x00,0x00,0x00,0x00,0x00,0x00,0x00,0x00,0x00,0x00,0x00,0x68,0x95,0x00,
  0x00,0x3C,0xC0,0xF5,0xF2,0xF4,0x58,0x7B,0x9D,0x00,0x39,0xFA,0x9B,0x1A,0x20,0xCA,0xFF,0xFF,0x45,0x00,
  0xBB,0xDB,0x02,0x00,0x00,0x0C,0xEF,0xA0,0x00,0x01,0xF8,0x91,0x00,0x00,0x00,0x00,0xAE,0xE0,0x00,0x0C,
  0xFF,0x7B,0x00,0x00,0x00,0x00,0x97,0xF3,0x00,0x01,0xF8,0x90,0x00,0x00,0x00,0x00,0xAD,0xE0,0x00,0x00,
  0xBB,0xDA,0x01,0x00,0x00,0x0C,0xEE,0xA1,0x00,0x00,0x3B,0xFA,0x98,0x19,0x1F,0xB0,0xF3,0x26,0x00,0x00,
  0x00,0x3E,0xC1,0xF6,0xF3,0xB8,0x30,0x00,0x00,0x00,0x00,0x00,0x01,0xB4,0xEE,0x72,0x40,0xD0,0x00,0x00,
  0x00,0x00,0x00,0x00,0x00,0x32,0xD3,0x22,0xAF,0xF2,0x5C,0x00,0x00,0x00,0x00,0x00,0x00,0x00,0x00,0x00,
  0x00,0x00,0x00,0x00,0x00,0x00,0x00,0x00,0x00,0x00,0x00,0x4D,0xBB,0xEE,0xF7,0xD8,0x85,0x0F,0x00,0xD4,
  0x29,0x00,0x00,0x89,0xFA,0x78,0x18,0x09,0x41,0xD3,0xFF,0x31,0xDC,0x31,0x00,0x50,0xFF,0x68,0x00,0x00,
  0x00,0x00,0x14,0xFF,0xFF,0xC7,0x04,0x00,0xC7,0xE0,0x01,0x00,0x00,0x00,0x00,0x00,0x84,0xFF,0x33,0x00,
  0x0D,0xFD,0x9C,0x00,0x00,0x00,0x00,0x00,0x00,0x3E,0xFF,0x75,0x00,0x27,0xFF,0x7F,0x00,0x00,0x00,0x00,
  0x00,0x00,0x1F,0xFF,0x92,0x00,0x28,0xFF,0x7E,0x00,0x00,0x00,0x00,0x00,0x00,0x20,0xFF,0x92,0x00,0x0D,
  0xFD,0x9C,0x00,0x00,0x00,0x00,0x00,0x00,0x3E,0xFF,0x75,0x00,0x00,0xC8,0xE0,0x01,0x00,0x00,0x00,0x00,
  0x00,0x84,0xFF,0x33,0x00,0x00,0x53,0xFF,0x68,0x00,0x00,0x00,0x00,0x14,0xEF,0xBD,0x00,0x00,0x00,0x00,
  0x8D,0xFA,0x77,0x17,0x08,0x41,0xD3,0xDC,0x1C,0x00,0x00,0x00,0x00,0x00,0x50,0xBD,0xF0,0xF8,0xD9,0x87,
  0x11,0x00,0x00,0x00,0x00,0x00,0x34,0xE8,0xC8,0x20,0x9C,0x69,0x00,0x00,0x00,0x00,0x9A,0x71,0x39,0xDC,
  0xD7,0x16,0x00,0x00,0x00,0x00,0x00,0x00,0x00,0x00,0x00,0x00,0x68,0x95,0x00,0x00,0x3C,0xC0,0xF5,0xF2,
  0xF4,0x58,0x7B,0x9D,0x00,0x39,0xFA,0x9B,0x1A,0x20,0xCA,0xFF,0xFF,0x45,0x00,0xBB,0xDB,0x02,0x00,0x00,
  0x0C,0xEF,0xA0,0x00,0x01,0xF8,0x91,0x00,0x00,0x00,0x00,0xAE,0xE0,0x00,0x0C,0xFF,0x7B,0x00,0x00,0x00,
  0x00,0x97,0xF3,0x00,0x01,0xF8,0x90,0x00,0x00,0x00,0x00,0xAD,0xE0,0x00,0x00,0xBB,0xDA,0x01,0x00,0x00,
  0x0C,0xEE,0xA1,0x00,0x00,0x3B,0xFA,0x98,0x19,0x1F,0xB0,0xF3,0x26,0x00,0x00,0x00,0x3E,0xC1,0xF6,0xF3,
  0xB8,0x30,0x00,0x00,0x00,0x00,0x00,0x4D,0xBB,0xEE,0xF7,0xD8,0x85,0x0F,0x00,0xD4,0x29,0x00,0x00,0x89,
  0xFA,0x78,0x18,0x09,0x41,0xD3,0xFF,0x31,0xDC,0x31,0x00,0x50,0xFF,0x68,0x00,0x00,0x00,0x00,0x14,0xFF,
  0xFF,0xC7,0x04,0x00,0xC7,0xE0,0x01,0x00,0x00,0x00,0x00,0x00,0x84,0xFF,0x33,0x00,0x0D,0xFD,0x9C,0x00,
  0x00,0x00,0x00,0x00,0x00,0x3E,0xFF,0x75,0x00,0x27,0xFF,0x7F,0x00,0x00,0x00,0x00,0x00,0x00,0x1F,0xFF,
  0x92,0x00,0x28,0xFF,0x7E,0x00,0x00,0x00,0x00,0x00,0x00,0x20,0xFF,0x92,0x00,0x0D,0xFD,0x9C,0x00,0x00,
  0x00,0x00,0x00,0x00,0x3E,0xFF,0x75,0x00,0x00,0xC8,0xE0,0x01,0x00,0x00,0x00,0x00,0x00,0x84,0xFF,0x33,
  0x00,0x00,0x53,0xFF,0x68,0x00,0x00,0x00,0x00,0x14,0xEF,0xBD,0x00,0x00,0x00,0x00,0x8D,0xFA,0x77,0x17,
  0x08,0x41,0xD3,0xDC,0x1C,0x00,0x00,0x00,0x00,0x00,0x50,0xBD,0xF0,0xF8,0xD9,0x87,0x11,0x00,0x00,0x00,
  0x00,0x00,0x00,0x00,0x00,0x00,0x00,0x00,0x00,0x00,0x00,0x00,0x00,0x00,0x00,0x00,0x00,0x00,0x60,0xE4,
  0x03,0x00,0x00,0x00,0x00,0x00,0x00,0x00,0x00,0x00,0x00,0x65,0xF0,0x03,0x00,0x00,0x00,0x00,0x00,0x00,
  0x00,0x00,0x00,0x00,0x00,0x00,0x00,0x68,0x95,0x00,0x00,0x3C,0xC0,0xF5,0xF2,0xF4,0x58,0x7B,0x9D,0x00,
  0x39,0xFA,0x9B,0x1A,0x20,0xCA,0xFF,0xFF,0x45,0x00,0xBB,0xDB,0x02,0x00,0x00,0x0C,0xEF,0xA0,0x00,0x01,
  0xF8,0x91,0x00,0x00,0x00,0x00,0xAE,0xE0,0x00,0x0C,0xFF,0x7B,0x00,0x00,0x00,0x00,0x97,0xF3,0x00,0x01,
  0xF8,0x90,0x00,0x00,0x00,0x00,0xAD,0xE0,0x00,0x00,0xBB,0xDA,0x01,0x00,0x00,0x0C,0xEE,0xA1,0x00,0x00,
  0x3B,0xFA,0x98,0x19,0x1F,0xB0,0xF3,0x26,0x00,0x00,0x00,0x3E,0xC1,0xF6,0xF3,0xB8,0x30,0x00,0x00,0x00,
  0x00,0x00,0x00,0x00,0x00,0x00,0x00,0x00,0x00,0x00,0x00,0x00,0x00,0xBC,0x8A,0x00,0x00,0x00,0x00,0x00,
  0x00,0x00,0x00,0xC6,0x92,0x00,0x00,0x00,0x00,0x9C,0xFC,0x00,0x00,0x00,0x00,0x00,0x44,0xFF,0x54,0x9C,
  0xFC,0x00,0x00,0x00,0x00,0x00,0x44,0xFF,0x54,0x9C,0xFC,0x00,0x00,0x00,0x00,0x00,0x44,0xFF,0x54,0x9C,
  0xFC,0x00,0x00,0x00,0x00,0x00,0x44,0xFF,0x54,0x9C,0xFC,0x00,0x00,0x00,0x00,0x00,0x44,0xFF,0x54,0x9C,
  0xFC,0x00,0x00,0x00,0x00,0x00,0x44,0xFF,0x54,0x9C,0xFC,0x00,0x00,0x00,0x00,0x00,0x44,0xFF,0x54,0x9A,
  0xFD,0x00,0x00,0x00,0x00,0x00,0x46,0xFF,0x51,0x87,0xFF,0x11,0x00,0x00,0x00,0x00,0x5A,0xFF,0x3E,0x4B,
  0xFF,0x52,0x00,0x00,0x00,0x00,0x9D,0xF4,0x0C,0x02,0xC1,0xE5,0x4C,0x0F,0x1A,0x75,0xFC,0x78,0x00,0x00,
  0x0A,0x85,0xDA,0xF9,0xF4,0xC8,0x5C,0x00,0x00,0x00,0x00,0x00,0x00,0x00,0x00,0x00,0x00,0x00,0x00,0x00,
  0x00,0x00,0x00,0xB9,0x8E,0x00,0x00,0x00,0x00,0x00,0x00,0x00,0x00,0xC3,0x96,0x00,0x00,0x00,0x00,0xA4,
  0xCC,0x00,0x00,0x00,0x00,0xC0,0xB0,0xA4,0xCC,0x00,0x00,0x00,0x00,0xC0,0xB0,0xA4,0xCC,0x00,0x00,0x00,
  0x00,0xC0,0xB0,0xA4,0xCC,0x00,0x00,0x00,0x00,0xC0,0xB0,0xA4,0xCC,0x00,0x00,0x00,0x00,0xC1,0xB0,0x96,
  0xD8,0x00,0x00,0x00,0x00,0xDA,0xB0,0x75,0xF6,0x0B,0x00,0x00,0x24,0xFC,0xB0,0x1C,0xFA,0x92,0x10,0x2D,
  0xAC,0xCC,0xB0,0x00,0x53,0xDB,0xF8,0xC2,0x27,0xC0,0xB0,0x00,0x00,0x00,0x00,0x00,0x00,0x00,0x00,0x00,
  0x00,0x00,0xAE,0x99,0x00,0x00,0x00,0x00,0x00,0x00,0xB7,0xA1,0x00,0x00,0x00,0x00,0x00,0x00,0x6C,0xE9,
  0xED,0x66,0x00,0x00,0x00,0x00,0x00,0x00,0x30,0x0B,0x6A,0x9A,0x00,0x00,0x00,0x00,0x00,0x00,0x00,0x53,
  0xA4,0x05,0x00,0x00,0x00,0x00,0x00,0x00,0x00,0x00,0x00,0x00,0x00,0x00,0x00,0x9C,0xFC,0x00,0x00,0x00,
  0x00,0x00,0x44,0xFF,0x54,0x9C,0xFC,0x00,0x00,0x00,0x00,0x00,0x44,0xFF,0x54,0x9C,0xFC,0x00,0x00,0x00,
  0x00,0x00,0x44,0xFF,0x54,0x9C,0xFC,0x00,0x00,0x00,0x00,0x00,0x44,0xFF,0x54,0x9C,0xFC,0x00,0x00,0x00,
  0x00,0x00,0x44,0xFF,0x54,0x9C,0xFC,0x00,0x00,0x00,0x00,0x00,0x44,0xFF,0x54,0x9C,0xFC,0x00,0x00,0x00,
  0x00,0x00,0x44,0xFF,0x54,0x9A,0xFD,0x00,0x00,0x00,0x00,0x00,0x46,0xFF,0x51,0x87,0xFF,0x11,0x00,0x00,
  0x00,0x00,0x5A,0xFF,0x3E,0x4B,0xFF,0x52,0x00,0x00,0x00,0x00,0x9D,0xF4,0x0C,0x02,0xC1,0xE5,0x4C,0x0F,
  0x1A,0x75,0xFC,0x78,0x00,0x00,0x0A,0x85,0xDA,0xF9,0xF4,0xC8,0x5C,0x00,0x00,0x00,0x00,0x54,0xE1,0xF3,
  0x80,0x00,0x00,0x00,0x00,0x2B,0x0F,0x4A,0xBA,0x00,0x00,0x00,0x00,0x00,0x39,0xB6,0x0D,0x00,0x00,0x00,
  0x00,0x00,0x00,0x00,0x00,0x00,0x00,0xA4,0xCC,0x00,0x00,0x00,0x00,0xC0,0xB0,0xA4,0xCC,0x00,0x00,0x00,
  0x00,0xC0,0xB0,0xA4,0xCC,0x00,0x00,0x00,0x00,0xC0,0xB0,0xA4,0xCC,0x00,0x00,0x00,0x00,0xC0,0xB0,0xA4,
  0xCC,0x00,0x00,0x00,0x00,0xC1,0xB0,0x96,0xD8,0x00,0x00,0x00,0x00,0xDA,0xB0,0x75,0xF6,0x0B,0x00,0x00,
  0x24,0xFC,0xB0,0x1C,0xFA,0x92,0x10,0x2D,0xAC,0xCC,0xB0,0x00,0x53,0xDB,0xF8,0xC2,0x27,0xC0,0xB0,0x00,
  0x00,0x00,0x00,0x27,0xEF,0x4D,0x00,0x00,0x00,0x00,0x00,0x00,0x00,0x00,0x0A,0xD3,0x66,0x00,0x00,0x00,
  0x00,0x00,0x00,0x00,0x00,0x00,0x00,0x00,0x00,0x00,0x00,0x00,0x00,0x00,0x00,0xA8,0xF0,0x00,0x00,0x00,
  0x00,0x00,0x50,0xFF,0x48,0x50,0xAD,0xA8,0xF0,0x00,0x00,0x00,0x00,0x00,0x50,0xFF,0x7C,0x64,0xB5,0xA8,
  0xF0,0x00,0x00,0x00,0x00,0x00,0x50,0xFF,0xF7,0xF1,0x59,0xA8,0xF0,0x00,0x00,0x00,0x00,0x00,0x50,0xFF,
  0x48,0x00,0x00,0xA8,0xF0,0x00,0x00,0x00,0x00,0x00,0x50,0xFF,0x48,0x00,0x00,0xA8,0xF0,0x00,0x00,0x00,
  0x00,0x00,0x50,0xFF,0x48,0x00,0x00,0xA8,0xF0,0x00,0x00,0x00,0x00,0x00,0x50,0xFF,0x48,0x00,0x00,0xA6,
  0xF2,0x00,0x00,0x00,0x00,0x00,0x52,0xFF,0x45,0x00,0x00,0x93,0xFD,0x07,0x00,0x00,0x00,0x00,0x66,0xFF,
  0x32,0x00,0x00,0x57,0xFF,0x46,0x00,0x00,0x00,0x00,0xA9,0xEF,0x06,0x00,0x00,0x05,0xCA,0xE0,0x47,0x0E,
  0x1C,0x7C,0xFE,0x6C,0x00,0x00,0x00,0x00,0x0D,0x8B,0xDC,0xFA,0xF3,0xC5,0x55,0x00,0x00,0x00,0x00,0x00,
  0x00,0x00,0x00,0x4E,0xF6,0x37,0x00,0x00,0x00,0x00,0x00,0x00,0x1B,0xEB,0x57,0x00,0x00,0x00,0x00,0x00,
  0x00,0x02,0xBF,0x7C,0x00,0x00,0x00,0x00,0x00,0x00,0x00,0x00,0x00,0x00,0x00,0x00,0x00,0x3C,0xC1,0xA0,
  0xD0,0x00,0x00,0x00,0x00,0xE5,0xF1,0x50,0xC9,0xA0,0xD0,0x00,0x00,0x00,0x00,0xC4,0xFF,0xF1,0x6B,0xA0,
  0xD0,0x00,0x00,0x00,0x00,0xBC,0xB4,0x00,0x00,0xA0,0xD0,0x00,0x00,0x00,0x00,0xBC,0xB4,0x00,0x00,0xA0,
  0xD0,0x00,0x00,0x00,0x00,0xBD,0xB4,0x00,0x00,0x92,0xDC,0x00,0x00,0x00,0x00,0xD6,0xB4,0x00,0x00,0x71,
  0xF8,0x0D,0x00,0x00,0x21,0xFB,0xB4,0x00,0x00,0x19,0xF8,0x95,0x11,0x2B,0xAC,0xCA,0xB4,0x00,0x00,0x00,
  0x51,0xDA,0xF8,0xC4,0x29,0xBC,0xB4,0x00,0x00,0x00,0x00,0x00,0x99,0xC4,0x04,0x00,0x00,0x00,0x00,0x00,
  0x00,0x00,0x00,0x00,0x03,0xB0,0x8D,0x00,0x00,0x00,0x00,0x00,0x00,0x00,0x00,0x00,0x00,0x00,0x00,0x00,
  0x00,0x00,0x00,0x00,0x00,0xA8,0xF0,0x00,0x00,0x00,0x00,0x00,0x50,0xFF,0x48,0x50,0xAD,0xA8,0xF0,0x00,
  0x00,0x00,0x00,0x00,0x50,0xFF,0x7C,0x64,0xB5,0xA8,0xF0,0x00,0x00,0x00,0x00,0x00,0x50,0xFF,0xF7,0xF1,
  0x59,0xA8,0xF0,0x00,0x00,0x00,0x00,0x00,0x50,0xFF,0x48,0x00,0x00,0xA8,0xF0,0x00,0x00,0x00,0x00,0x00,
  0x50,0xFF,0x48,0x00,0x00,0xA8,0xF0,0x00,0x00,0x00,0x00,0x00,0x50,0xFF,0x48,0x00,0x00,0xA8,0xF0,0x00,
  0x00,0x00,0x00,0x00,0x50,0xFF,0x48,0x00,0x00,0xA6,0xF2,0x00,0x00,0x00,0x00,0x00,0x52,0xFF,0x45,0x00,
  0x00,0x93,0xFD,0x07,0x00,0x00,0x00,0x00,0x66,0xFF,0x32,0x00,0x00,0x57,0xFF,0x46,0x00,0x00,0x00,0x00,
  0xA9,0xEF,0x06,0x00,0x00,0x05,0xCA,0xE0,0x47,0x0E,0x1C,0x7C,0xFE,0x6C,0x00,0x00,0x00,0x00,0x0D,0x8B,
  0xDC,0xFA,0xF3,0xC5,0x55,0x00,0x00,0x00,0x00,0x00,0x4B,0xF8,0x39,0x00,0x00,0x00,0x00,0x00,0x00,0x00,
  0x00,0x6E,0xE0,0x10,0x00,0x00,0x00,0x00,0x00,0x00,0x00,0x00,0x94,0xAD,0x00,0x00,0x00,0x00,0x00,0x00,
  0x00,0x00,0x00,0x00,0x00,0x00,0x00,0x3C,0xC1,0xA0,0xD0,0x00,0x00,0x00,0x00,0xE5,0xF1,0x50,0xC9,0xA0,
  0xD0,0x00,0x00,0x00,0x00,0xC4,0xFF,0xF1,0x6B,0xA0,0xD0,0x00,0x00,0x00,0x00,0xBC,0xB4,0x00,0x00,0xA0,
  0xD0,0x00,0x00,0x00,0x00,0xBC,0xB4,0x00,0x00,0xA0,0xD0,0x00,0x00,0x00,0x00,0xBD,0xB4,0x00,0x00,0x92,
  0xDC,0x00,0x00,0x00,0x00,0xD6,0xB4,0x00,0x00,0x71,0xF8,0x0D,0x00,0x00,0x21,0xFB,0xB4,0x00,0x00,0x19,
  0xF8,0x95,0x11,0x2B,0xAC,0xCA,0xB4,0x00,0x00,0x00,0x51,0xDA,0xF8,0xC4,0x29,0xBC,0xB4,0x00,0x00,0x00,
  0x00,0x00,0x6C,0xE9,0xED,0x66,0x00,0x00,0x00,0x00,0x00,0x00,0x00,0x00,0x30,0x0B,0x6A,0x9A,0x00,0x00,
  0x00,0x00,0x00,0x00,0x00,0x00,0x00,0x53,0xA4,0x05,0x00,0x00,0x00,0x00,0x00,0x00,0x00,0x00,0x00,0x00,
  0x00,0x00,0x00,0x00,0x00,0x00,0x00,0xA8,0xF0,0x00,0x00,0x00,0x00,0x00,0x50,0xFF,0x48,0x50,0xAD,0xA8,
  0xF0,0x00,0x00,0x00,0x00,0x00,0x50,0xFF,0x7C,0x64,0xB5,0xA8,0xF0,0x00,0x00,0x00,0x00,0x00,0x50,0xFF,
  0xF7,0xF1,0x59,0xA8,0xF0,0x00,0x00,0x00,0x00,0x00,0x50,0xFF,0x48,0x00,0x00,0xA8,0xF0,0x00,0x00,0x00,
  0x00,0x00,0x50,0xFF,0x48,0x00,0x00,0xA8,0xF0,0x00,0x00,0x00,0x00,0x00,0x50,0xFF,0x48,0x00,0x00,0xA8,
  0xF0,0x00,0x00,0x00,0x00,0x00,0x50,0xFF,0x48,0x00,0x00,0xA6,0xF2,0x00,0x00,0x00,0x00,0x00,0x52,0xFF,
  0x45,0x00,0x00,0x93,0xFD,0x07,0x00,0x00,0x00,0x00,0x66,0xFF,0x32,0x00,0x00,0x57,0xFF,0x46,0x00,0x00,
  0x00,0x00,0xA9,0xEF,0x06,0x00,0x00,0x05,0xCA,0xE0,0x47,0x0E,0x1C,0x7C,0xFE,0x6C,0x00,0x00,0x00,0x00,
  0x0D,0x8B,0xDC,0xFA,0xF3,0xC5,0x55,0x00,0x00,0x00,0x00,0x00,0x00,0x54,0xE1,0xF3,0x80,0x00,0x00,0x00,
  0x00,0x00,0x00,0x2B,0x0F,0x4A,0xBA,0x00,0x00,0x00,0x00,0x00,0x00,0x00,0x39,0xB6,0x0D,0x00,0x00,0x00,
  0x00,0x00,0x00,0x00,0x00,0x00,0x00,0x00,0x00,0x3C,0xC1,0xA0,0xD0,0x00,0x00,0x00,0x00,0xE5,0xF1,0x50,
  0xC9,0xA0,0xD0,0x00,0x00,0x00,0x00,0xC4,0xFF,0xF1,0x6B,0xA0,0xD0,0x00,0x00,0x00,0x00,0xBC,0xB4,0x00,
  0x00,0xA0,0xD0,0x00,0x00,0x00,0x00,0xBC,0xB4,0x00,0x00,0xA0,0xD0,0x00,0x00,0x00,0x00,0xBD,0xB4,0x00,
  0x00,0x92,0xDC,0x00,0x00,0x00,0x00,0xD6,0xB4,0x00,0x00,0x71,0xF8,0x0D,0x00,0x00,0x21,0xFB,0xB4,0x00,
  0x00,0x19,0xF8,0x95,0x11,0x2B,0xAC,0xCA,0xB4,0x00,0x00,0x00,0x51,0xDA,0xF8,0xC4,0x29,0xBC,0xB4,0x00,
  0x00,0x00,0x00,0x3B,0xEB,0xC6,0x2E,0xAF,0x5C,0x00,0x00,0x00,0x00,0x00,0x00,0xA6,0x66,0x58,0xE2,0xD0,
  0x0E,0x00,0x00,0x00,0x00,0x00,0x00,0x00,0x00,0x00,0x00,0x00,0x00,0x00,0x00,0x00,0x00,0xA8,0xF0,0x00,
  0x00,0x00,0x00,0x00,0x50,0xFF,0x48,0x50,0xAD,0xA8,0xF0,0x00,0x00,0x00,0x00,0x00,0x50,0xFF,0x7C,0x64,
  0xB5,0xA8,0xF0,0x00,0x00,0x00,0x00,0x00,0x50,0xFF,0xF7,0xF1,0x59,0xA8,0xF0,0x00,0x00,0x00,0x00,0x00,
  0x50,0xFF,0x48,0x00,0x00,0xA8,0xF0,0x00,0x00,0x00,0x00,0x00,0x50,0xFF,0x48,0x00,0x00,0xA8,0xF0,0x00,
  0x00,0x00,0x00,0x00,0x50,0xFF,0x48,0x00,0x00,0xA8,0xF0,0x00,0x00,0x00,0x00,0x00,0x50,0xFF,0x48,0x00,
  0x00,0xA6,0xF2,0x00,0x00,0x00,0x00,0x00,0x52,0xFF,0x45,0x00,0x00,0x93,0xFD,0x07,0x00,0x00,0x00,0x00,
  0x66,0xFF,0x32,0x00,0x00,0x57,0xFF,0x46,0x00,0x00,0x00,0x00,0xA9,0xEF,0x06,0x00,0x00,0x05,0xCA,0xE0,
  0x47,0x0E,0x1C,0x7C,0xFE,0x6C,0x00,0x00,0x00,0x00,0x0D,0x8B,0xDC,0xFA,0xF3,0xC5,0x55,0x00,0x00,0x00,
  0x00,0x00,0x25,0xE0,0xD3,0x2C,0x85,0x81,0x00,0x00,0x00,0x00,0x82,0x89,0x2C,0xD2,0xE1,0x24,0x00,0x00,
  0x00,0x00,0x00,0x00,0x00,0x00,0x00,0x00,0x00,0x3C,0xC1,0xA0,0xD0,0x00,0x00,0x00,0x00,0xE5,0xF1,0x50,
  0xC9,0xA0,0xD0,0x00,0x00,0x00,0x00,0xC4,0xFF,0xF1,0x6B,0xA0,0xD0,0x00,0x00,0x00,0x00,0xBC,0xB4,0x00,
  0x00,0xA0,0xD0,0x00,0x00,0x00,0x00,0xBC,0xB4,0x00,0x00,0xA0,0xD0,0x00,0x00,0x00,0x00,0xBD,0xB4,0x00,
  0x00,0x92,0xDC,0x00,0x00,0x00,0x00,0xD6,0xB4,0x00,0x00,0x71,0xF8,0x0D,0x00,0x00,0x21,0xFB,0xB4,0x00,
  0x00,0x19,0xF8,0x95,0x11,0x2B,0xAC,0xCA,0xB4,0x00,0x00,0x00,0x51,0xDA,0xF8,0xC4,0x29,0xBC,0xB4,0x00,
  0x00,0xA8,0xF0,0x00,0x00,0x00,0x00,0x00,0x50,0xFF,0x48,0x50,0xAD,0xA8,0xF0,0x00,0x00,0x00,0x00,0x00,
  0x50,0xFF,0x7C,0x64,0xB5,0xA8,0xF0,0x00,0x00,0x00,0x00,0x00,0x50,0xFF,0xF7,0xF1,0x59,0xA8,0xF0,0x00,
  0x00,0x00,0x00,0x00,0x50,0xFF,0x48,0x00,0x00,0xA8,0xF0,0x00,0x00,0x00,0x00,0x00,0x50,0xFF,0x48,0x00,
  0x00,0xA8,0xF0,0x00,0x00,0x00,0x00,0x00,0x50,0xFF,0x48,0x00,0x00,0xA8,0xF0,0x00,0x00,0x00,0x00,0x00,
  0x50,0xFF,0x48,0x00,0x00,0xA6,0xF2,0x00,0x00,0x00,0x00,0x00,0x52,0xFF,0x45,0x00,0x00,0x93,0xFD,0x07,
  0x00,0x00,0x00,0x00,0x66,0xFF,0x32,0x00,0x00,0x57,0xFF,0x46,0x00,0x00,0x00,0x00,0xA9,0xEF,0x06,0x00,
  0x00,0x05,0xCA,0xE0,0x47,0x0E,0x1C,0x7C,0xFE,0x6C,0x00,0x00,0x00,0x00,0x0D,0x8B,0xDC,0xFA,0xF3,0xC5,
  0x55,0x00,0x00,0x00,0x00,0x00,0x00,0x00,0x00,0x00,0x00,0x00,0x00,0x00,0x00,0x00,0x00,0x00,0x00,0x00,
  0x00,0xB9,0x8E,0x00,0x00,0x00,0x00,0x00,0x00,0x00,0x00,0x00,0x00,0xC3,0x96,0x00,0x00,0x00,0x00,0x00,
  0x00,0x00,0x00,0x00,0x00,0x00,0x00,0x00,0x00,0x3C,0xC1,0xA0,0xD0,0x00,0x00,0x00,0x00,0xE5,0xF1,0x50,
  0xC9,0xA0,0xD0,0x00,0x00,0x00,0x00,0xC4,0xFF,0xF1,0x6B,0xA0,0xD0,0x00,0x00,0x00,0x00,0xBC,0xB4,0x00,
  0x00,0xA0,0xD0,0x00,0x00,0x00,0x00,0xBC,0xB4,0x00,0x00,0xA0,0xD0,0x00,0x00,0x00,0x00,0xBD,0xB4,0x00,
  0x00,0x92,0xDC,0x00,0x00,0x00,0x00,0xD6,0xB4,0x00,0x00,0x71,0xF8,0x0D,0x00,0x00,0x21,0xFB,0xB4,0x00,
  0x00,0x19,0xF8,0x95,0x11,0x2B,0xAC,0xCA,0xB4,0x00,0x00,0x00,0x51,0xDA,0xF8,0xC4,0x29,0xBC,0xB4,0x00,
  0x00,0x00,0x00,0x00,0x00,0x00,0x00,0x00,0x00,0x00,0x00,0x00,0x00,0x00,0xAE,0x99,0x00,0x00,0x00,0x00,
  0x00,0x00,0x00,0x00,0xB7,0xA1,0x00,0x00,0x00,0x00,0x00,0x00,0x00,0x00,0x00,0x91,0xCA,0x06,0x00,0x00,
  0x00,0x00,0x00,0x00,0x00,0x00,0x02,0xA9,0x95,0x00,0x00,0x00,0x00,0x00,0x00,0x00,0x00,0x00,0x00,0x00,
  0x00,0x00,0x00,0x00,0x00,0xB4,0xEA,0x14,0x00,0x00,0x00,0x00,0x36,0xFC,0x7B,0x00,0x1B,0xF0,0xA7,0x00,
  0x00,0x00,0x06,0xD4,0xCE,0x04,0x00,0x00,0x64,0xFF,0x4E,0x00,0x00,0x81,0xFB,0x30,0x00,0x00,0x00,0x00,
  0xBB,0xE6,0x10,0x2D,0xFA,0x83,0x00,0x00,0x00,0x00,0x00,0x20,0xF3,0xA1,0xCB,0xD4,0x06,0x00,0x00,0x00,
  0x00,0x00,0x00,0x6C,0xFF,0xFC,0x36,0x00,0x00,0x00,0x00,0x00,0x00,0x00,0x01,0xED,0xB6,0x00,0x00,0x00,
  0x00,0x00,0x00,0x00,0x00,0x00,0xE8,0xB0,0x00,0x00,0x00,0x00,0x00,0x00,0x00,0x00,0x00,0xE8,0xB0,0x00,
  0x00,0x00,0x00,0x00,0x00,0x00,0x00,0x00,0xE8,0xB0,0x00,0x00,0x00,0x00,0x00,0x00,0x00,0x00,0x00,0xE8,
  0xB0,0x00,0x00,0x00,0x00,0x00,0x00,0x00,0x00,0x00,0xE8,0xB0,0x00,0x00,0x00,0x00,0x00,0x19,0xE2,0x81,
  0x00,0x00,0x00,0x00,0x00,0x00,0x00,0x2F,0xF0,0x40,0x00,0x00,0x00,0x00,0x00,0x00,0x00,0x4C,0xE2,0x14,
  0x00,0x00,0x00,0x00,0x00,0x00,0x00,0x00,0x00,0x00,0x00,0x00,0x51,0xFF,0x31,0x00,0x00,0x00,0x00,0xBA,
  0xCC,0x04,0xE6,0x94,0x00,0x00,0x00,0x1F,0xFD,0x67,0x00,0x84,0xEF,0x08,0x00,0x00,0x81,0xF3,0x0D,0x00,
  0x1F,0xFD,0x5B,0x00,0x02,0xE1,0x9B,0x00,0x00,0x00,0xB7,0xBE,0x00,0x47,0xFF,0x36,0x00,0x00,0x00,0x50,
  0xFE,0x23,0xAB,0xD0,0x00,0x00,0x00,0x00,0x04,0xE5,0x99,0xF9,0x6A,0x00,0x00,0x00,0x00,0x00,0x83,0xFF,
  0xF5,0x0F,0x00,0x00,0x00,0x00,0x00,0x20,0xFF,0x9F,0x00,0x00,0x00,0x00,0x00,0x00,0x41,0xFF,0x38,0x00,
  0x00,0x00,0x00,0x00,0x13,0xC7,0xC1,0x00,0x00,0x00,0x00,0x00,0xBC,0xFA,0xC6,0x22,0x00,0x00,0x00,0x00,
  0x00,0xB4,0xEA,0x14,0x00,0x00,0x00,0x00,0x36,0xFC,0x7B,0x00,0x1B,0xF0,0xA7,0x00,0x00,0x00,0x06,0xD4,
  0xCE,0x04,0x00,0x00,0x64,0xFF,0x4E,0x00,0x00,0x81,0xFB,0x30,0x00,0x00,0x00,0x00,0xBB,0xE6,0x10,0x2D,
  0xFA,0x83,0x00,0x00,0x00,0x00,0x00,0x20,0xF3,0xA1,0xCB,0xD4,0x06,0x00,0x00,0x00,0x00,0x00,0x00,0x6C,
  0xFF,0xFC,0x36,0x00,0x00,0x00,0x00,0x00,0x00,0x00,0x01,0xED,0xB6,0x00,0x00,0x00,0x00,0x00,0x00,0x00,
  0x00,0x00,0xE8,0xB0,0x00,0x00,0x00,0x00,0x00,0x00,0x00,0x00,0x00,0xE8,0xB0,0x00,0x00,0x00,0x00,0x00,
  0x00,0x00,0x00,0x00,0xE8,0xB0,0x00,0x00,0x00,0x00,0x00,0x00,0x00,0x00,0x00,0xE8,0xB0,0x00,0x00,0x00,
  0x00,0x00,0x00,0x00,0x00,0x00,0xE8,0xB0,0x00,0x00,0x00,0x00,0x00,0x00,0x00,0x00,0x00,0x00,0x00,0x00,
  0x00,0x00,0x00,0x00,0x00,0x00,0x00,0x00,0xB9,0x8E,0x00,0x00,0x00,0x00,0x00,0x00,0x00,0x00,0x00,0xC3,
  0x96,0x00,0x00,0x00,0x00,0x51,0xFF,0x31,0x00,0x00,0x00,0x00,0xBA,0xCC,0x04,0xE6,0x94,0x00,0x00,0x00,
  0x1F,0xFD,0x67,0x00,0x84,0xEF,0x08,0x00,0x00,0x81,0xF3,0x0D,0x00,0x1F,0xFD,0x5B,0x00,0x02,0xE1,0x9B,
  0x00,0x00,0x00,0xB7,0xBE,0x00,0x47,0xFF,0x36,0x00,0x00,0x00,0x50,0xFE,0x23,0xAB,0xD0,0x00,0x00,0x00,
  0x00,0x04,0xE5,0x99,0xF9,0x6A,0x00,0x00,0x00,0x00,0x00,0x83,0xFF,0xF5,0x0F,0x00,0x00,0x00,0x00,0x00,
  0x20,0xFF,0x9F,0x00,0x00,0x00,0x00,0x00,0x00,0x41,0xFF,0x38,0x00,0x00,0x00,0x00,0x00,0x13,0xC7,0xC1,
  0x00,0xBC,0x8A,0x00,0x00,0xBC,0xFA,0xC6,0x22,0x00,0xC6,0x92,0x00,0x00,0x00,0x00,0x00,0x66,0xE7,0xEF,
  0x6C,0x00,0x00,0x00,0x00,0x00,0x00,0x00,0x2F,0x0B,0x62,0xA2,0x00,0x00,0x00,0x00,0x00,0x00,0x00,0x00,
  0x4D,0xA9,0x07,0x00,0x00,0x00,0x00,0x00,0x00,0x00,0x00,0x00,0x00,0x00,0x00,0x00,0x00,0x00,0xB4,0xEA,
  0x14,0x00,0x00,0x00,0x00,0x36,0xFC,0x7B,0x00,0x1B,0xF0,0xA7,0x00,0x00,0x00,0x06,0xD4,0xCE,0x04,0x00,
  0x00,0x64,0xFF,0x4E,0x00,0x00,0x81,0xFB,0x30,0x00,0x00,0x00,0x00,0xBB,0xE6,0x10,0x2D,0xFA,0x83,0x00,
  0x00,0x00,0x00,0x00,0x20,0xF3,0xA1,0xCB,0xD4,0x06,0x00,0x00,0x00,0x00,0x00,0x00,0x6C,0xFF,0xFC,0x36,
  0x00,0x00,0x00,0x00,0x00,0x00,0x00,0x01,0xED,0xB6,0x00,0x00,0x00,0x00,0x00,0x00,0x00,0x00,0x00,0xE8,
  0xB0,0x00,0x00,0x00,0x00,0x00,0x00,0x00,0x00,0x00,0xE8,0xB0,0x00,0x00,0x00,0x00,0x00,0x00,0x00,0x00,
  0x00,0xE8,0xB0,0x00,0x00,0x00,0x00,0x00,0x00,0x00,0x00,0x00,0xE8,0xB0,0x00,0x00,0x00,0x00,0x00,0x00,
  0x00,0x00,0x00,0xE8,0xB0,0x00,0x00,0x00,0x00,0x00,0x00,0x00,0x83,0xEE,0xE7,0x51,0x00,0x00,0x00,0x00,
  0x00,0x33,0x08,0x86,0x7E,0x00,0x00,0x00,0x00,0x00,0x00,0x6C,0x8F,0x01,0x00,0x00,0x00,0x00,0x00,0x00,
  0x00,0x00,0x00,0x00,0x00,0x51,0xFF,0x31,0x00,0x00,0x00,0x00,0xBA,0xCC,0x04,0xE6,0x94,0x00,0x00,0x00,
  0x1F,0xFD,0x67,0x00,0x84,0xEF,0x08,0x00,0x00,0x81,0xF3,0x0D,0x00,0x1F,0xFD,0x5B,0x00,0x02,0xE1,0x9B,
  0x00,0x00,0x00,0xB7,0xBE,0x00,0x47,0xFF,0x36,0x00,0x00,0x00,0x50,0xFE,0x23,0xAB,0xD0,0x00,0x00,0x00,
  0x00,0x04,0xE5,0x99,0xF9,0x6A,0x00,0x00,0x00,0x00,0x00,0x83,0xFF,0xF5,0x0F,0x00,0x00,0x00,0x00,0x00,
  0x20,0xFF,0x9F,0x00,0x00,0x00,0x00,0x00,0x00,0x41,0xFF,0x38,0x00,0x00,0x00,0x00,0x00,0x13,0xC7,0xC1,
  0x00,0x00,0x00,0x00,0x00,0xBC,0xFA,0xC6,0x22,0x00,0x00,0x00,0x00,0x00,0x00,0x00,0x36,0xE9,0xCA,0x31,
  0xA8,0x64,0x00,0x00,0x00,0x00,0x00,0x9E,0x6E,0x53,0xE0,0xD4,0x12,0x00,0x00,0x00,0x00,0x00,0x00,0x00,
  0x00,0x00,0x00,0x00,0x00,0x00,0x00,0xB4,0xEA,0x14,0x00,0x00,0x00,0x00,0x36,0xFC,0x7B,0x00,0x1B,0xF0,
  0xA7,0x00,0x00,0x00,0x06,0xD4,0xCE,0x04,0x00,0x00,0x64,0xFF,0x4E,0x00,0x00,0x81,0xFB,0x30,0x00,0x00,
  0x00,0x00,0xBB,0xE6,0x10,0x2D,0xFA,0x83,0x00,0x00,0x00,0x00,0x00,0x20,0xF3,0xA1,0xCB,0xD4,0x06,0x00,
  0x00,0x00,0x00,0x00,0x00,0x6C,0xFF,0xFC,0x36,0x00,0x00,0x00,0x00,0x00,0x00,0x00,0x01,0xED,0xB6,0x00,
  0x00,0x00,0x00,0x00,0x00,0x00,0x00,0x00,0xE8,0xB0,0x00,0x00,0x00,0x00,0x00,0x00,0x00,0x00,0x00,0xE8,
  0xB0,0x00,0x00,0x00,0x00,0x00,0x00,0x00,0x00,0x00,0xE8,0xB0,0x00,0x00,0x00,0x00,0x00,0x00,0x00,0x00,
  0x00,0xE8,0xB0,0x00,0x00,0x00,0x00,0x00,0x00,0x00,0x00,0x00,0xE8,0xB0,0x00,0x00,0x00,0x00,0x00,0x00,
  0x2F,0xE5,0xCC,0x23,0x95,0x71,0x00,0x00,0x00,0x92,0x79,0x34,0xD9,0xDA,0x1B,0x00,0x00,0x00,0x00,0x00,
  0x00,0x00,0x00,0x00,0x00,0x51,0xFF,0x31,0x00,0x00,0x00,0x00,0xBA,0xCC,0x04,0xE6,0x94,0x00,0x00,0x00,
  0x1F,0xFD,0x67,0x00,0x84,0xEF,0x08,0x00,0x00,0x81,0xF3,0x0D,0x00,0x1F,0xFD,0x5B,0x00,0x02,0xE1,0x9B,
  0x00,0x00,0x00,0xB7,0xBE,0x00,0x47,0xFF,0x36,0x00,0x00,0x00,0x50,0xFE,0x23,0xAB,0xD0,0x00,0x00,0x00,
  0x00,0x04,0xE5,0x99,0xF9,0x6A,0x00,0x00,0x00,0x00,0x00,0x83,0xFF,0xF5,0x0F,0x00,0x00,0x00,0x00,0x00,
  0x20,0xFF,0x9F,0x00,0x00,0x00,0x00,0x00,0x00,0x41,0xFF,0x38,0x00,0x00,0x00,0x00,0x00,0x13,0xC7,0xC1,
  0x00,0x00,0x00,0x00,0x00,0xBC,0xFA,0xC6,0x22,0x00,0x00,0x00,0x00,
};
